aaahed	aaah
aahed	aah
aahing	aah
aahs	aah
aardvarks	aardvark
abalones	abalone
abandoned	abandon
abandoning	abandon
abandonments	abandonment
abandons	abandon
abased	abase
abases	abase
abashed	abash
abashes	abash
abashing	abash
abasing	abase
abated	abate
abatements	abatement
abates	abate
abating	abate
abattoirs	abattoir
abayas	abaya
abbes	abbe
abbesses	abbess
abbeys	abbey
abbots	abbot
abbreviated	abbreviate
abbreviates	abbreviate
abbreviating	abbreviate
abbreviations	abbreviation
abdicated	abdicate
abdicates	abdicate
abdicating	abdicate
abdomens	abdomen
abdominals	abdominal
abducted	abduct
abductees	abductee
abducting	abduct
abductions	abduction
abductors	abductor
abducts	abduct
aberrations	aberration
abets	abet
abetted	abet
abetting	abet
abhorred	abhor
abhorrences	abhorrence
abhorring	abhor
abhors	abhor
abided	abide
abides	abide
abiding	abide
abilities	ability
abjured	abjure
abjures	abjure
abjuring	abjure
ablated	ablate
ablates	ablate
ablating	ablate
ablations	ablation
ablutions	ablution
abnegated	abnegate
abnegates	abnegate
abnegating	abnegate
abnormalities	abnormality
abnormals	abnormal
abodes	abode
abolished	abolish
abolishes	abolish
abolishing	abolish
abolitionists	abolitionist
abominated	abominate
abominates	abominate
abominating	abominate
abominations	abomination
aboriginals	aboriginal
aborigines	aborigine
aborted	abort
abortifacients	abortifacient
aborting	abort
abortionists	abortionist
abortions	abortion
aborts	abort
abounded	abound
abounding	abound
abounds	abound
abraded	abrade
abrades	abrade
abrading	abrade
abrasions	abrasion
abrasives	abrasive
abridged	abridge
abridgements	abridgement
abridges	abridge
abridging	abridge
abridgments	abridgment
abrogated	abrogate
abrogates	abrogate
abrogating	abrogate
abrogations	abrogation
abscesses	abscess
absconded	abscond
absconding	abscond
absconds	abscond
absences	absence
absented	absent
absentees	absentee
absenting	absent
absents	absent
absolutes	absolute
absolutisms	absolutism
absolutists	absolutist
absolved	absolve
absolves	absolve
absolving	absolve
absorbances	absorbance
absorbed	absorb
absorbents	absorbent
absorbers	absorber
absorbing	absorb
absorbs	absorb
absorptions	absorption
abstained	abstain
abstainers	abstainer
abstaining	abstain
abstains	abstain
abstentions	abstention
abstinences	abstinence
abstracted	abstract
abstracting	abstract
abstractionists	abstractionist
abstractions	abstraction
abstracts	abstract
abstruser	abstruse
absurdities	absurdity
absurds	absurd
abundances	abundance
abused	abuse
abusers	abuser
abuses	abuse
abusing	abuse
abutments	abutment
abuts	abut
abutted	abut
abutting	abut
abysses	abyss
abyssinians	abyssinian
acacias	acacia
academes	academe
academicians	academician
academics	academic
academies	academy
acadians	acadian
acceded	accede
accedes	accede
acceding	accede
accelerants	accelerant
accelerated	accelerate
accelerates	accelerate
accelerating	accelerate
accelerations	acceleration
accelerators	accelerator
accelerometers	accelerometer
accented	accent
accenting	accent
accents	accent
accentuated	accentuate
accentuates	accentuate
accentuating	accentuate
accentuations	accentuation
acceptances	acceptance
accepted	accept
accepting	accept
acceptors	acceptor
accepts	accept
accessed	access
accesses	access
accessibilities	accessibility
accessing	access
accessioned	accession
accessioning	accession
accessions	accession
accessories	accessory
accessorized	accessorize
accidentals	accidental
accidents	accident
acclaimed	acclaim
acclaiming	acclaim
acclaims	acclaim
acclamations	acclamation
acclimated	acclimate
acclimates	acclimate
acclimating	acclimate
acclimations	acclimation
acclimatises	acclimatize
acclimatized	acclimatize
acclimatizing	acclimatize
accolades	accolade
accommodated	accommodate
accommodates	accommodate
accommodating	accommodate
accommodations	accommodation
accompanied	accompany
accompanies	accompany
accompaniments	accompaniment
accompanists	accompanist
accompanying	accompany
accomplices	accomplice
accomplished	accomplish
accomplishes	accomplish
accomplishing	accomplish
accomplishments	accomplishment
accorded	accord
according	accord
accordionists	accordionist
accordions	accordion
accords	accord
accosted	accost
accosting	accost
accosts	accost
accountabilities	accountability
accountants	accountant
accounted	account
accounting	account
accounts	account
accoutrements	accoutrement
accreditations	accreditation
accredited	accredit
accrediting	accredit
accredits	accredit
accreted	accrete
accretes	accrete
accreting	accrete
accretions	accretion
accruals	accrual
accrued	accrue
accrues	accrue
accruing	accrue
acculturated	acculturate
acculturates	acculturate
acculturating	acculturate
accumulated	accumulate
accumulates	accumulate
accumulating	accumulate
accumulations	accumulation
accumulators	accumulator
accuracies	accuracy
accusations	accusation
accused	accuse
accusers	accuser
accuses	accuse
accusing	accuse
accustomed	accustom
accustoming	accustom
accustoms	accustom
aced	ace
acerbities	acerbity
aces	ace
acetates	acetate
acetylenes	acetylene
achaemenids	achaemenid
ached	ache
aches	ach
achieved	achieve
achievements	achievement
achievers	achiever
achieves	achieve
achieving	achieve
aching	ache
acidified	acidify
acidifies	acidify
acidifying	acidify
acidities	acidity
acids	acid
acing	ace
acknowledged	acknowledge
acknowledgements	acknowledgement
acknowledges	acknowledge
acknowledging	acknowledge
acknowledgments	acknowledgment
acmes	acme
acolytes	acolyte
aconites	aconite
acorns	acorn
acoustics	acoustic
acquaintances	acquaintance
acquaintanceships	acquaintanceship
acquainted	acquaint
acquainting	acquaint
acquaints	acquaint
acquiesced	acquiesce
acquiesces	acquiesce
acquiescing	acquiesce
acquired	acquire
acquirers	acquirer
acquires	acquire
acquiring	acquire
acquisitions	acquisition
acquits	acquit
acquittals	acquittal
acquitted	acquit
acquitting	acquit
acreages	acreage
acres	acre
acrobatics	acrobatic
acrobats	acrobat
acronymed	acronym
acronyms	acronym
acrylics	acrylic
acted	act
acting	act
actings	acting
actioned	action
actioning	action
actions	action
activated	activate
activates	activate
activating	activate
activators	activator
actives	active
activists	activist
activities	activity
actors	actor
actresses	actress
acts	act
actualities	actuality
actualized	actualize
actualizes	actualize
actualizing	actualize
actuals	actual
actuaries	actuary
actuated	actuate
actuates	actuate
actuating	actuate
actuators	actuator
acuities	acuity
acupuncturists	acupuncturist
acutes	acute
acutest	acute
adages	adage
adagios	adagio
adaptations	adaptation
adapted	adapt
adapters	adapter
adapting	adapt
adaptions	adaption
adaptors	adaptor
adapts	adapt
added	add
addendums	addendum
adders	adder
addicted	addict
addicting	addict
addictions	addiction
addicts	addict
adding	add
additions	addition
additives	additive
addled	addle
addles	addle
addling	addle
addressed	address
addressees	addressee
addresses	address
addressing	address
adds	add
adduced	adduce
adduces	adduce
adducing	adduce
adductors	adductor
adenines	adenine
adenocarcinomas	adenocarcinoma
adenoids	adenoid
adenomas	adenoma
adepts	adept
adequacies	adequacy
adhered	adhere
adherents	adherent
adheres	adhere
adhering	adhere
adhesions	adhesion
adhesives	adhesive
adits	adit
adjectives	adjective
adjoined	adjoin
adjoining	adjoin
adjoins	adjoin
adjourned	adjourn
adjourning	adjourn
adjournments	adjournment
adjourns	adjourn
adjudged	adjudge
adjudges	adjudge
adjudging	adjudge
adjudicated	adjudicate
adjudicates	adjudicate
adjudicating	adjudicate
adjudications	adjudication
adjudicators	adjudicator
adjuncts	adjunct
adjustables	adjustable
adjusted	adjust
adjusters	adjuster
adjusting	adjust
adjustments	adjustment
adjustors	adjustor
adjusts	adjust
adjutants	adjutant
adlibbing	adlib
admen	adman
administered	administer
administering	administer
administers	administer
administrated	administrate
administrates	administrate
administrating	administrate
administrations	administration
administrators	administrator
admins	admin
admirals	admiral
admiralties	admiralty
admirations	admiration
admired	admire
admirers	admirer
admires	admire
admiring	admire
admissions	admission
admits	admit
admittances	admittance
admitted	admit
admitting	admit
admixtures	admixture
admonished	admonish
admonishes	admonish
admonishing	admonish
admonishments	admonishment
admonitions	admonition
adobes	adobe
adolescences	adolescence
adolescents	adolescent
adopted	adopt
adoptees	adoptee
adopters	adopter
adopting	adopt
adoptions	adoption
adopts	adopt
adorations	adoration
adored	adore
adores	adore
adoring	adore
adorned	adorn
adorning	adorn
adornments	adornment
adorns	adorn
adrenalines	adrenaline
adrenals	adrenal
ads	ad
adsorbed	adsorb
adsorbing	adsorb
adsorbs	adsorb
adulated	adulate
adulates	adulate
adulating	adulate
adulterated	adulterate
adulterates	adulterate
adulterating	adulterate
adulterers	adulterer
adulteresses	adulteress
adulteries	adultery
adults	adult
adumbrated	adumbrate
adumbrates	adumbrate
adumbrating	adumbrate
advanced	advance
advancements	advancement
advances	advance
advancing	advance
advantaged	advantage
advantages	advantage
advantaging	advantage
adventists	adventist
advents	advent
adventured	adventure
adventurers	adventurer
adventures	adventure
adventuresses	adventuress
adventuring	adventure
adverbials	adverbial
adverbs	adverb
adversaries	adversary
adversities	adversity
adverted	advert
adverting	advert
advertised	advertise
advertisements	advertisement
advertisers	advertiser
advertises	advertise
advertising	advertise
adverts	advert
advised	advise
advisees	advisee
advisers	adviser
advises	advise
advising	advise
advisors	advisor
advocated	advocate
advocates	advocate
advocating	advocate
adzed	adze
adzes	adze
adzing	adze
aeolians	aeolian
aeons	aeon
aerated	aerate
aerates	aerate
aerating	aerate
aerators	aerator
aerials	aerial
aerobatics	aerobatic
aerobics	aerobic
aerodromes	aerodrome
aerodynamics	aerodynamic
aeroplanes	aeroplane
aerosolled	aerosol
aerosols	aerosol
aesthetes	aesthete
aestheticians	aesthetician
aetiologies	aetiology
afars	afar
affaires	affaire
affairs	affair
affectations	affectation
affected	affect
affecting	affect
affections	affection
affects	affect
afferents	afferent
affidavits	affidavit
affiliated	affiliate
affiliates	affiliate
affiliating	affiliate
affiliations	affiliation
affines	affine
affinities	affinity
affirmations	affirmation
affirmatives	affirmative
affirmed	affirm
affirming	affirm
affirms	affirm
affixed	affix
affixes	affix
affixing	affix
afflicted	afflict
afflicting	afflict
afflictions	affliction
afflicts	afflict
afforded	afford
affording	afford
affords	afford
affronted	affront
affronting	affront
affronts	affront
afghanis	afghani
afghans	afghan
aficionados	aficionado
africans	african
afrikaaners	afrikaaner
afrikaners	afrikaner
afros	afro
afterbirths	afterbirth
afterburners	afterburner
afterglows	afterglow
afterimages	afterimage
aftermaths	aftermath
afternoons	afternoon
aftershaved	aftershave
aftershaves	aftershave
aftershocks	aftershock
afterthoughts	afterthought
afterwords	afterword
afts	aft
agars	agar
agates	agate
agaves	agave
aged	age
ageing	age
agencies	agency
agendas	agenda
agents	agent
ageratums	ageratum
ages	age
agglomerated	agglomerate
agglomerates	agglomerate
agglomerating	agglomerate
agglomerations	agglomeration
aggrandized	aggrandize
aggrandizements	aggrandizement
aggrandizes	aggrandize
aggrandizing	aggrandize
aggravated	aggravate
aggravates	aggravate
aggravating	aggravate
aggravations	aggravation
aggregated	aggregate
aggregates	aggregate
aggregating	aggregate
aggregations	aggregation
aggressed	aggress
aggresses	aggress
aggressing	aggress
aggressions	aggression
aggressors	aggressor
aggrieved	aggrieve
aggrieves	aggrieve
aggrieving	aggrieve
aggros	aggro
agitated	agitate
agitates	agitate
agitating	agitate
agitations	agitation
agitators	agitator
agnates	agnate
agnostics	agnostic
agonies	agony
agonists	agonist
agonized	agonize
agonizes	agonize
agonizing	agonize
agoraphobics	agoraphobic
agrarians	agrarian
agreed	agree
agreeing	agree
agreements	agreement
agrees	agree
agribusinesses	agribusiness
agriculturalists	agriculturalist
agriculturists	agriculturist
agrochemicals	agrochemical
agronomics	agronomic
agronomists	agronomist
agues	ague
ahs	ah
aided	aid
aides	aide
aiding	aid
aids	aid
ailed	ail
ailerons	aileron
ailing	ail
ailments	ailment
ails	ail
aimed	aim
aiming	aim
aims	aim
airbags	airbag
airbases	airbase
airbrushed	airbrush
airbrushes	airbrush
airbrushing	airbrush
airbursts	airburst
aircrews	aircrew
airdrops	airdrop
aired	air
airfares	airfare
airfields	airfield
airflows	airflow
airframes	airframe
airheads	airhead
airier	airy
airing	air
airings	airing
airlifted	airlift
airlifting	airlift
airlifts	airlift
airliners	airliner
airlines	airline
airlocks	airlock
airmailed	airmail
airmailing	airmail
airmails	airmail
airmen	airman
airplanes	airplane
airports	airport
airs	air
airships	airship
airspaces	airspace
airspeeds	airspeed
airstreams	airstream
airstrikes	airstrike
airstrips	airstrip
airways	airway
aisles	aisle
akkadians	akkadian
alabasters	alabaster
alarmed	alarm
alarming	alarm
alarmists	alarmist
alarms	alarm
alaskans	alaskan
albanians	albanian
albatrosses	albatross
albinos	albino
albumins	albumin
albums	album
alchemists	alchemist
alcoholics	alcoholic
alcohols	alcohol
alcoves	alcove
aldehydes	aldehyde
aldermen	alderman
alders	alder
aled	ale
alehouses	alehouse
alerted	alert
alerting	alert
alerts	alert
ales	ale
algaes	algae
algebras	algebra
algerians	algerian
algorithms	algorithm
alibied	alibi
alibiing	alibi
alibis	alibi
alienated	alienate
alienates	alienate
alienating	alienate
alienations	alienation
aliened	alien
aliening	alien
alienists	alienist
aliens	alien
alighted	alight
alighting	alight
alights	alight
aligned	align
aligning	align
alignments	alignment
aligns	align
alimonies	alimony
aliquots	aliquot
alkalines	alkaline
alkalinities	alkalinity
alkalis	alkali
alkaloids	alkaloid
alkyds	alkyd
allayed	allay
allaying	allay
allays	allay
allegations	allegation
alleged	allege
alleges	allege
allegiances	allegiance
alleging	allege
allegories	allegory
allegorized	allegorize
allegorizes	allegorize
allegorizing	allegorize
allegros	allegro
alleles	allele
alleluias	alleluia
allergens	allergen
allergies	allergy
allergists	allergist
alleviated	alleviate
alleviates	alleviate
alleviating	alleviate
alleys	alley
alleyways	alleyway
alliances	alliance
allied	ally
allies	ally
alligators	alligator
alliterated	alliterate
alliterates	alliterate
alliterating	alliterate
alliterations	alliteration
allocated	allocate
allocates	allocate
allocating	allocate
allocations	allocation
allocators	allocator
allografts	allograft
allometries	allometry
allotments	allotment
allots	allot
allotted	allot
allottees	allottee
allotting	allot
allowanced	allowance
allowances	allowance
allowancing	allowance
allowed	allow
allowing	allow
allows	allow
alloyed	alloy
alloying	alloy
alloys	alloy
alluded	allude
alludes	allude
alluding	allude
allured	allure
allurements	allurement
allures	allure
alluring	allure
allusions	allusion
allying	ally
almanacs	almanac
almonds	almond
almshouses	almshouse
aloes	aloe
alpacas	alpaca
alphabetized	alphabetize
alphabetizes	alphabetize
alphabetizing	alphabetize
alphabets	alphabet
alphanumerics	alphanumeric
alphas	alpha
alpines	alpine
alpinists	alpinist
alsatians	alsatian
altarpieces	altarpiece
altars	altar
alterations	alteration
altercations	altercation
altered	alter
altering	alter
alternated	alternate
alternates	alternate
alternating	alternate
alternations	alternation
alternatives	alternative
alternators	alternator
alters	alter
altimeters	altimeter
altitudes	altitude
altos	alto
altruists	altruist
aluminas	alumina
alums	alum
alveolars	alveolar
amalgamated	amalgamate
amalgamates	amalgamate
amalgamating	amalgamate
amalgamations	amalgamation
amalgams	amalgam
amaranths	amaranth
amassed	amass
amasses	amass
amassing	amass
amateurs	amateur
amazed	amaze
amazements	amazement
amazes	amaze
amazing	amaze
amazons	amazon
ambassadors	ambassador
ambers	amber
ambiances	ambiance
ambiences	ambience
ambiguities	ambiguity
ambitions	ambition
ambivalences	ambivalence
ambled	amble
ambles	amble
ambling	amble
ambulances	ambulance
ambulated	ambulate
ambulates	ambulate
ambulating	ambulate
ambulatories	ambulatory
ambushed	ambush
ambushes	ambush
ambushing	ambush
ameliorated	ameliorate
ameliorates	ameliorate
ameliorating	ameliorate
ameliorations	amelioration
amended	amend
amending	amend
amendments	amendment
amends	amend
amenities	amenity
amer	am
americans	american
amerindians	amerindian
amethysts	amethyst
amines	amine
aminoglycosides	aminoglycoside
aminotransferases	aminotransferase
amisses	amiss
amissing	amiss
ammonites	ammonite
ammunitions	ammunition
amnesiacs	amnesiac
amnesias	amnesia
amnestied	amnesty
amnesties	amnesty
amnestying	amnesty
amoebae	amoeba
amortized	amortize
amortizes	amortize
amortizing	amortize
amos	amo
amounted	amount
amounting	amount
amounts	amount
amours	amour
amperes	ampere
ampersands	ampersand
amphetamines	amphetamine
amphibians	amphibian
amphitheaters	amphitheater
amphoras	amphora
amping	amp
ampler	ample
amplifications	amplification
amplified	amplify
amplifiers	amplifier
amplifies	amplify
amplifying	amplify
amplitudes	amplitude
ampoules	ampoule
amps	amp
amputated	amputate
amputates	amputate
amputating	amputate
amputations	amputation
amputees	amputee
ams	am
amulets	amulet
amused	amuse
amusements	amusement
amuses	amuse
amusing	amuse
anabaptists	anabaptist
anachronisms	anachronism
anaemias	anaemia
anaemics	anaemic
anaesthetics	anaesthetic
anagramming	anagram
anagrams	anagram
analgesics	analgesic
analogies	analogy
analogized	analogize
analogizes	analogize
analogizing	analogize
analogues	analogue
anals	anal
analysands	analysand
analysed	analyse
analyses	analyse
analysing	analyse
analysts	analyst
analytes	analyte
analytics	analytic
analyzed	analyze
analyzers	analyzer
analyzes	analyze
analyzing	analyze
anarchies	anarchy
anarchists	anarchist
anathemas	anathema
anatolians	anatolian
anatomies	anatomy
anatomists	anatomist
ancestors	ancestor
ancestries	ancestry
anchorages	anchorage
anchored	anchor
anchoring	anchor
anchormen	anchorman
anchors	anchor
anchovies	anchovy
ancients	ancient
ancillaries	ancillary
andalusians	andalusian
andantes	andante
andeans	andean
andirons	andiron
androgens	androgen
androids	android
anecdotes	anecdote
anemometers	anemometer
anemones	anemone
anencephalics	anencephalic
anesthetized	anesthetize
anesthetizes	anesthetize
anesthetizing	anesthetize
aneurysms	aneurysm
angels	angel
angered	anger
angering	anger
angers	anger
angiograms	angiogram
angiographies	angiography
angioplasties	angioplasty
angiosperms	angiosperm
angled	angle
anglers	angler
angles	angle
anglicans	anglican
angling	angle
anglophiles	anglophile
anglophones	anglophone
anglos	anglo
angolans	angolan
angoras	angora
angrier	angry
angstroms	angstrom
anguished	anguish
anguishes	anguish
anguishing	anguish
angularities	angularity
angulations	angulation
animals	animal
animated	animate
animates	animate
animating	animate
animations	animation
animators	animator
animatronics	animatronic
animists	animist
animosities	animosity
anions	anion
anisotropies	anisotropy
ankles	ankle
anklets	anklet
annals	annal
annealed	anneal
annealing	anneal
anneals	anneal
annexations	annexation
annexed	annex
annexes	annex
annexing	annex
annihilated	annihilate
annihilates	annihilate
annihilating	annihilate
annihilations	annihilation
anniversaries	anniversary
annotated	annotate
annotates	annotate
annotating	annotate
annotations	annotation
announced	announce
announcements	announcement
announcers	announcer
announces	announce
announcing	announce
annoyances	annoyance
annoyed	annoy
annoying	annoy
annoys	annoy
annuals	annual
annuities	annuity
annulled	annul
annulling	annul
annuls	annul
anodes	anode
anointed	anoint
anointing	anoint
anoints	anoint
anoles	anole
anomalies	anomaly
anoraks	anorak
anorexics	anorexic
answered	answer
answering	answer
answers	answer
antacids	antacid
antagonisms	antagonism
antagonists	antagonist
antagonized	antagonize
antagonizes	antagonize
antagonizing	antagonize
anteaters	anteater
antecedents	antecedent
antechambers	antechamber
anted	ant
antedated	antedate
antedates	antedate
antedating	antedate
anteed	ante
anteing	ante
antelopes	antelope
antennas	antenna
anterooms	anteroom
antes	ante
anthems	anthem
anthers	anther
anthills	anthill
anthologies	anthology
anthologists	anthologist
anthologized	anthologize
anthologizes	anthologize
anthologizing	anthologize
anthracites	anthracite
anthropoids	anthropoid
anthropologies	anthropology
anthropologists	anthropologist
anthropometrics	anthropometric
anthropomorphisms	anthropomorphism
anthropomorphized	anthropomorphize
anthropomorphizes	anthropomorphize
anthropomorphizing	anthropomorphize
anthuriums	anthurium
antibacterials	antibacterial
antibiotics	antibiotic
antibodies	antibody
antichrists	antichrist
anticipated	anticipate
anticipates	anticipate
anticipating	anticipate
anticipations	anticipation
anticked	antic
anticking	antic
anticlimaxes	anticlimax
anticlines	anticline
anticoagulants	anticoagulant
anticonvulsants	anticonvulsant
antics	antic
antidepressants	antidepressant
antidotes	antidote
antifungals	antifungal
antigens	antigen
antiguans	antiguan
antihistamines	antihistamine
antihypertensives	antihypertensive
antimacassars	antimacassar
antimalarials	antimalarial
antimicrobials	antimicrobial
antimonies	antimony
antineutrinos	antineutrino
anting	ant
antinomians	antinomian
antinomies	antinomy
antioxidants	antioxidant
antiparticles	antiparticle
antipathies	antipathy
antiperspirants	antiperspirant
antipodes	antipode
antiprotons	antiproton
antiquarians	antiquarian
antiquaries	antiquary
antiquarks	antiquark
antiquated	antiquate
antiquates	antiquate
antiquating	antiquate
antiqued	antique
antiques	antique
antiquing	antique
antiquities	antiquity
antiseptics	antiseptic
antiserums	antiserum
antitheses	antithesis
antitoxins	antitoxin
antitypes	antitype
antivirals	antiviral
antlered	antler
antlers	antler
antonyms	antonym
ants	ant
anvils	anvil
anxieties	anxiety
anyways	anyway
aortas	aorta
apartheids	apartheid
apartments	apartment
aped	ape
apeing	ape
aperitifs	aperitif
apertures	aperture
apes	ape
aphasias	aphasia
aphasics	aphasic
aphids	aphid
aphorisms	aphorism
aphrodisiacs	aphrodisiac
apices	apex
apocalypses	apocalypse
apologetics	apologetic
apologies	apology
apologised	apologise
apologises	apologise
apologising	apologise
apologists	apologist
apologized	apologize
apologizes	apologize
apologizing	apologize
aporias	aporia
apostates	apostate
apostles	apostle
apostolates	apostolate
apostrophes	apostrophe
apothecaries	apothecary
appalled	appal
appalling	appal
appalls	appall
appals	appal
apparatchiks	apparatchik
apparats	apparat
appareled	apparel
appareling	apparel
apparelled	apparel
apparels	apparel
apparitions	apparition
appealed	appeal
appealing	appeal
appeals	appeal
appearances	appearance
appeared	appear
appearing	appear
appears	appear
appeased	appease
appeasers	appeaser
appeases	appease
appeasing	appease
appellants	appellant
appellations	appellation
appendages	appendage
appended	append
appendices	appendix
appending	append
appends	append
appetites	appetite
appetizers	appetizer
applauded	applaud
applauding	applaud
applauds	applaud
apples	apple
applets	applet
appliances	appliance
applicabilities	applicability
applicants	applicant
applications	application
applicators	applicator
applied	apply
applies	apply
appliqued	applique
appliques	applique
applying	apply
appointed	appoint
appointees	appointee
appointing	appoint
appointments	appointment
appoints	appoint
apportioned	apportion
apportioning	apportion
apportionments	apportionment
apportions	apportion
appositions	apposition
appraisals	appraisal
appraised	appraise
appraisers	appraiser
appraises	appraise
appraising	appraise
appreciated	appreciate
appreciates	appreciate
appreciating	appreciate
appreciations	appreciation
appreciators	appreciator
apprehended	apprehend
apprehending	apprehend
apprehends	apprehend
apprehensions	apprehension
apprenticed	apprentice
apprentices	apprentice
apprenticeships	apprenticeship
apprenticing	apprentice
apprised	apprise
apprises	apprise
apprising	apprise
approached	approach
approaches	approach
approaching	approach
approbations	approbation
appropriated	appropriate
appropriates	appropriate
appropriating	appropriate
appropriations	appropriation
approvals	approval
approved	approve
approves	approve
approving	approve
approximated	approximate
approximates	approximate
approximating	approximate
approximations	approximation
apps	app
appurtenances	appurtenance
appying	appy
apricots	apricot
aprons	apron
aprs	apr
apses	apse
apter	apt
aptest	apt
aptitudes	aptitude
apts	apt
aquamarines	aquamarine
aquanauts	aquanaut
aquaria	aquarium
aquatics	aquatic
aquatinted	aquatint
aquatinting	aquatint
aquatints	aquatint
aqueducts	aqueduct
aquifers	aquifer
arabesques	arabesque
arabesquing	arabesque
arabians	arabian
arabs	arab
arachnids	arachnid
arbiters	arbiter
arbitraged	arbitrage
arbitrages	arbitrage
arbitrageurs	arbitrageur
arbitraging	arbitrage
arbitrated	arbitrate
arbitrates	arbitrate
arbitrating	arbitrate
arbitrations	arbitration
arbitrators	arbitrator
arboretums	arboretum
arbors	arbor
arbs	arb
arcaded	arcade
arcades	arcade
arcadians	arcadian
arcading	arcade
arcanest	arcane
archaeologists	archaeologist
archaisms	archaism
archangels	archangel
archbishops	archbishop
archdeacons	archdeacon
archdioceses	archdiocese
arched	arch
archeologists	archeologist
arches	arch
archetypes	archetype
arching	arch
archipelagos	archipelago
architectonics	architectonic
architects	architect
architectures	architecture
architraved	architrave
architraves	architrave
archived	archive
archives	archive
archiving	archive
archivists	archivist
archways	archway
arcked	arc
arcking	arc
arcs	arc
arctics	arctic
areas	area
arenas	arena
ares	are
argentines	argentine
argentinians	argentinian
arginines	arginine
argons	argon
argued	argue
argues	argue
arguing	argue
arguments	argument
arians	arian
arias	aria
aridities	aridity
arisen	arise
arises	arise
arising	arise
aristocracies	aristocracy
aristocrats	aristocrat
aristotelians	aristotelian
arithmetics	arithmetic
arks	ark
armadas	armada
armadillos	armadillo
armaments	armament
armatures	armature
armbands	armband
armchairs	armchair
armed	arm
armenians	armenian
armfuls	armful
armholes	armhole
armies	army
arming	arm
armings	arming
armistices	armistice
armlets	armlet
armloads	armload
armored	armor
armoring	armor
armors	armor
armoured	armour
armouring	armour
armours	armour
armpits	armpit
armrests	armrest
arms	arm
aromas	aroma
aromatics	aromatic
arose	arise
arousals	arousal
aroused	arouse
arouses	arouse
arousing	arouse
arpeggios	arpeggio
arraigned	arraign
arraigning	arraign
arraignments	arraignment
arraigns	arraign
arranged	arrange
arrangements	arrangement
arrangers	arranger
arranges	arrange
arranging	arrange
arrayed	array
arraying	array
arrays	array
arrested	arrest
arrestees	arrestee
arresting	arrest
arrests	arrest
arrhythmias	arrhythmia
arrivals	arrival
arrived	arrive
arrives	arrive
arriving	arrive
arrivistes	arriviste
arrogated	arrogate
arrogates	arrogate
arrogating	arrogate
arrondissements	arrondissement
arrowed	arrow
arrowheads	arrowhead
arrowing	arrow
arrows	arrow
arsed	arse
arsenals	arsenal
arsenides	arsenide
arses	arse
arsing	arse
arsonists	arsonist
arsons	arson
artefacts	artefact
artemisias	artemisia
arterials	arterial
arteries	artery
arthritics	arthritic
arthropods	arthropod
artichokes	artichoke
articled	article
articles	article
articling	article
articulated	articulate
articulates	articulate
articulating	articulate
articulations	articulation
articulators	articulator
artiest	arty
artifacts	artifact
artificers	artificer
artifices	artifice
artificialities	artificiality
artificials	artificial
artilleries	artillery
artillerymen	artilleryman
artisans	artisan
artistes	artiste
artistries	artistry
artists	artist
arts	art
artworks	artwork
aryans	aryan
ascendants	ascendant
ascended	ascend
ascenders	ascender
ascending	ascend
ascends	ascend
ascensions	ascension
ascents	ascent
ascertained	ascertain
ascertaining	ascertain
ascertains	ascertain
ascetics	ascetic
asciis	ascii
ascribed	ascribe
ascribes	ascribe
ascribing	ascribe
ascriptions	ascription
ascriptives	ascriptive
ashes	ash
ashrams	ashram
ashtrays	ashtray
asians	asian
asiatics	asiatic
asides	aside
asked	ask
asking	ask
askings	asking
asks	ask
aspects	aspect
aspens	aspen
asperities	asperity
aspersions	aspersion
asphalted	asphalt
asphalting	asphalt
asphalts	asphalt
asphyxiated	asphyxiate
asphyxiates	asphyxiate
asphyxiating	asphyxiate
aspirants	aspirant
aspirated	aspirate
aspirates	aspirate
aspirating	aspirate
aspirations	aspiration
aspired	aspire
aspires	aspire
aspiring	aspire
aspirins	aspirin
assailants	assailant
assailed	assail
assailing	assail
assails	assail
assassinated	assassinate
assassinates	assassinate
assassinating	assassinate
assassinations	assassination
assassins	assassin
assaulted	assault
assaulting	assault
assaults	assault
assayed	assay
assayers	assayer
assaying	assay
assays	assay
assed	ass
assemblages	assemblage
assembled	assemble
assemblers	assembler
assembles	assemble
assemblies	assembly
assembling	assemble
assemblymen	assemblyman
assented	assent
assenting	assent
assents	assent
asserted	assert
asserting	assert
assertions	assertion
asserts	assert
asses	ass
assessed	assess
assesses	assess
assessing	assess
assessments	assessment
assessors	assessor
assets	asset
assholes	asshole
assignations	assignation
assigned	assign
assigning	assign
assignments	assignment
assigns	assign
assimilated	assimilate
assimilates	assimilate
assimilating	assimilate
assimilations	assimilation
assistants	assistant
assistantships	assistantship
assisted	assist
assisting	assist
assists	assist
assizes	assize
associated	associate
associates	associate
associating	associate
associations	association
associatives	associative
assonances	assonance
assortments	assortment
assuaged	assuage
assuages	assuage
assuaging	assuage
assumed	assume
assumes	assume
assuming	assume
assumptions	assumption
assurances	assurance
assured	assure
assures	assure
assuring	assure
assyrians	assyrian
asterisked	asterisk
asterisking	asterisk
asterisks	asterisk
asteroids	asteroid
asters	aster
asthmatics	asthmatic
astilbes	astilbe
astonished	astonish
astonishes	astonish
astonishing	astonish
astonishments	astonishment
astounded	astound
astounding	astound
astounds	astound
astringents	astringent
astrocytes	astrocyte
astrolabes	astrolabe
astrologers	astrologer
astrologies	astrology
astronauts	astronaut
astronomers	astronomer
astrophysicists	astrophysicist
asylums	asylum
asymmetries	asymmetry
ate	eat
ateliers	atelier
atheists	atheist
athenians	athenian
athletes	athlete
atmospheres	atmosphere
atmospherics	atmospheric
atms	atm
atolls	atoll
atomics	atomic
atomized	atomize
atomizes	atomize
atomizing	atomize
atoms	atom
atoned	atone
atones	atone
atoning	atone
atresias	atresia
atriumed	atrium
atrocities	atrocity
atrophied	atrophy
atrophies	atrophy
atrophying	atrophy
attached	attach
attaches	attach
attaching	attach
attachments	attachment
attacked	attack
attackers	attacker
attacking	attack
attacks	attack
attainders	attainder
attained	attain
attaining	attain
attainments	attainment
attains	attain
attars	attar
attempted	attempt
attempting	attempt
attempts	attempt
attendances	attendance
attendants	attendant
attended	attend
attendees	attendee
attenders	attender
attending	attend
attends	attend
attentions	attention
attenuated	attenuate
attenuates	attenuate
attenuating	attenuate
attenuations	attenuation
attenuators	attenuator
attestations	attestation
attested	attest
attesting	attest
attests	attest
attics	attic
attired	attire
attires	attire
attiring	attire
attitudes	attitude
attorneys	attorney
attractants	attractant
attracted	attract
attracting	attract
attractions	attraction
attractors	attractor
attracts	attract
attributed	attribute
attributes	attribute
attributing	attribute
attributions	attribution
attuned	attune
attunements	attunement
attunes	attune
attuning	attune
aubergines	aubergine
auctioned	auction
auctioneered	auctioneer
auctioneering	auctioneer
auctioneers	auctioneer
auctioning	auction
auctions	auction
audiences	audience
audiobooks	audiobook
audiophiles	audiophile
audios	audio
audiotaped	audiotape
audiotapes	audiotape
audited	audit
auditing	audit
auditioned	audition
auditioning	audition
auditions	audition
auditoriums	auditorium
auditors	auditor
audits	audit
augering	auger
augers	auger
augmentations	augmentation
augmented	augment
augmenting	augment
augments	augment
augured	augur
auguries	augury
auguring	augur
augurs	augur
augustans	augustan
augustinians	augustinian
aunties	aunty
aunts	aunt
auras	aura
aureoles	aureole
auroras	aurora
aussies	aussie
austerities	austerity
australians	australian
australopithecines	australopithecine
australs	austral
austrians	austrian
auteurs	auteur
authenticated	authenticate
authenticates	authenticate
authenticating	authenticate
authentics	authentic
authored	author
authoring	author
authoritarians	authoritarian
authorities	authority
authorizations	authorization
authorized	authorize
authorizes	authorize
authorizing	authorize
authors	author
authorships	authorship
autistics	autistic
autoantibodies	autoantibody
autobahns	autobahn
autobiographers	autobiographer
autobiographies	autobiography
autoclaved	autoclave
autoclaves	autoclave
autoclaving	autoclave
autocracies	autocracy
autocrats	autocrat
autodidacts	autodidact
autogenics	autogenic
autographed	autograph
autographing	autograph
autographs	autograph
automakers	automaker
automated	automate
automates	automate
automatics	automatic
automating	automate
automations	automation
automatons	automaton
automobiles	automobile
autonomies	autonomy
autopilots	autopilot
autopsied	autopsy
autopsies	autopsy
autos	auto
auxiliaries	auxiliary
availabilities	availability
availed	avail
availing	avail
avails	avail
avalanched	avalanche
avalanches	avalanche
avalanching	avalanche
avant-gardes	avant-garde
avatars	avatar
avenged	avenge
avengers	avenger
avenges	avenge
avenging	avenge
avenues	avenue
averaged	average
averages	average
averaging	average
averred	aver
averring	aver
avers	aver
aversions	aversion
averted	avert
averting	avert
averts	avert
aviaries	aviary
aviators	aviator
avocados	avocado
avocations	avocation
avoidances	avoidance
avoided	avoid
avoiders	avoider
avoiding	avoid
avoids	avoid
avouched	avouch
avouches	avouch
avouching	avouch
avowals	avowal
avowed	avow
avowing	avow
avows	avow
awaited	await
awaiting	await
awaits	await
awakened	awaken
awakening	awaken
awakenings	awakening
awakens	awaken
awakes	awake
awaking	awake
awarded	award
awarding	award
awards	award
awarenesses	awareness
awed	awe
awes	awe
awhiles	awhile
awing	awe
awkwardnesses	awkwardness
awnings	awning
awoke	awake
awoken	awake
aws	aw
axed	ax
axeing	axe
axels	axel
axes	ax
axillaries	axillary
axing	ax
axioms	axiom
axled	axle
axles	axle
axons	axon
ayatollahs	ayatollah
ayer	ay
ayes	aye
ays	ay
azaleas	azalea
azerbaijanis	azerbaijani
azimuths	azimuth
aztecs	aztec
baathists	baathist
babas	baba
babbitted	babbitt
babbitting	babbitt
babbitts	babbitt
babbled	babble
babblers	babbler
babbles	babble
babbling	babble
babblings	babbling
babes	babe
babied	baby
babies	baby
baboons	baboon
babushkas	babushka
baby-sitters	baby-sitter
babyhoods	babyhood
babying	baby
babylonians	babylonian
baccalaureates	baccalaureate
bacchanalians	bacchanalian
bacchanals	bacchanal
bachelors	bachelor
backbeats	backbeat
backbones	backbone
backburnered	backburner
backdated	backdate
backdates	backdate
backdating	backdate
backdropped	backdrop
backdrops	backdrop
backed	back
backers	backer
backfired	backfire
backfires	backfire
backfiring	backfire
backflipped	backflip
backflips	backflip
backgrounds	background
backhanded	backhand
backhander	backhand
backhanding	backhand
backhands	backhand
backing	back
backings	backing
backlands	backland
backlashes	backlash
backlighted	backlight
backlighting	backlight
backlogged	backlog
backlogging	backlog
backlogs	backlog
backpackers	backpacker
backpacking	backpack
backpacks	backpack
backrests	backrest
backrooms	backroom
backs	back
backsides	backside
backslidden	backslide
backslides	backslide
backsliding	backslide
backslidings	backsliding
backstreets	backstreet
backstroked	backstroke
backstrokes	backstroke
backstroking	backstroke
backtracked	backtrack
backtracking	backtrack
backtracks	backtrack
backups	backup
backwashed	backwash
backwashing	backwash
backwaters	backwater
backyards	backyard
bacons	bacon
bacteria	bacterium
bacteriologists	bacteriologist
bacteriophages	bacteriophage
bade	bid
badged	badge
badgered	badger
badgering	badger
badgers	badger
badges	badge
badging	badge
baffled	baffle
baffles	baffle
baffling	baffle
bagels	bagel
baggages	baggage
bagged	bag
baggers	bagger
baggier	baggy
baggies	baggy
bagging	bag
baggings	bagging
bagmen	bagman
bagpipes	bagpipe
bags	bag
baguettes	baguette
bahamians	bahamian
bailed	bail
bailiffs	bailiff
bailing	bail
bailiwicks	bailiwick
bails	bail
bairns	bairn
baited	bait
baiters	baiter
baiting	bait
baits	bait
baked	bake
bakeries	bakery
bakers	baker
bakes	bake
baking	bake
bakings	baking
balaclavas	balaclava
balanced	balance
balancers	balancer
balances	balance
balancing	balance
balancings	balancing
balconied	balcony
balconies	balcony
balded	bald
balder	bald
baldest	bald
baldies	baldy
balding	bald
baled	bale
bales	bale
baling	bale
balked	balk
balking	balk
balks	balk
balladeering	balladeer
balladeers	balladeer
ballads	ballad
ballasted	ballast
ballasting	ballast
ballasts	ballast
balled	ball
ballerinas	ballerina
ballets	ballet
balling	ball
ballistas	ballista
ballistics	ballistic
ballooned	balloon
ballooning	balloon
balloonists	balloonist
balloons	balloon
balloted	ballot
balloting	ballot
ballots	ballot
ballpoints	ballpoint
ballrooms	ballroom
balls	ball
ballyhooed	ballyhoo
ballyhooing	ballyhoo
ballyhoos	ballyhoo
balmed	balm
balmier	balmy
balmiest	balmy
balms	balm
balsams	balsam
balsas	balsa
balusters	baluster
balustraded	balustrade
balustrades	balustrade
balustrading	balustrade
bamboos	bamboo
bamboozled	bamboozle
bamboozles	bamboozle
bamboozling	bamboozle
banalities	banality
bananas	banana
bandaged	bandage
bandages	bandage
bandaging	bandage
bandanas	bandana
bandannas	bandanna
bandas	banda
bandboxes	bandbox
banded	band
bandied	bandy
bandies	bandy
banding	band
bandings	banding
bandits	bandit
bandleaders	bandleader
bandoliers	bandolier
bands	band
bandstands	bandstand
bandwagonning	bandwagon
bandwagons	bandwagon
bandwidths	bandwidth
bandying	bandy
banes	bane
banged	bang
bangers	banger
banging	bang
bangles	bangle
bangs	bang
banished	banish
banishes	banish
banishing	banish
banisters	banister
banjos	banjo
banked	bank
bankers	banker
banking	bank
bankings	banking
banknotes	banknote
bankrolled	bankroll
bankrolling	bankroll
bankrolls	bankroll
bankruptcies	bankruptcy
bankrupted	bankrupt
bankrupting	bankrupt
bankrupts	bankrupt
banks	bank
banned	ban
bannered	banner
banners	banner
banning	ban
bannings	banning
bannisters	bannister
bannocks	bannock
banqueted	banquet
banquets	banquet
banquettes	banquette
banquetting	banquet
bans	ban
banshees	banshee
bantams	bantam
bantered	banter
bantering	banter
banterings	bantering
banters	banter
banyans	banyan
baobabs	baobab
baps	bap
baptisms	baptism
baptisteries	baptistery
baptists	baptist
baptized	baptize
baptizes	baptize
baptizing	baptize
barbadians	barbadian
barbarians	barbarian
barbarisms	barbarism
barbarities	barbarity
barbecued	barbecue
barbecues	barbecue
barbecuing	barbecue
barbells	barbell
barbeques	barbeque
barbered	barber
barbering	barber
barbers	barber
barbiturates	barbiturate
barbs	barb
barded	bard
barding	bard
bards	bard
bared	bare
barer	bare
bares	bare
barest	bare
barfed	barf
barfing	barf
barfs	barf
bargained	bargain
bargainers	bargainer
bargaining	bargain
bargains	bargain
barged	barge
barges	barge
barging	barge
baring	bare
baritones	baritone
barked	bark
barkers	barker
barking	bark
barkings	barking
barks	bark
barleys	barley
barmaiding	barmaid
barmaids	barmaid
barmen	barman
barnacled	barnacle
barnacles	barnacle
barns	barn
barnstormed	barnstorm
barnstorming	barnstorm
barnstorms	barnstorm
barometers	barometer
baronets	baronet
baronies	barony
barons	baron
barques	barque
barracudas	barracuda
barraged	barrage
barrages	barrage
barraging	barrage
barred	bar
barrelled	barrel
barrelling	barrel
barrels	barrel
barrens	barren
barres	barre
barricaded	barricade
barricades	barricade
barricading	barricade
barriers	barrier
barring	bar
barristers	barrister
barrowed	barrow
barrowing	barrow
barrows	barrow
bars	bar
bartenders	bartender
bartered	barter
bartering	barter
barters	barter
baryons	baryon
basalts	basalt
baseboards	baseboard
based	base
baselines	baseline
baselining	baseline
basements	basement
baseplates	baseplate
baser	base
bases	base
bashed	bash
bashes	bash
bashing	bash
bashings	bashing
basics	basic
basilicas	basilica
basilisks	basilisk
basils	basil
basing	base
basins	basin
basked	bask
basketballs	basketball
baskets	basket
basking	bask
basks	bask
basques	basque
basses	bass
basseted	basset
basseting	basset
bassets	basset
bassinets	bassinet
bassists	bassist
bassoonists	bassoonist
bassoons	bassoon
bastardized	bastardize
bastardizes	bastardize
bastardizing	bastardize
bastards	bastard
basted	baste
basters	baster
bastes	baste
basting	baste
bastions	bastion
batched	batch
batches	batch
batching	batch
bathed	bath
bathers	bather
bathes	bathe
bathhouses	bathhouse
bathing	bathe
bathrobes	bathrobe
bathrooms	bathroom
baths	bath
bathtubs	bathtub
batiks	batik
batoned	baton
batoning	baton
batons	baton
bats	bat
batsmen	batsman
battalions	battalion
batted	bat
battened	batten
battening	batten
battens	batten
battered	batter
batterers	batterer
batteries	battery
battering	batter
batters	batter
battier	batty
batting	bat
battled	battle
battlefields	battlefield
battlegrounds	battleground
battlemented	battlement
battlements	battlement
battlers	battler
battles	battle
battleships	battleship
battling	battle
batts	batt
battting	batt
baubled	bauble
baubles	bauble
bavarians	bavarian
bawdiest	bawdy
bawds	bawd
bawled	bawl
bawling	bawl
bawls	bawl
bayed	bay
baying	bay
bayings	baying
bayoneting	bayonet
bayonets	bayonet
bayonetted	bayonet
bays	bay
bazaars	bazaar
bazookas	bazooka
beachcombers	beachcomber
beached	beach
beaches	beach
beachheads	beachhead
beaching	beach
beaconed	beacon
beaconing	beacon
beacons	beacon
beaded	bead
beading	bead
beadles	beadle
beads	bead
beagles	beagle
beagling	beagle
beaked	beak
beakers	beaker
beaking	beak
beaks	beak
beamed	beam
beamers	beamer
beamier	beamy
beaming	beam
beams	beam
beanbags	beanbag
beanpoles	beanpole
beans	bean
beanstalks	beanstalk
bearded	beard
bearding	beard
beards	beard
bearers	bearer
bearing	bear
bearings	bearing
bears	bear
bearskins	bearskin
beasts	beast
beaten	beat
beaters	beater
beatifications	beatification
beatified	beatify
beatifies	beatify
beatifying	beatify
beating	beat
beatings	beating
beatitudes	beatitude
beatniks	beatnik
beats	beat
beaus	beau
beauticians	beautician
beauties	beauty
beautified	beautify
beautifies	beautify
beautifying	beautify
beauts	beaut
beavered	beaver
beavering	beaver
beavers	beaver
became	become
beckoned	beckon
beckoning	beckon
beckons	beckon
becks	beck
becomes	become
becoming	become
bedazzled	bedazzle
bedazzles	bedazzle
bedazzling	bedazzle
bedbugs	bedbug
bedchambers	bedchamber
bedcovers	bedcover
bedded	bed
bedding	bed
bedecked	bedeck
bedecking	bedeck
bedecks	bedeck
bedevilled	bedevil
bedevilling	bedevil
bedevils	bedevil
bedfellows	bedfellow
bedizened	bedizen
bedizening	bedizen
bedizens	bedizen
bedpans	bedpan
bedposts	bedpost
bedrails	bedrail
bedrocked	bedrock
bedrocks	bedrock
bedrolls	bedroll
bedrooms	bedroom
beds	bed
bedsheets	bedsheet
bedsides	bedside
bedsits	bedsit
bedsitting	bedsit
bedsores	bedsore
bedspreads	bedspread
bedsprings	bedspring
bedsteads	bedstead
bedtimes	bedtime
beeches	beech
beechwoods	beechwood
beefeaters	beefeater
beefed	beef
beefier	beefy
beefing	beef
beefs	beef
beefsteaks	beefsteak
beehives	beehive
beekeepers	beekeeper
been	be
beeped	beep
beeping	beep
beeps	beep
beerier	beery
beers	beer
bees	bee
beeswaxed	beeswax
beeswaxes	beeswax
beeswaxing	beeswax
beeting	beet
beetled	beetle
beetles	beetle
beetling	beetle
beetroots	beetroot
beets	beet
befallen	befall
befalling	befall
befalls	befall
befell	befall
befits	befit
befitted	befit
befitting	befit
befouled	befoul
befouling	befoul
befouls	befoul
befriended	befriend
befriending	befriend
befriends	befriend
befuddled	befuddle
befuddles	befuddle
befuddling	befuddle
began	begin
begets	beget
begetters	begetter
begetting	beget
beggared	beggar
beggaring	beggar
beggars	beggar
begged	beg
begging	beg
beginners	beginner
beginning	begin
beginnings	beginning
begins	begin
begonias	begonia
begot	beget
begotten	beget
begrudged	begrudge
begrudges	begrudge
begrudging	begrudge
begs	beg
beguiled	beguile
beguiles	beguile
beguiling	beguile
begun	begin
behaved	behave
behaves	behave
behaving	behave
behaviors	behavior
behaviours	behaviour
beheaded	behead
beheading	behead
beheadings	beheading
beheads	behead
beheld	behold
behemoths	behemoth
behests	behest
beholders	beholder
beholding	behold
beholds	behold
behooved	behoove
behooves	behoove
behooving	behoove
beiges	beige
being	be
beings	being
belabored	belabor
belaboring	belabor
belabors	belabor
belayed	belay
belaying	belay
belays	belay
belched	belch
belches	belch
belching	belch
beleaguered	beleaguer
beleaguering	beleaguer
beleaguers	beleaguer
belfries	belfry
belgians	belgian
belied	belie
beliefs	belief
belies	belie
believed	believe
believers	believer
believes	believe
believing	believe
belittled	belittle
belittles	belittle
belittling	belittle
belled	bell
belles	belle
bellflowers	bellflower
bellhops	bellhop
bellied	belly
bellies	belly
belligerents	belligerent
belling	bell
bellowed	bellow
bellowing	bellow
bellowings	bellowing
bellows	bellow
bells	bell
belly-ached	bellyache
belly-aching	bellyache
bellyached	bellyache
bellyaches'	bellyache
bellyfuls	bellyful
bellying	belly
belonged	belong
belonging	belong
belongs	belong
beloveds	beloved
bels	bel
belted	belt
belters	belter
belting	belt
belts	belt
belugas	beluga
belying	belie
bemoaned	bemoan
bemoaning	bemoan
bemoans	bemoan
bemused	bemuse
bemuses	bemuse
bemusing	bemuse
benched	bench
benches	bench
benching	bench
benchmarked	benchmark
benchmarking	benchmark
benchmarks	benchmark
benders	bender
bending	bend
bends	bend
benedictines	benedictine
benedictions	benediction
benefactions	benefaction
benefactors	benefactor
beneficed	benefice
benefices	benefice
beneficiaries	beneficiary
beneficing	benefice
benefited	benefit
benefiting	benefit
benefits	benefit
benevolences	benevolence
benisons	benison
bent	bend
bentos	bento
bents	bent
benumbed	benumb
benumbing	benumb
benumbs	benumb
benzodiazepines	benzodiazepine
bequeathed	bequeath
bequeathing	bequeath
bequeaths	bequeath
bequested	bequest
bequests	bequest
berated	berate
berates	berate
berating	berate
berbers	berber
bereaved	bereave
bereavements	bereavement
bereaves	bereave
bereaving	bereave
berets	beret
bergs	berg
berms	berm
bermudians	bermudian
berried	berry
berries	berry
berrying	berry
berserkers	berserker
berthed	berth
berthing	berth
berths	berth
beseeched	beseech
beseeches	beseech
beseeching	beseech
besets	beset
besetting	beset
besieged	besiege
besiegers	besieger
besieges	besiege
besieging	besiege
besmirched	besmirch
besmirches	besmirch
besmirching	besmirch
bespeaking	bespeak
bespeaks	bespeak
bespoke	bespeak
bespoken	bespeak
best	good
bested	best
bestiaries	bestiary
besting	best
bestirred	bestir
bestirring	bestir
bestirs	bestir
bestowed	bestow
bestowing	bestow
bestows	bestow
bestrides	bestride
bestriding	bestride
bestrode	bestride
bests	best
betas	beta
betels	betel
betided	betide
betides	betide
betiding	betide
betokened	betoken
betokening	betoken
betokens	betoken
betrayals	betrayal
betrayed	betray
betrayers	betrayer
betraying	betray
betrays	betray
betrothals	betrothal
betrothed	betroth
betrothing	betroth
betroths	betroth
bets	bet
better	good
bettered	better
bettering	better
betters	better
betting	bet
bettings	betting
bevelled	bevel
bevelling	bevel
bevels	bevel
beverages	beverage
bevies	bevy
bewailed	bewail
bewailing	bewail
bewails	bewail
bewared	beware
bewares	beware
bewaring	beware
bewildered	bewilder
bewildering	bewilder
bewilderments	bewilderment
bewilders	bewilder
bewitched	bewitch
bewitches	bewitch
bewitching	bewitch
bewitchments	bewitchment
beys	bey
bezels	bezel
biased	bias
biases	bias
biassing	bias
biathlons	biathlon
bibbed	bib
bibbing	bib
bibelots	bibelot
bibles	bible
bibliographers	bibliographer
bibliographies	bibliography
bibliophiles	bibliophile
bibs	bib
bicarbonates	bicarbonate
bickered	bicker
bickering	bicker
bickerings	bickering
bickers	bicker
bicycled	bicycle
bicycles	bicycle
bicycling	bicycle
bicyclists	bicyclist
bidders	bidder
biddies	biddy
bidding	bid
bided	bide
bides	bide
bidets	bidet
biding	bide
bids	bid
biennials	biennial
biffed	biff
biffing	biff
biffs	biff
bifocals	bifocal
bifurcated	bifurcate
bifurcates	bifurcate
bifurcating	bifurcate
bifurcations	bifurcation
bigger	big
biggest	big
bighted	bight
bighting	bight
bights	bight
bigotries	bigotry
bigots	bigot
bigwigs	bigwig
biked	bike
bikers	biker
bikes	bike
biking	bike
bikinis	bikini
bilaterals	bilateral
bilayers	bilayer
bilberries	bilberry
bilberrying	bilberry
bildungsromans	bildungsroman
biles	bile
bilged	bilge
bilges	bilge
bilging	bilge
bilinguals	bilingual
bilked	bilk
bilking	bilk
bilks	bilk
billabongs	billabong
billboards	billboard
billed	bill
billeting	billet
billets	billet
billetted	billet
billing	bill
billings	billing
billionaires	billionaire
billionths	billionth
billowed	billow
billowing	billow
billowings	billowing
billows	billow
bills	bill
bimbos	bimbo
binaries	binary
binders	binder
binding	bind
bindings	binding
binds	bind
binged	binge
bingeing	binge
binges	binge
binned	bin
binning	bin
binomials	binomial
bins	bin
bioassayed	bioassay
bioassaying	bioassay
bioassays	bioassay
biochemicals	biochemical
biochemistries	biochemistry
biochemists	biochemist
biocides	biocide
biodegraded	biodegrade
biodegrades	biodegrade
biodegrading	biodegrade
biofuels	biofuel
biographers	biographer
biographies	biography
biologicals	biological
biologics	biologic
biologists	biologist
biomarkers	biomarker
biomes	biome
biometrics	biometric
biomolecules	biomolecule
biopics	biopic
biopolymers	biopolymer
biopsied	biopsy
biopsies	biopsy
bioreactors	bioreactor
biorhythms	biorhythm
bios	bio
biosciences	bioscience
biosensors	biosensor
biotechnologies	biotechnology
biotypes	biotype
bipedals	bipedal
bipeds	biped
biphenyls	biphenyl
biplanes	biplane
bipolars	bipolar
birched	birch
birches	birch
birching	birch
birdbaths	birdbath
birdcages	birdcage
birded	bird
birders	birder
birdied	birdie
birdies	birdie
birding	bird
birds	bird
birdsongs	birdsong
birdying	birdie
birthdates	birthdate
birthdays	birthday
birthed	birth
birthing	birth
birthmarks	birthmark
birthplaces	birthplace
birthrates	birthrate
birthrights	birthright
births	birth
biscuits	biscuit
bisected	bisect
bisecting	bisect
bisects	bisect
bisexuals	bisexual
bishoprics	bishopric
bishops	bishop
bisons	bison
bisphosphonates	bisphosphonate
bisques	bisque
bistros	bistro
bit	bite
bitched	bitch
bitches	bitch
bitchiest	bitchy
bitching	bitch
bitchings	bitching
biters	biter
bites	bite
biting	bite
bitings	biting
bitmapped	bitmap
bitmaps	bitmap
bits	bit
bittered	bitter
bittering	bitter
bitternesses	bitterness
bitterns	bittern
bitters	bitter
bittier	bitty
bitties	bitty
bitumens	bitumen
bivalved	bivalve
bivalves	bivalve
bivouacked	bivouac
bivouacking	bivouac
bivouacs	bivouac
blabbed	blab
blabbing	blab
blabs	blab
blackballed	blackball
blackballing	blackball
blackballs	blackball
blackberries	blackberry
blackberrying	blackberry
blackbirds	blackbird
blackboards	blackboard
blacked	black
blackened	blacken
blackening	blacken
blackens	blacken
blacker	black
blackest	black
blackflies	blackfly
blackguarded	blackguard
blackguarding	blackguard
blackguards	blackguard
blackheads	blackhead
blacking	black
blackjacked	blackjack
blackjacking	blackjack
blackjacks	blackjack
blacklisted	blacklist
blacklisting	blacklist
blacklists	blacklist
blackmailed	blackmail
blackmailers	blackmailer
blackmailing	blackmail
blackmails	blackmail
blackouts	blackout
blacks	black
blacksmiths	blacksmith
bladdered	bladder
bladders	bladder
bladed	blade
blades	blade
blamed	blame
blames	blame
blaming	blame
blanched	blanch
blanches	blanch
blanching	blanch
blander	bland
blandest	bland
blanding	bland
blanked	blank
blanker	blank
blanketed	blanket
blanketing	blanket
blankets	blanket
blanking	blank
blanks	blank
blared	blare
blares	blare
blaring	blare
blarings	blaring
blarneyed	blarney
blarneying	blarney
blarneys	blarney
blasphemed	blaspheme
blasphemers	blasphemer
blasphemes	blaspheme
blasphemies	blasphemy
blaspheming	blaspheme
blasted	blast
blasters	blaster
blasting	blast
blastings	blasting
blastocysts	blastocyst
blastomeres	blastomere
blasts	blast
blathered	blather
blathering	blather
blathers	blather
blats	blat
blatted	blat
blatting	blat
blazed	blaze
blazered	blazer
blazers	blazer
blazes	blaze
blazing	blaze
blazoned	blazon
blazoning	blazon
blazons	blazon
bleached	bleach
bleaches	bleach
bleaching	bleach
bleaker	bleak
bleakest	bleak
bleated	bleat
bleating	bleat
bleatings	bleating
bleats	bleat
bled	bleed
bleeders	bleeder
bleeding	bleed
bleedings	bleeding
bleeds	bleed
bleeped	bleep
bleepers	bleeper
bleeping	bleep
bleeps	bleep
blemished	blemish
blemishes	blemish
blemishing	blemish
blended	blend
blenders	blender
blending	blend
blends	blend
blessed	bless
blesses	bless
blessing	bless
blessings	blessing
blew	blow
blighted	blight
blighters	blighter
blighting	blight
blights	blight
blimps	blimp
blinded	blind
blinder	blind
blindfolded	blindfold
blindfolding	blindfold
blindfolds	blindfold
blinding	blind
blindings	blinding
blindnesses	blindness
blinds	blind
blinked	blink
blinkered	blinker
blinkering	blinker
blinking	blink
blinks	blink
blipped	blip
blips	blip
blissed	bliss
blisses	bliss
blissing	bliss
blistered	blister
blistering	blister
blisters	blister
blitherings	blithering
blitzed	blitz
blitzes	blitz
blitzing	blitz
blitzkriegs	blitzkrieg
blizzarded	blizzard
blizzarding	blizzard
blizzards	blizzard
bloated	bloat
bloating	bloat
bloats	bloat
blobbed	blob
blobbing	blob
blobs	blob
blockaded	blockade
blockades	blockade
blockading	blockade
blockages	blockage
blockbusters	blockbuster
blocked	block
blockers	blocker
blockheads	blockhead
blockhouses	blockhouse
blockier	blocky
blocking	block
blocks	block
blocs	bloc
blogged	blog
blogging	blog
blogs	blog
blokes	bloke
blonded	blond
blonder	blond
blondes	blonde
blonds	blond
blooded	blood
bloodhounds	bloodhound
bloodied	bloody
bloodies	bloody
bloodiest	bloody
blooding	blood
bloodlines	bloodline
bloodlusting	bloodlust
bloods	blood
bloodstains	bloodstain
bloodstreams	bloodstream
bloodsuckers	bloodsucker
bloodying	bloody
bloomed	bloom
bloomers	bloomer
blooming	bloom
blooms	bloom
bloops	bloop
blossomed	blossom
blossoming	blossom
blossoms	blossom
blotched	blotch
blotches	blotch
blotching	blotch
blots	blot
blotted	blot
blotters	blotter
blotting	blot
bloused	blouse
blouses	blouse
blousing	blouse
blowers	blower
blowholes	blowhole
blowing	blow
blowjobs	blowjob
blown	blow
blowouts	blowout
blowpipes	blowpipe
blows	blow
blubbed	blub
blubbered	blubber
blubbering	blubber
blubbers	blubber
blubbing	blub
blubs	blub
bludgeoned	bludgeon
bludgeoning	bludgeon
bludgeons	bludgeon
bluebells	bluebell
blueberries	blueberry
bluebirds	bluebird
bluebottles	bluebottle
bluecoats	bluecoat
blued	blue
blueprinted	blueprint
blueprinting	blueprint
blueprints	blueprint
blues	blue
bluesmen	bluesman
bluestockings	bluestocking
bluestones	bluestone
bluffed	bluff
bluffer	bluff
bluffing	bluff
bluffs	bluff
bluing	blue
blunderbusses	blunderbuss
blundered	blunder
blundering	blunder
blunderings	blundering
blunders	blunder
blunted	blunt
blunter	blunt
bluntest	blunt
blunting	blunt
blunts	blunt
blurbed	blurb
blurbing	blurb
blurbs	blurb
blurred	blur
blurriest	blurry
blurring	blur
blurrings	blurring
blurs	blur
blurted	blurt
blurting	blurt
blurts	blurt
blushed	blush
blushers	blusher
blushes	blush
blushing	blush
blustered	bluster
blustering	bluster
blusters	bluster
boarded	board
boarders	boarder
boarding	board
boardings	boarding
boardrooms	boardroom
boards	board
boardwalks	boardwalk
boars	boar
boas	boa
boasted	boast
boasting	boast
boasts	boast
boated	boat
boatered	boater
boaters	boater
boathouses	boathouse
boating	boat
boatloads	boatload
boatmen	boatman
boats	boat
boatswains	boatswain
boatyards	boatyard
bobbed	bob
bobbing	bob
bobbings	bobbing
bobbins	bobbin
bobbled	bobble
bobbles	bobble
bobbling	bobble
bobcats	bobcat
bobs	bob
bobsleds	bobsled
boded	bode
bodegas	bodega
bodes	bode
bodiced	bodice
bodices	bodice
bodied	body
bodies	body
boding	bode
bods	bod
bodybuilders	bodybuilder
bodyguarding	bodyguard
bodyguards	bodyguard
bodying	body
bogeyed	bogey
bogeying	bogey
bogeymen	bogeyman
bogeys	bogey
bogged	bog
bogging	bog
boggled	boggle
boggles	boggle
boggling	boggle
bogies	bogy
bogs	bog
bogying	bogy
bohemians	bohemian
boiled	boil
boileds	boiled
boilered	boiler
boilermakers	boilermaker
boilerplating	boilerplate
boilers	boiler
boiling	boil
boils	boil
bolas	bola
bolder	bold
boldest	bold
boldfaced	boldface
boleros	bolero
boles	bole
bolides	bolide
bolivians	bolivian
bollards	bollard
bollocked	bollock
bollocking	bollock
bollocks	bollock
bolls	boll
bollworms	bollworm
bolsheviks	bolshevik
bolstered	bolster
bolstering	bolster
bolsters	bolster
bolted	bolt
bolting	bolt
bolts	bolt
bombarded	bombard
bombarding	bombard
bombardments	bombardment
bombards	bombard
bombed	bomb
bombers	bomber
bombing	bomb
bombings	bombing
bomblets	bomblet
bombs	bomb
bombshells	bombshell
bonanzas	bonanza
bonbons	bonbon
bonded	bond
bondholders	bondholder
bonding	bond
bonds	bond
bondsmen	bondsman
boned	bone
bonefishing	bonefish
bones	bone
bonfires	bonfire
bonged	bong
bonging	bong
bongos	bongo
bongs	bong
boning	bone
bonked	bonk
bonking	bonk
bonks	bonk
bonnets	bonnet
bonnier	bonny
bonniest	bonny
bonsais	bonsai
bonuses	bonus
boobed	boob
boobies	booby
boobing	boob
boobs	boob
booed	boo
boogied	boogie
boogieing	boogie
boogies	boogie
booing	boo
bookbinders	bookbinder
bookbindings	bookbinding
bookcases	bookcase
booked	book
bookending	bookend
bookends	bookend
bookering	booker
bookers	booker
booking	book
bookings	booking
bookkeepers	bookkeeper
booklets	booklet
booklists	booklist
bookmakers	bookmaker
bookmarks	bookmark
bookmen	bookman
books	book
booksellers	bookseller
bookshops	bookshop
bookstalls	bookstall
bookstores	bookstore
bookworms	bookworm
boomed	boom
boomeranged	boomerang
boomeranging	boomerang
boomerangs	boomerang
boomers	boomer
booming	boom
booms	boom
boondoggled	boondoggle
boondoggles	boondoggle
boondoggling	boondoggle
boons	boon
booring	boor
boors	boor
boos	boo
boosted	boost
boosters	booster
boosting	boost
boosts	boost
booted	boot
booths	booth
booties	booty
booting	boot
bootlaces	bootlace
bootlegged	bootleg
bootleggers	bootlegger
bootlegging	bootleg
bootlegs	bootleg
boots	boot
bootstraps	bootstrap
boozed	booze
boozers	boozer
boozes	booze
boozier	boozy
boozing	booze
bopped	bop
boppers	bopper
bopping	bop
bops	bop
bordellos	bordello
bordered	border
bordering	border
borderlands	borderland
borderlines	borderline
borders	border
bore	bear
bored	bore
boreholes	borehole
boreholing	borehole
borers	borer
bores	bore
boring	bore
borings	boring
born	bear
borning	born
boroughs	borough
borrowed	borrow
borrowers	borrower
borrowing	borrow
borrowings	borrowing
borrows	borrow
bosnians	bosnian
bosomed	bosom
bosoming	bosom
bosoms	bosom
bosons	boson
bossed	boss
bosses	boss
bossiest	bossy
bossing	boss
bosuns	bosun
botanicals	botanical
botanists	botanist
botched	botch
botches	botch
botching	botch
bothered	bother
bothering	bother
bothers	bother
bots	bot
botting	bot
bottled	bottle
bottlenecked	bottleneck
bottlenecking	bottleneck
bottlenecks	bottleneck
bottlers	bottler
bottles	bottle
bottling	bottle
bottomed	bottom
bottoming	bottom
bottoms	bottom
boudins	boudin
boudoirs	boudoir
bouffants	bouffant
boughing	bough
boughs	bough
bought	buy
bouillons	bouillon
bouldering	boulder
boulders	boulder
boules	boule
boulevards	boulevard
bounced	bounce
bouncers	bouncer
bounces	bounce
bouncier	bouncy
bouncing	bounce
bouncings	bouncing
bound	bind
boundaries	boundary
bounded	bound
bounders	bounder
bounding	bound
bounds	bound
bounties	bounty
bouquets	bouquet
bourbons	bourbon
bourgeoised	bourgeoise
bourgeoises	bourgeoise
bourses	bourse
boutiques	boutique
bouts	bout
bovines	bovine
bowdlerized	bowdlerize
bowdlerizes	bowdlerize
bowdlerizing	bowdlerize
bowed	bow
bowels	bowel
bowerbirds	bowerbird
bowered	bower
bowering	bower
bowers	bower
bowing	bow
bowings	bowing
bowled	bowl
bowlers	bowler
bowlfuls	bowlful
bowlines	bowline
bowling	bowl
bowls	bowl
bowmen	bowman
bows	bow
bowsprits	bowsprit
bowstrings	bowstring
boxcars	boxcar
boxed	box
boxers	boxer
boxes	box
boxfuls	boxful
boxier	boxy
boxing	box
boyars	boyar
boycotted	boycott
boycotting	boycott
boycotts	boycott
boyfriends	boyfriend
boyoing	boyo
boyos	boyo
boys	boy
bozos	bozo
braced	brace
bracelets	bracelet
braceros	bracero
braces	brace
brachiopods	brachiopod
bracing	brace
bracings	bracing
brackened	bracken
brackens	bracken
bracketed	bracket
bracketing	bracket
brackets	bracket
bracts	bract
bradycardias	bradycardia
braggarts	braggart
bragged	brag
bragging	brag
brags	brag
braided	braid
braiding	braid
braids	braid
braincases	braincase
brainchilds	brainchild
brained	brain
brainiest	brainy
braining	brain
brains	brain
brainstormed	brainstorm
brainstorming	brainstorm
brainstorms	brainstorm
brainwashed	brainwash
brainwashes	brainwash
brainwashing	brainwash
brainwaves	brainwave
braised	braise
braises	braise
braising	braise
braked	brake
brakemen	brakeman
brakes	brake
braking	brake
brambles	bramble
brambling	bramble
branched	branch
branches	branch
branching	branch
branchings	branching
branded	brand
brandies	brandy
branding	brand
brandings	branding
brandished	brandish
brandishes	brandish
brandishing	brandish
brands	brand
brans	bran
bras	bra
brashed	brash
brasher	brash
brashest	brash
brassed	brass
brasses	brass
brassicas	brassica
brassieres	brassiere
brats	brat
bratwursts	bratwurst
bravados	bravado
braved	brave
braver	brave
braves	brave
bravest	brave
braving	brave
bravos	bravo
brawled	brawl
brawlers	brawler
brawling	brawl
brawls	brawl
brawnier	brawny
brawniest	brawny
brayed	bray
braying	bray
brayings	braying
brays	bray
brazed	braze
brazened	brazen
brazening	brazen
brazens	brazen
brazes	braze
braziers	brazier
brazilians	brazilian
brazing	braze
breached	breach
breaches	breach
breaching	breach
breadboarding	breadboard
breadcrumbed	breadcrumb
breadcrumbs	breadcrumb
breaded	bread
breading	bread
breadlines	breadline
breads	bread
breadsticks	breadstick
breadwinners	breadwinner
breakages	breakage
breakaways	breakaway
breakdowns	breakdown
breakers	breaker
breakfasted	breakfast
breakfasting	breakfast
breakfasts	breakfast
breaking	break
breaknecking	breakneck
breakouts	breakout
breakpoints	breakpoint
breaks	break
breakthroughs	breakthrough
breakups	breakup
breakwaters	breakwater
breamed	bream
breaming	bream
breams	bream
breasted	breast
breastfed	breastfeed
breastfeeding	breastfeed
breastfeeds	breastfeed
breasting	breast
breastplates	breastplate
breasts	breast
breathed	breathe
breathers	breather
breathes	breathe
breathing	breathe
breathings	breathing
breaths	breath
breccias	breccia
bred	breed
breeched	breech
breeches	breech
breeching	breech
breeders	breeder
breeding	breed
breeds	breed
breezed	breeze
breezes	breeze
breeziest	breezy
breezing	breeze
brevets	brevet
brevetted	brevet
brevetting	brevet
brewed	brew
breweries	brewery
brewers	brewer
brewing	brew
brews	brew
briars	briar
bribed	bribe
bribes	bribe
bribing	bribe
brickbats	brickbat
bricked	brick
bricking	brick
bricklayers	bricklayer
bricks	brick
brickworking	brickwork
brickworks	brickwork
brickyards	brickyard
bricoleurs	bricoleur
bridegrooms	bridegroom
brides	bride
bridesmaids	bridesmaid
bridged	bridge
bridgeheads	bridgehead
bridges	bridge
bridgeworks	bridgework
bridging	bridge
bridled	bridle
bridles	bridle
bridling	bridle
briefcases	briefcase
briefed	brief
briefer	brief
briefest	brief
briefing	brief
briefings	briefing
briefs	brief
briers	brier
brigaded	brigade
brigades	brigade
brigadiers	brigadier
brigading	brigade
brigands	brigand
brigantines	brigantine
brigged	brig
brightened	brighten
brightening	brighten
brightenings	brightening
brightens	brighten
brighter	bright
brightest	bright
brightnesses	brightness
brigs	brig
brilliances	brilliance
brilliants	brilliant
brimmed	brim
brimming	brim
brims	brim
brindled	brindle
brindles	brindle
brined	brine
brines	brine
bringers	bringer
bringing	bring
brings	bring
brining	brine
brinks	brink
briquettes	briquette
brisker	brisk
briskest	brisk
brisking	brisk
bristled	bristle
bristles	bristle
bristling	bristle
britons	briton
brittling	brittle
broached	broach
broaches	broach
broaching	broach
broadcasters	broadcaster
broadcasting	broadcast
broadcasts	broadcast
broadcloths	broadcloth
broadened	broaden
broadening	broaden
broadens	broaden
broader	broad
broadest	broad
broads	broad
broadsheets	broadsheet
broadsides	broadside
broadsiding	broadside
broadswords	broadsword
broadways	broadway
brocaded	brocade
brocades	brocade
brocading	brocade
brochures	brochure
brogues	brogue
broiled	broil
broilers	broiler
broiling	broil
broils	broil
broke	break
broken	break
brokerages	brokerage
brokered	broker
brokering	broker
brokers	broker
bromeliads	bromeliad
bromides	bromide
bronchodilators	bronchodilator
bronchoscopes	bronchoscope
broncos	bronco
brontosaurs	brontosaur
bronzed	bronze
bronzers	bronzer
bronzes	bronze
bronzier	bronzy
bronzing	bronze
brooches	brooch
brooded	brood
brooding	brood
broodings	brooding
broodmares	broodmare
broods	brood
brooked	brook
brooking	brook
brooks	brook
brooms	broom
broomsticks	broomstick
bros	bro
brothels	brothel
brotherhoods	brotherhood
brothers	brother
broths	broth
broughams	brougham
brought	bring
browbeaten	browbeat
browbeating	browbeat
browbeats	browbeat
browned	brown
browner	brown
browning	brown
brownings	browning
browns	brown
brownshirts	brownshirt
brownstones	brownstone
brows	brow
browsed	browse
browsers	browser
browses	browse
browsing	browse
bruised	bruise
bruisers	bruiser
bruises	bruise
bruising	bruise
bruisings	bruising
bruited	bruit
bruiting	bruit
bruits	bruit
brunches	brunch
brunettes	brunette
brushed	brush
brushes	brush
brushing	brush
brushings	brushing
brushstrokes	brushstroke
brushworks	brushwork
brutalities	brutality
brutalized	brutalize
brutalizes	brutalize
brutalizing	brutalize
brutals	brutal
brutes	brute
bryozoans	bryozoan
bubbled	bubble
bubbles	bubble
bubbliest	bubbly
bubbling	bubble
bubblings	bubbling
buccaneers	buccaneer
buckaroos	buckaroo
bucked	buck
bucketed	bucket
bucketfuls	bucketful
bucketing	bucket
buckets	bucket
buckeyes	buckeye
bucking	buck
buckled	buckle
buckles	buckle
buckling	buckle
buckos	bucko
bucks	buck
buckskins	buckskin
buckwheats	buckwheat
buckyballs	buckyball
bucolics	bucolic
budded	bud
buddhas	buddha
buddhists	buddhist
buddies	buddy
budding	bud
buddleias	buddleia
budged	budge
budges	budge
budgeted	budget
budgeting	budget
budgets	budget
budging	budge
buds	bud
buffaloed	buffalo
buffaloing	buffalo
buffalos	buffalo
buffed	buff
buffered	buffer
buffering	buffer
buffers	buffer
buffeted	buffet
buffeting	buffet
buffetings	buffeting
buffets	buffet
buffetted	buffet
buffing	buff
buffoons	buffoon
buffs	buff
bugaboos	bugaboo
bugbears	bugbear
bugged	bug
buggered	bugger
buggering	bugger
buggers	bugger
buggies	buggy
bugging	bug
bugled	bugle
buglers	bugler
bugles	bugle
bugling	bugle
bugs	bug
builders	builder
building	build
buildings	building
builds	build
built	build
bulbs	bulb
bulbuls	bulbul
bulgarians	bulgarian
bulged	bulge
bulges	bulge
bulging	bulge
bulimics	bulimic
bulked	bulk
bulkheads	bulkhead
bulkier	bulky
bulkiest	bulky
bulking	bulk
bulks	bulk
bulldogs	bulldog
bulldozed	bulldoze
bulldozered	bulldozer
bulldozers	bulldozer
bulldozes	bulldoze
bulldozing	bulldoze
bulldozings	bulldozing
bulled	bull
bulletined	bulletin
bulletining	bulletin
bulletins	bulletin
bulletproofed	bulletproof
bulletproofing	bulletproof
bulletproofs	bulletproof
bullets	bullet
bullfighters	bullfighter
bullfighting	bullfight
bullfights	bullfight
bullfinches	bullfinch
bullfrogs	bullfrog
bullheaded	bullhead
bullheads	bullhead
bullhorns	bullhorn
bullied	bully
bullies	bully
bulling	bull
bullocked	bullock
bullocking	bullock
bullocks	bullock
bullrings	bullring
bulls	bull
bullshits	bullshit
bullshitted	bullshit
bullshitting	bullshit
bullying	bully
bulrushes	bulrush
bulwarked	bulwark
bulwarking	bulwark
bulwarks	bulwark
bumblebees	bumblebee
bumbled	bumble
bumblers	bumbler
bumbles	bumble
bumbling	bumble
bummed	bum
bummers	bummer
bumming	bum
bumped	bump
bumpers	bumper
bumpier	bumpy
bumpiest	bumpy
bumping	bump
bumpings	bumping
bumpkins	bumpkin
bumps	bump
bums	bum
bunched	bunch
bunches	bunch
bunching	bunch
buncoed	bunco
buncoing	bunco
buncos	bunco
bundled	bundle
bundles	bundle
bundling	bundle
bunds	bund
bungalows	bungalow
bunged	bung
bungees	bungee
bunging	bung
bungled	bungle
bunglers	bungler
bungles	bungle
bungling	bungle
bungs	bung
bunions	bunion
bunked	bunk
bunkered	bunker
bunkering	bunker
bunkers	bunker
bunkhouses	bunkhouse
bunking	bunk
bunks	bunk
bunned	bun
bunnied	bunny
bunnies	bunny
bunning	bun
buns	bun
bunted	bunt
bunting	bunt
buntings	bunting
bunts	bunt
buoyed	buoy
buoying	buoy
buoys	buoy
burbled	burble
burbles	burble
burbling	burble
burblings	burbling
burdened	burden
burdening	burden
burdens	burden
burdocks	burdock
bureaucracies	bureaucracy
bureaucrats	bureaucrat
bureaux	bureau
burgeoned	burgeon
burgeoning	burgeon
burgeons	burgeon
burgers	burger
burghers	burgher
burglaries	burglary
burglarized	burglarize
burglarizes	burglarize
burglarizing	burglarize
burglars	burglar
burgled	burgle
burgles	burgle
burgling	burgle
burgundians	burgundian
burgundies	burgundy
burials	burial
buried	bury
buries	bury
burkas	burka
burlaps	burlap
burled	burl
burlesqued	burlesque
burlesques	burlesque
burlesquing	burlesque
burlier	burly
burlies	burly
burliest	burly
burling	burl
burls	burl
burned	burn
burners	burner
burnets	burnet
burning	burn
burnings	burning
burnished	burnish
burnisher	burnish
burnishes	burnish
burnishing	burnish
burns	burn
burnt	burn
burped	burp
burping	burp
burps	burp
burred	burr
burritos	burrito
burrowed	burrow
burrowing	burrow
burrowings	burrowing
burrows	burrow
burrs	burr
bursars	bursar
bursting	burst
bursts	burst
burundians	burundian
burying	bury
busboys	busboy
buses	bus
bushed	bush
bushelled	bushel
bushelling	bushel
bushels	bushel
bushes	bush
bushier	bushy
bushies	bushy
bushing	bush
bushmen	bushman
bushwhacked	bushwhack
bushwhacking	bushwhack
bushwhacks	bushwhack
busied	busy
busier	busy
busies	busy
busiest	busy
businesses	business
businessmen	businessman
businesspersons	businessperson
businesswomen	businesswoman
busked	busk
buskers	busker
busking	busk
busloads	busload
busmen	busman
bussed	bus
busses	bus
bussing	bus
bustards	bustard
busted	bust
buster	bust
busters	buster
bustier	busty
busting	bust
bustled	bustle
bustles	bustle
bustling	bustle
busts	bust
busybodies	busybody
busying	busy
butanes	butane
butchered	butcher
butcheries	butchery
butchering	butcher
butchers	butcher
butches	butch
butching	butch
butlers	butler
butted	butt
buttercups	buttercup
buttered	butter
butterfats	butterfat
butterflied	butterfly
butterflies	butterfly
butterflying	butterfly
buttering	butter
butters	butter
buttes	butte
butting	butt
buttoned	button
buttonholed	buttonhole
buttonholes	buttonhole
buttonholing	buttonhole
buttoning	button
buttons	button
buttressed	buttress
buttresses	buttress
buttressing	buttress
butts	butt
buyers	buyer
buying	buy
buyouts	buyout
buys	buy
buzzards	buzzard
buzzed	buzz
buzzers	buzzer
buzzes	buzz
buzzing	buzz
buzzings	buzzing
buzzwords	buzzword
by-products	by-product
byelorussians	byelorussian
byes	bye
bygones	bygone
bylaws	bylaw
bylines	byline
bypassed	bypass
bypasses	bypass
bypassing	bypass
byproducts	byproduct
bystanders	bystander
byways	byway
bywords	byword
byzantines	byzantine
caballed	cabal
caballeros	caballero
caballing	cabal
cabals	cabal
cabanas	cabana
cabarets	cabaret
cabbaged	cabbage
cabbages	cabbage
cabbaging	cabbage
cabbed	cab
cabbies	cabby
cabbing	cab
cabdrivers	cabdriver
cabers	caber
cabined	cabin
cabinetmakers	cabinetmaker
cabinets	cabinet
cabining	cabin
cabins	cabin
cabled	cable
cables	cable
cabling	cable
cabochons	cabochon
cabriolets	cabriolet
cabs	cab
cached	cache
cacheing	cache
caches	cache
caciques	cacique
cackled	cackle
cackles	cackle
cackling	cackle
cacklings	cackling
cacti	cactus
cadavers	cadaver
caddied	caddie
caddies	caddie
caddying	caddie
cadences	cadence
cadenzas	cadenza
cadets	cadet
cadged	cadge
cadges	cadge
cadging	cadge
cadres	cadre
cads	cad
caesareans	caesarean
cafes	cafe
cafeterias	cafeteria
caftans	caftan
caged	cage
cages	cage
caging	cage
cahiers	cahier
cairns	cairn
caissons	caisson
cajoled	cajole
cajoles	cajole
cajoling	cajole
cajolings	cajoling
cajuns	cajun
caked	cake
cakes	cake
cakewalked	cakewalk
cakewalking	cakewalk
cakewalks	cakewalk
caking	cake
calabashes	calabash
calamities	calamity
calcifications	calcification
calcified	calcify
calcifies	calcify
calcifying	calcify
calcites	calcite
calculated	calculate
calculates	calculate
calculating	calculate
calculations	calculation
calculators	calculator
calderas	caldera
calendared	calendar
calendaring	calendar
calendars	calendar
calendered	calender
calendering	calender
calenders	calender
calendulas	calendula
calibrated	calibrate
calibrates	calibrate
calibrating	calibrate
calibrations	calibration
calibres	calibre
calicos	calico
californians	californian
calipered	caliper
calipering	caliper
calipers	caliper
caliphates	caliphate
caliphs	caliph
callas	calla
called	call
callers	caller
calligraphers	calligrapher
calligraphies	calligraphy
calling	call
callings	calling
calliopes	calliope
calloused	callous
callouses	callous
callousing	callous
calls	call
callused	callus
calluses	callus
callusing	callus
calmed	calm
calmer	calm
calming	calm
calms	calm
calorimeters	calorimeter
calumniated	calumniate
calumniates	calumniate
calumniating	calumniate
calumnies	calumny
calved	calve
calves	calf
calving	calve
calvings	calving
calvinists	calvinist
calypsos	calypso
calyxes	calyx
cambered	camber
cambering	camber
cambers	camber
cambodians	cambodian
camcorders	camcorder
came	come
camellias	camellia
camels	camel
cameos	cameo
cameramen	cameraman
cameras	camera
camisoles	camisole
cammed	cam
camos	camo
camouflaged	camouflage
camouflages	camouflage
camouflaging	camouflage
campaigned	campaign
campaigners	campaigner
campaigning	campaign
campaigns	campaign
campaniles	campanile
campanulas	campanula
camped	camp
camper	camp
campers	camper
campesinos	campesino
campfires	campfire
camping	camp
campions	campion
campos	campo
camps	camp
campsites	campsite
cams	cam
camshafts	camshaft
canaanites	canaanite
canadians	canadian
canalled	canal
canalling	canal
canals	canal
canapes	canape
canards	canard
canaries	canary
cancellations	cancellation
cancelled	cancel
cancelling	cancel
cancels	cancel
cancers	cancer
candelabras	candelabra
candidacies	candidacy
candidates	candidate
candids	candid
candied	candy
candies	candy
candled	candle
candleholders	candleholder
candlelights	candlelight
candles	candle
candlesticks	candlestick
candling	candle
candying	candy
caned	cane
canes	cane
canids	canid
canines	canine
caning	cane
canings	caning
canisters	canister
cankered	canker
cankering	canker
cankers	canker
cannas	canna
canneries	cannery
cannibalized	cannibalize
cannibalizes	cannibalize
cannibalizing	cannibalize
cannibals	cannibal
cannier	canny
canniest	canny
cannisters	cannister
cannonaded	cannonade
cannonades	cannonade
cannonading	cannonade
cannonballs	cannonball
cannoned	cannon
cannoning	cannon
cannons	cannon
cannulae	cannula
cannulations	cannulation
canoed	canoe
canoeing	canoe
canoeists	canoeist
canoes	canoe
canonists	canonist
canonizations	canonization
canonized	canonize
canonizes	canonize
canonizing	canonize
canons	canon
canoodled	canoodle
canoodles	canoodle
canoodling	canoodle
canopied	canopy
canopies	canopy
canopying	canopy
cans	can
cantatas	cantata
canted	cant
canteens	canteen
canter	cant
cantered	canter
cantering	canter
canters	canter
canticles	canticle
cantilevered	cantilever
cantilevering	cantilever
cantilevers	cantilever
cantinas	cantina
canting	cant
cantoned	canton
cantoning	canton
cantonments	cantonment
cantons	canton
cantors	cantor
cantos	canto
cants	cant
canvases	canvas
canvassed	canvas
canvassers	canvasser
canvasses	canvass
canvassing	canvas
canyons	canyon
capabilities	capability
capacitances	capacitance
capacities	capacity
capacitors	capacitor
capered	caper
capering	caper
capers	caper
capes	cape
capillaries	capillary
caping	cape
capitalisms	capitalism
capitalists	capitalist
capitalizations	capitalization
capitalized	capitalize
capitalizes	capitalize
capitalizing	capitalize
capitals	capital
capitols	capitol
capitulated	capitulate
capitulates	capitulate
capitulating	capitulate
capitulations	capitulation
capons	capon
capped	cap
cappers	capper
capping	cap
cappings	capping
cappuccinos	cappuccino
capriccios	capriccio
caprices	caprice
caps	cap
capsicums	capsicum
capsized	capsize
capsizes	capsize
capsizing	capsize
capstans	capstan
capstones	capstone
capsuled	capsule
capsules	capsule
capsuling	capsule
captaincies	captaincy
captained	captain
captaining	captain
captains	captain
captioned	caption
captioning	caption
captions	caption
captivated	captivate
captivates	captivate
captivating	captivate
captives	captive
captivities	captivity
captors	captor
captured	capture
captures	capture
capturing	capture
capuchins	capuchin
capybaras	capybara
carabineros	carabinero
caramelized	caramelize
caramelizes	caramelize
caramelizing	caramelize
caramels	caramel
carapaces	carapace
carats	carat
caravanned	caravan
caravanning	caravan
caravans	caravan
caraways	caraway
carbides	carbide
carbines	carbine
carbohydrates	carbohydrate
carbonated	carbonate
carbonates	carbonate
carbonating	carbonate
carbons	carbon
carbuncled	carbuncle
carbuncles	carbuncle
carcases	carcase
carcasing	carcase
carcassed	carcass
carcasses	carcass
carcinogenics	carcinogenic
carcinogens	carcinogen
carcinoids	carcinoid
carcinomas	carcinoma
cardamoms	cardamom
cardboards	cardboard
carded	card
cardholders	cardholder
cardiacs	cardiac
cardigans	cardigan
cardinals	cardinal
carding	card
cardiologists	cardiologist
cards	card
cared	care
careened	careen
careening	careen
careens	careen
careered	career
careering	career
careerists	careerist
careers	career
caregivers	caregiver
carers	carer
cares	care
caressed	caress
caresses	caress
caressing	caress
caretakers	caretaker
cargoes	cargo
caricatured	caricature
caricatures	caricature
caricaturing	caricature
caricaturists	caricaturist
carillons	carillon
caring	care
carjacked	carjack
carjackers	carjacker
carjacking	carjack
carjackings	carjacking
carloads	carload
carmakers	carmaker
carmelites	carmelite
carnations	carnation
carnelians	carnelian
carnivals	carnival
carnivores	carnivore
carobs	carob
carolingians	carolingian
carolled	carol
carolling	carol
carols	carol
caromed	carom
caroming	carom
caroms	carom
carotenes	carotene
carotenoids	carotenoid
carotids	carotid
caroused	carouse
carousels	carousel
carouses	carouse
carousing	carouse
carpathians	carpathian
carped	carp
carpels	carpel
carpentered	carpenter
carpentering	carpenter
carpenters	carpenter
carpetbaggers	carpetbagger
carpetbagging	carpetbag
carpeted	carpet
carpeting	carpet
carpetings	carpeting
carpets	carpet
carping	carp
carps	carp
carrels	carrel
carriages	carriage
carriageways	carriageway
carried	carry
carriers	carrier
carries	carry
carrions	carrion
carrots	carrot
carrying	carry
carryings	carrying
cars	car
carted	cart
cartels	cartel
carters	carter
cartesians	cartesian
carthaginians	carthaginian
carthusians	carthusian
cartilages	cartilage
carting	cart
cartloads	cartload
cartographers	cartographer
cartons	carton
cartooned	cartoon
cartooning	cartoon
cartoonists	cartoonist
cartoons	cartoon
cartridges	cartridge
carts	cart
cartwheeled	cartwheel
cartwheeling	cartwheel
cartwheels	cartwheel
carved	carve
carvers	carver
carves	carve
carving	carve
carvings	carving
caryatids	caryatid
casanovas	casanova
cascaded	cascade
cascades	cascade
cascading	cascade
casebooks	casebook
cased	case
caseloads	caseload
casements	casement
cases	case
caseworkers	caseworker
caseworking	casework
cashboxes	cashbox
cashed	cash
cashes	cash
cashews	cashew
cashiered	cashier
cashiering	cashier
cashiers	cashier
cashing	cash
cashmeres	cashmere
casing	case
casings	casing
casinos	casino
caskets	casket
casks	cask
casseroled	casserole
casseroles	casserole
casseroling	casserole
cassettes	cassette
cassocked	cassock
cassocks	cassock
cassoulets	cassoulet
castanets	castanet
castanetting	castanet
castaways	castaway
casters	caster
castes	caste
castigated	castigate
castigates	castigate
castigating	castigate
castigations	castigation
castilians	castilian
casting	cast
castings	casting
castled	castle
castles	castle
castling	castle
castors	castor
castrated	castrate
castrates	castrate
castrating	castrate
castrations	castration
castratos	castrato
casts	cast
casuals	casual
casualties	casualty
cataclysms	cataclysm
catacombs	catacomb
catafalques	catafalque
catalans	catalan
cataloged	catalog
cataloging	catalog
catalogs	catalog
catalogued	catalogue
catalogues	catalogue
cataloguing	catalogue
catalpas	catalpa
catalysts	catalyst
catalyzed	catalyze
catalyzes	catalyze
catalyzing	catalyze
catamarans	catamaran
catapulted	catapult
catapulting	catapult
catapults	catapult
cataracts	cataract
catarrhed	catarrh
catarrhs	catarrh
catastrophes	catastrophe
catcalled	catcall
catcalling	catcall
catcalls	catcall
catchers	catcher
catches	catch
catchier	catchy
catchiest	catchy
catching	catch
catchments	catchment
catchphrases	catchphrase
catchwords	catchword
catechisms	catechism
catechists	catechist
catechized	catechize
catechizes	catechize
catechizing	catechize
catecholamines	catecholamine
catechumens	catechumen
categories	category
categorizations	categorization
categorized	categorize
categorizes	categorize
categorizing	categorize
catenaries	catenary
catered	cater
caterers	caterer
catering	cater
caterpillars	caterpillar
caters	cater
caterwauled	caterwaul
caterwauling	caterwaul
caterwauls	caterwaul
catfishes	catfish
cathedrals	cathedral
catheters	catheter
cathodes	cathode
catholics	catholic
cations	cation
catkins	catkin
catnapped	catnap
catnapping	catnap
catnaps	catnap
cats	cat
catsuits	catsuit
catted	cat
catting	cat
cattlemen	cattleman
catwalks	catwalk
caucasians	caucasian
caucused	caucus
caucuses	caucus
caucusing	caucus
caudillos	caudillo
caught	catch
caughts	caught
cauldrons	cauldron
cauliflowers	cauliflower
caulked	caulk
caulking	caulk
caulks	caulk
causalities	causality
causations	causation
causatives	causative
caused	cause
causes	cause
causewayed	causeway
causeways	causeway
causing	cause
caustics	caustic
cauterized	cauterize
cauterizes	cauterize
cauterizing	cauterize
cautioned	caution
cautioning	caution
cautions	caution
cavalcades	cavalcade
cavaliers	cavalier
cavalries	cavalry
cavalrymen	cavalryman
caveats	caveat
caved	cave
cavemen	caveman
caverned	cavern
caverning	cavern
caverns	cavern
cavers	caver
caves	cave
cavilled	cavil
cavilling	cavil
cavils	cavil
caving	cave
cavities	cavity
cavorted	cavort
cavorting	cavort
cavorts	cavort
cawed	caw
cawing	caw
cawings	cawing
caws	caw
caymans	cayman
cays	cay
cd-roms	cd-rom
cds	cd
ceased	cease
ceases	cease
ceasing	cease
cedars	cedar
ceded	cede
cedes	cede
ceding	cede
ceilidhing	ceilidh
ceilidhs	ceilidh
ceilings	ceiling
celadons	celadon
celebrants	celebrant
celebrated	celebrate
celebrates	celebrate
celebrating	celebrate
celebrations	celebration
celebrities	celebrity
celebs	celeb
celibates	celibate
cellars	cellar
cellists	cellist
cellmates	cellmate
cellos	cello
cellphones	cellphone
cells	cell
celluloses	cellulose
cels	cel
celts	celt
cemented	cement
cementing	cement
cements	cement
cemeteries	cemetery
cenotaphs	cenotaph
censers	censer
censored	censor
censoring	censor
censors	censor
censured	censure
censures	censure
censuring	censure
censuses	census
centaurs	centaur
centenarians	centenarian
centenaries	centenary
centered	center
centering	center
centers	center
centimeters	centimeter
centimetres	centimetre
centralists	centralist
centralities	centrality
centralized	centralize
centralizes	centralize
centralizing	centralize
centred	centre
centres	centre
centrifuged	centrifuge
centrifuges	centrifuge
centrifuging	centrifuge
centring	centre
centrists	centrist
centroids	centroid
cents	cent
centuries	century
centurions	centurion
ceos	ceo
cephalopods	cephalopod
cephalosporins	cephalosporin
ceramics	ceramic
cereals	cereal
cerebellums	cerebellum
ceremonials	ceremonial
ceremonies	ceremony
certainties	certainty
certificated	certificate
certificates	certificate
certificating	certificate
certifications	certification
certified	certify
certifieds	certified
certifies	certify
certifying	certify
certitudes	certitude
certs	cert
cervixes	cervix
cessations	cessation
cesspools	cesspool
cetaceans	cetacean
cfcs	cfc
chadians	chadian
chadors	chador
chads	chad
chaebols	chaebol
chafed	chafe
chafes	chafe
chaffed	chaff
chaffing	chaff
chaffs	chaff
chafing	chafe
chagrined	chagrin
chagrining	chagrin
chagrins	chagrin
chained	chain
chaining	chain
chains	chain
chainsawed	chainsaw
chainsaws	chainsaw
chaired	chair
chairing	chair
chairlifts	chairlift
chairmanned	chairman
chairmanning	chairman
chairmans	chairman
chairmanships	chairmanship
chairmen	chairman
chairpersons	chairperson
chairs	chair
chairwomen	chairwoman
chaises	chaise
chakras	chakra
chalcedonies	chalcedony
chaldeans	chaldean
chalets	chalet
chalices	chalice
chalkboards	chalkboard
chalked	chalk
chalkier	chalky
chalking	chalk
chalks	chalk
challenged	challenge
challengers	challenger
challenges	challenge
challenging	challenge
chambered	chamber
chambering	chamber
chamberlains	chamberlain
chambermaiding	chambermaid
chambermaids	chambermaid
chambers	chamber
chameleons	chameleon
chamfered	chamfer
chamfering	chamfer
chamfers	chamfer
chamomiles	chamomile
champagnes	champagne
champed	champ
champing	champ
championed	champion
championing	champion
champions	champion
championships	championship
champs	champ
chanced	chance
chancelleries	chancellery
chancellors	chancellor
chancels	chancel
chanceries	chancery
chances	chance
chancier	chancy
chanciest	chancy
chancing	chance
chandeliers	chandelier
changed	change
changelings	changeling
changeovers	changeover
changers	changer
changes	change
changing	change
channelled	channel
channelling	channel
channels	channel
chansons	chanson
chanted	chant
chanterelles	chanterelle
chanters	chanter
chanteuses	chanteuse
chanting	chant
chants	chant
chapbooks	chapbook
chapels	chapel
chaperoned	chaperon
chaperones	chaperone
chaperoning	chaperon
chaperons	chaperon
chaplaincies	chaplaincy
chaplains	chaplain
chapped	chap
chapping	chap
chaps	chap
chapters	chapter
charactered	character
charactering	character
characteristics	characteristic
characterizations	characterization
characterized	characterize
characterizes	characterize
characterizing	characterize
characters	character
charcoaled	charcoal
charcoaling	charcoal
charcoals	charcoal
chardonnays	chardonnay
charged	charge
chargers	charger
charges	charge
charging	charge
chargings	charging
charioted	chariot
charioteers	charioteer
charioting	chariot
chariots	chariot
charismatics	charismatic
charities	charity
charlatans	charlatan
charmed	charm
charmers	charmer
charming	charm
charms	charm
charnels	charnel
charred	char
charring	char
chars	char
charted	chart
chartered	charter
chartering	charter
charters	charter
charting	chart
charts	chart
chased	chase
chasers	chaser
chases	chase
chasing	chase
chasings	chasing
chasms	chasm
chastened	chasten
chastening	chasten
chastens	chasten
chastised	chastise
chastises	chastise
chastising	chastise
chasubles	chasuble
chats	chat
chatted	chat
chattels	chattel
chatterboxes	chatterbox
chattered	chatter
chattering	chatter
chatterings	chattering
chatters	chatter
chattier	chatty
chatting	chat
chattings	chatting
chauffeured	chauffeur
chauffeuring	chauffeur
chauffeurs	chauffeur
chauvinisms	chauvinism
chauvinists	chauvinist
chawed	chaw
chawing	chaw
chaws	chaw
cheapened	cheapen
cheapening	cheapen
cheapens	cheapen
cheaper	cheap
cheapest	cheap
cheapskates	cheapskate
cheated	cheat
cheatering	cheater
cheaters	cheater
cheating	cheat
cheats	cheat
checked	check
checkered	checker
checkering	checker
checkers	checker
checking	check
checkings	checking
checklists	checklist
checkmarks	checkmark
checkmated	checkmate
checkmates	checkmate
checkmating	checkmate
checkouts	checkout
checkpoints	checkpoint
checks	check
checkups	checkup
cheddars	cheddar
cheekbones	cheekbone
cheeked	cheek
cheekier	cheeky
cheekies	cheeky
cheekiest	cheeky
cheeking	cheek
cheeks	cheek
cheeped	cheep
cheeping	cheep
cheeps	cheep
cheered	cheer
cheerier	cheery
cheeriest	cheery
cheering	cheer
cheerleaders	cheerleader
cheers	cheer
cheeseburgers	cheeseburger
cheesecakes	cheesecake
cheesed	cheese
cheesemakers	cheesemaker
cheeses	cheese
cheesies	cheesy
cheesing	cheese
cheetahs	cheetah
chefs	chef
chemicals	chemical
chemises	chemise
chemists	chemist
cheques	cheque
cherished	cherish
cherishes	cherish
cherishing	cherish
cherokees	cherokee
cheroots	cheroot
cherries	cherry
cherts	chert
cherubs	cherub
chessboards	chessboard
chested	chest
chesterfields	chesterfield
chestnuts	chestnut
chests	chest
chevroned	chevron
chevrons	chevron
chewed	chew
chewers	chewer
chewier	chewy
chewiest	chewy
chewing	chew
chewings	chewing
chews	chew
chickadees	chickadee
chickened	chicken
chickening	chicken
chickens	chicken
chickpeas	chickpea
chicks	chick
chickweeds	chickweed
chicles	chicle
chicories	chicory
chided	chide
chides	chide
chiding	chide
chiefdoms	chiefdom
chiefs	chief
chieftaincies	chieftaincy
chieftains	chieftain
chiggers	chigger
chignons	chignon
chihuahuas	chihuahua
childhoods	childhood
childishnesses	childishness
children	child
childrens	children
chileans	chilean
chilis	chili
chilled	chill
chillers	chiller
chillier	chilly
chillies	chilly
chilliest	chilly
chilling	chill
chillis	chilli
chills	chill
chimed	chime
chimeras	chimera
chimes	chime
chiming	chime
chimneys	chimney
chimpanzees	chimpanzee
chimps	chimp
chinamen	chinaman
chinchillas	chinchilla
chined	chine
chines	chine
chining	chine
chinked	chink
chinking	chink
chinks	chink
chinned	chin
chinning	chin
chinooks	chinook
chinos	chino
chins	chin
chipboards	chipboard
chipmakers	chipmaker
chipmunks	chipmunk
chipped	chip
chippers	chipper
chippies	chippy
chipping	chip
chippings	chipping
chips	chip
chipsets	chipset
chironomids	chironomid
chiropractors	chiropractor
chirped	chirp
chirping	chirp
chirps	chirp
chiselled	chisel
chiselling	chisel
chisels	chisel
chitchats	chitchat
chitchatted	chitchat
chitchatting	chitchat
chits	chit
chitted	chit
chittered	chitter
chittering	chitter
chitters	chitter
chitting	chit
chloramines	chloramine
chlorides	chloride
chlorinated	chlorinate
chlorinates	chlorinate
chlorinating	chlorinate
chlorines	chlorine
chlorofluorocarbons	chlorofluorocarbon
chloroformed	chloroform
chloroforming	chloroform
chloroforms	chloroform
chlorophylls	chlorophyll
chloroplasts	chloroplast
chocked	chock
chocking	chock
chocks	chock
chocoholics	chocoholic
chocolates	chocolate
choices	choice
choirboys	choirboy
choirmasters	choirmaster
choirs	choir
choked	choke
chokers	choker
chokes	choke
choking	choke
chokings	choking
cholecystectomies	cholecystectomy
cholerics	choleric
chomped	chomp
chomping	chomp
chomps	chomp
chondrites	chondrite
chondrules	chondrule
choosers	chooser
chooses	choose
choosier	choosy
choosing	choose
choosings	choosing
chopped	chop
choppering	chopper
choppers	chopper
choppier	choppy
chopping	chop
chops	chop
chorales	chorale
chordates	chordate
chorded	chord
chording	chord
chords	chord
choreographed	choreograph
choreographers	choreographer
choreographies	choreography
choreographing	choreograph
choreographs	choreograph
chores	chore
choristers	chorister
chorizos	chorizo
chortled	chortle
chortles	chortle
chortling	chortle
chorused	chorus
choruses	chorus
chorusing	chorus
chose	choose
chosen	choose
christened	christen
christening	christen
christenings	christening
christens	christen
christians	christian
christmases	christmas
chromatics	chromatic
chromed	chrome
chromes	chrome
chroming	chrome
chromolithographs	chromolithograph
chromosomes	chromosome
chronicled	chronicle
chroniclers	chronicler
chronicles	chronicle
chronicling	chronicle
chronographs	chronograph
chronologies	chronology
chronometers	chronometer
chronotopes	chronotope
chrysanthemums	chrysanthemum
chubbier	chubby
chucked	chuck
chucking	chuck
chuckled	chuckle
chuckles	chuckle
chuckling	chuckle
chucklings	chuckling
chucks	chuck
chuffed	chuff
chuffing	chuff
chuffs	chuff
chugged	chug
chugging	chug
chugs	chug
chummed	chum
chumps	chump
chums	chum
chunked	chunk
chunkier	chunky
chunkies	chunky
chunkiest	chunky
chunking	chunk
chunks	chunk
churched	church
churches	church
churchgoers	churchgoer
churching	church
churchmen	churchman
churchwomen	churchwoman
churchyards	churchyard
churls	churl
churned	churn
churning	churn
churns	churn
chuted	chute
chutes	chute
chuting	chute
chutneys	chutney
cicadas	cicada
cichlids	cichlid
ciders	cider
cigarettes	cigarette
cigarillos	cigarillo
cigars	cigar
cigs	cig
ciliates	ciliate
cinched	cinch
cinches	cinch
cinching	cinch
cindered	cinder
cinders	cinder
cineastes	cineaste
cinemas	cinema
cinematographers	cinematographer
cinnabars	cinnabar
ciphered	cipher
ciphering	cipher
ciphers	cipher
circled	circle
circles	circle
circlets	circlet
circling	circle
circuited	circuit
circuiting	circuit
circuitries	circuitry
circuits	circuit
circularities	circularity
circulars	circular
circulated	circulate
circulates	circulate
circulating	circulate
circulations	circulation
circulators	circulator
circumcised	circumcise
circumcises	circumcise
circumcising	circumcise
circumcisions	circumcision
circumferences	circumference
circumflexes	circumflex
circumlocutions	circumlocution
circumnavigated	circumnavigate
circumnavigates	circumnavigate
circumnavigating	circumnavigate
circumnavigations	circumnavigation
circumscribed	circumscribe
circumscribes	circumscribe
circumscribing	circumscribe
circumscriptions	circumscription
circumstances	circumstance
circumvented	circumvent
circumventing	circumvent
circumvents	circumvent
circuses	circus
cirques	cirque
cistercians	cistercian
cisterns	cistern
citadels	citadel
citations	citation
cited	cite
cites	cite
cities	city
citing	cite
citizens	citizen
citizenships	citizenship
citrated	citrate
citrons	citron
cityscapes	cityscape
civets	civet
civics	civic
civilians	civilian
civilities	civility
civilizations	civilization
civilized	civilize
civilizes	civilize
civilizing	civilize
civvies	civvy
clacked	clack
clacking	clack
clacks	clack
cladding	clad
clades	clade
clads	clad
claimants	claimant
claimed	claim
claiming	claim
claims	claim
clairvoyants	clairvoyant
clambered	clamber
clambering	clamber
clambers	clamber
clammed	clam
clamming	clam
clammying	clammy
clamored	clamor
clamoring	clamor
clamors	clamor
clamoured	clamour
clamouring	clamour
clamours	clamour
clampdowns	clampdown
clamped	clamp
clamping	clamp
clamps	clamp
clams	clam
clanged	clang
clanging	clang
clangored	clangor
clangoring	clangor
clangors	clangor
clangs	clang
clanked	clank
clanking	clank
clankings	clanking
clanks	clank
clans	clan
clansmen	clansman
clapboarded	clapboard
clapboarding	clapboard
clapboards	clapboard
clapped	clap
clappers	clapper
clapping	clap
claps	clap
clarets	claret
clarifications	clarification
clarified	clarify
clarifiers	clarifier
clarifies	clarify
clarifying	clarify
clarinets	clarinet
clarioned	clarion
clarioning	clarion
clarions	clarion
clarities	clarity
clashed	clash
clashes	clash
clashing	clash
clasped	clasp
claspers	clasper
clasping	clasp
clasps	clasp
classed	class
classes	class
classicals	classical
classicists	classicist
classics	classic
classier	classy
classiest	classy
classifications	classification
classified	classify
classifieds	classified
classifiers	classifier
classifies	classify
classifying	classify
classing	class
classmates	classmate
classrooms	classroom
clattered	clatter
clattering	clatter
clatters	clatter
clauses	clause
claustrophobics	claustrophobic
clavichords	clavichord
clavicles	clavicle
clawed	claw
clawing	claw
clawings	clawing
claws	claw
claymores	claymore
clays	clay
cleaned	clean
cleaner	clean
cleaners	cleaner
cleanest	clean
cleaning	clean
cleanings	cleaning
cleans	clean
cleansed	cleanse
cleansers	cleanser
cleanses	cleanse
cleansing	cleanse
cleanups	cleanup
clearances	clearance
cleared	clear
clearer	clear
clearest	clear
clearing	clear
clearinghouses	clearinghouse
clearings	clearing
clears	clear
cleated	cleat
cleating	cleat
cleats	cleat
cleavages	cleavage
cleaved	cleave
cleavers	cleaver
cleaves	cleave
cleaving	cleave
clefs	clef
clefts	cleft
clements	clement
clenched	clench
clenches	clench
clenching	clench
clerestoried	clerestory
clerestories	clerestory
clergymen	clergyman
clericals	clerical
clerics	cleric
clerked	clerk
clerking	clerk
clerks	clerk
clerkships	clerkship
cleverer	clever
cleverest	clever
clevernesses	cleverness
cliches	cliche
clicked	click
clickers	clicker
clicking	click
clickings	clicking
clicks	click
clienteles	clientele
clients	client
cliffhangers	cliffhanger
cliffs	cliff
cliffsides	cliffside
climates	climate
climatologists	climatologist
climaxed	climax
climaxes	climax
climaxing	climax
climbed	climb
climbers	climber
climbing	climb
climbs	climb
climes	clime
clinched	clinch
clinches	clinch
clinching	clinch
clines	cline
clingier	clingy
clinging	cling
clings	cling
clinicians	clinician
clinics	clinic
clinked	clink
clinkered	clinker
clinkering	clinker
clinkers	clinker
clinking	clink
clinks	clink
clintonians	clintonian
clipboards	clipboard
clipped	clip
clippers	clipper
clipping	clip
clippings	clipping
clips	clip
cliques	clique
clitoridectomies	clitoridectomy
cloacas	cloaca
cloaked	cloak
cloaking	cloak
cloakrooms	cloakroom
cloaks	cloak
cloathing	clothe
clobbered	clobber
clobbering	clobber
clobbers	clobber
clocked	clock
clocking	clock
clockings	clocking
clockmakers	clockmaker
clocks	clock
clods	clod
clogged	clog
cloggers	clogger
clogging	clog
clogs	clog
cloistered	cloister
cloistering	cloister
cloisters	cloister
clomped	clomp
clomping	clomp
clomps	clomp
cloned	clone
clones	clone
cloning	clone
clopped	clop
clopping	clop
clops	clop
close-ups	close-up
closed	close
closenesses	closeness
closer	close
closers	closer
closes	close
closest	close
closeted	closet
closets	closet
closetting	closet
closing	close
closings	closing
closured	closure
closures	closure
closuring	closure
clothed	clothe
clothes	clothe
clotheslines	clothesline
clothiers	clothier
cloths	cloth
clots	clot
clotted	clot
clotting	clot
clotured	cloture
clotures	cloture
cloturing	cloture
cloudbursts	cloudburst
clouded	cloud
cloudier	cloudy
clouding	cloud
clouds	cloud
clouted	clout
clouting	clout
clouts	clout
clovers	clover
cloves	clove
clowned	clown
clowning	clown
clowns	clown
cloyed	cloy
cloying	cloy
cloys	cloy
clubbed	club
clubbing	club
clubhouses	clubhouse
clubrooms	clubroom
clubs	club
clucked	cluck
clucking	cluck
cluckings	clucking
clucks	cluck
clued	clue
clues	clue
cluing	clue
clumped	clump
clumpier	clumpy
clumping	clump
clumps	clump
clumsier	clumsy
clumsiest	clumsy
clung	cling
clunked	clunk
clunking	clunk
clunks	clunk
clustered	cluster
clustering	cluster
clusterings	clustering
clusters	cluster
clutched	clutch
clutches	clutch
clutching	clutch
cluttered	clutter
cluttering	clutter
clutters	clutter
co-operatives	co-operative
coached	coach
coaches	coach
coaching	coach
coachmen	coachman
coagulated	coagulate
coagulates	coagulate
coagulating	coagulate
coagulations	coagulation
coaled	coal
coalesced	coalesce
coalesces	coalesce
coalescing	coalesce
coalfields	coalfield
coaling	coal
coalitions	coalition
coals	coal
coarsened	coarsen
coarsening	coarsen
coarsens	coarsen
coarser	coarse
coarsest	coarse
coarsing	coarse
coasted	coast
coasters	coaster
coastguards	coastguard
coasting	coast
coastlines	coastline
coasts	coast
coated	coat
coating	coat
coatings	coating
coats	coat
coaxed	coax
coaxes	coax
coaxing	coax
cobbed	cob
cobbled	cobble
cobblers	cobbler
cobbles	cobble
cobblestones	cobblestone
cobbling	cobble
cobras	cobra
cobs	cob
cobwebbed	cobweb
cobwebs	cobweb
cocci	coccus
cochleas	cochlea
cockatiels	cockatiel
cockatoos	cockatoo
cocked	cock
cockered	cocker
cockerels	cockerel
cockering	cocker
cockers	cocker
cockfighting	cockfight
cockfights	cockfight
cockier	cocky
cockiest	cocky
cocking	cock
cockled	cockle
cockles	cockle
cockling	cockle
cockneys	cockney
cockpits	cockpit
cockroaches	cockroach
cocks	cock
cocksuckers	cocksucker
cocktails	cocktail
cocoas	cocoa
coconuts	coconut
cocooned	cocoon
cocooning	cocoon
cocoons	cocoon
codas	coda
codded	cod
codding	cod
coddled	coddle
coddles	coddle
coddling	coddle
codebooks	codebook
codecs	codec
coded	code
codeines	codeine
coders	coder
codes	code
codgers	codger
codices	codex
codicils	codicil
codifications	codification
codified	codify
codifies	codify
codifying	codify
coding	code
codings	coding
codlings	codling
codons	codon
codpieces	codpiece
cods	cod
coefficients	coefficient
coelacanths	coelacanth
coenzymes	coenzyme
coerced	coerce
coerces	coerce
coercing	coerce
coercions	coercion
coevals	coeval
coevolutions	coevolution
coexisted	coexist
coexisting	coexist
coexists	coexist
cofactors	cofactor
coffees	coffee
coffering	coffer
coffers	coffer
coffined	coffin
coffining	coffin
coffins	coffin
cogged	cog
cogging	cog
cogitated	cogitate
cogitates	cogitate
cogitating	cogitate
cogitations	cogitation
cognacs	cognac
cognates	cognate
cognitions	cognition
cogs	cog
cohabited	cohabit
cohabiting	cohabit
cohabits	cohabit
cohered	cohere
coherences	coherence
coheres	cohere
cohering	cohere
cohesions	cohesion
cohorting	cohort
cohorts	cohort
coiffed	coif
coiffing	coif
coiffured	coiffure
coiffures	coiffure
coiffuring	coiffure
coifs	coif
coiled	coil
coiling	coil
coils	coil
coinages	coinage
coincided	coincide
coincidences	coincidence
coincides	coincide
coinciding	coincide
coined	coin
coining	coin
coins	coin
coked	coke
cokes	coke
coking	coke
colanders	colander
colas	cola
colder	cold
coldest	cold
colds	cold
colectomies	colectomy
colics	colic
coliforms	coliform
collaborated	collaborate
collaborates	collaborate
collaborating	collaborate
collaborations	collaboration
collaborators	collaborator
collaged	collage
collagens	collagen
collages	collage
collapsed	collapse
collapses	collapse
collapsibles	collapsible
collapsing	collapse
collarbones	collarbone
collared	collar
collaring	collar
collars	collar
collated	collate
collaterals	collateral
collates	collate
collating	collate
colleagues	colleague
collectables	collectable
collected	collect
collectibles	collectible
collecting	collect
collections	collection
collectives	collective
collectivisms	collectivism
collectivists	collectivist
collectivities	collectivity
collectivizations	collectivization
collectivized	collectivize
collectivizes	collectivize
collectivizing	collectivize
collectors	collector
collects	collect
colleges	college
collegians	collegian
collets	collet
collided	collide
colliders	collider
collides	collide
colliding	collide
collieries	colliery
colliers	collier
collimated	collimate
collimates	collimate
collimating	collimate
collisions	collision
collocations	collocation
colloids	colloid
colloquialisms	colloquialism
colloquies	colloquy
colluded	collude
colludes	collude
colluding	collude
colognes	cologne
colombians	colombian
colonels	colonel
colonialisms	colonialism
colonialists	colonialist
colonials	colonial
colonics	colonic
colonies	colony
colonists	colonist
colonizations	colonization
colonized	colonize
colonizers	colonizer
colonizes	colonize
colonizing	colonize
colonnades	colonnade
colonoscopies	colonoscopy
colons	colon
colorants	colorant
colorations	coloration
colored	color
coloring	color
colors	color
colostomies	colostomy
coloured	colour
coloureds	coloured
colouring	colour
colourings	colouring
colours	colour
cols	col
colting	colt
colts	colt
columbians	columbian
columbines	columbine
columnists	columnist
columns	column
comandantes	comandante
comas	coma
combatants	combatant
combated	combat
combating	combat
combats	combat
combatted	combat
combed	comb
combers	comber
combinations	combination
combined	combine
combines	combine
combing	comb
combings	combing
combining	combine
combos	combo
combs	comb
combusted	combust
combustibles	combustible
combusting	combust
combustions	combustion
combusts	combust
comebacks	comeback
comedians	comedian
comedies	comedy
comelier	comely
comeliest	comely
comers	comer
comes	come
comestibles	comestible
comets	comet
comeuppances	comeuppance
comfier	comfy
comforted	comfort
comforters	comforter
comforting	comfort
comforts	comfort
comfreys	comfrey
comics	comic
coming	come
comings	coming
commanded	command
commandeered	commandeer
commandeering	commandeer
commandeers	commandeer
commanders	commander
commanding	command
commandments	commandment
commandos	commando
commands	command
commas	comma
commemorated	commemorate
commemorates	commemorate
commemorating	commemorate
commemorations	commemoration
commemoratives	commemorative
commenced	commence
commences	commence
commencing	commence
commendations	commendation
commended	commend
commending	commend
commends	commend
commensals	commensal
commentaries	commentary
commentators	commentator
commented	comment
commenting	comment
comments	comment
commercialized	commercialize
commercializes	commercialize
commercializing	commercialize
commercials	commercial
commies	commie
commingled	commingle
commingles	commingle
commingling	commingle
commiserated	commiserate
commiserates	commiserate
commiserating	commiserate
commiserations	commiseration
commissariats	commissariat
commissaries	commissary
commissars	commissar
commissioned	commission
commissioners	commissioner
commissioning	commission
commissionings	commissioning
commissions	commission
commitments	commitment
commits	commit
committed	commit
committeds	committed
committeemen	committeeman
committees	committee
committing	commit
commodes	commode
commodities	commodity
commodores	commodore
commonalities	commonality
commoners	commoner
commonplaces	commonplace
commotions	commotion
communed	commune
communes	commune
communicants	communicant
communicated	communicate
communicates	communicate
communicating	communicate
communications	communication
communicators	communicator
communing	commune
communions	communion
communiques	communique
communists	communist
communitarians	communitarian
communities	community
commutations	commutation
commuted	commute
commuters	commuter
commutes	commute
commuting	commute
compacted	compact
compacter	compact
compacting	compact
compactors	compactor
compacts	compact
compadres	compadre
companied	company
companies	company
companioned	companion
companioning	companion
companions	companion
companionships	companionship
companionways	companionway
companying	company
comparatives	comparative
comparators	comparator
compared	compare
compares	compare
comparing	compare
comparisons	comparison
compartmentalized	compartmentalize
compartmentalizes	compartmentalize
compartmentalizing	compartmentalize
compartmented	compartment
compartments	compartment
compassed	compass
compasses	compass
compassing	compass
compassionated	compassionate
compassionates	compassionate
compassionating	compassionate
compassions	compassion
compatibilities	compatibility
compatibles	compatible
compatriots	compatriot
compelled	compel
compelling	compel
compels	compel
compendia	compendium
compensated	compensate
compensates	compensate
compensating	compensate
compensations	compensation
competed	compete
competences	competence
competencies	competency
competes	compete
competing	compete
competitions	competition
competitors	competitor
compilations	compilation
compiled	compile
compilers	compiler
compiles	compile
compiling	compile
comping	comp
complainants	complainant
complained	complain
complainers	complainer
complaining	complain
complains	complain
complaints	complaint
compleated	compleat
compleatest	compleat
complementaries	complementary
complementarities	complementarity
complemented	complement
complementing	complement
complements	complement
completed	complete
completers	completer
completes	complete
completing	complete
completions	completion
complexed	complex
complexes	complex
complexions	complexion
complexities	complexity
compliances	compliance
complicated	complicate
complicates	complicate
complicating	complicate
complications	complication
complicities	complicity
complied	comply
complies	comply
complimentaries	complimentary
complimented	compliment
complimenting	compliment
compliments	compliment
complying	comply
components	component
comported	comport
comporting	comport
comports	comport
composed	compose
composers	composer
composes	compose
composing	compose
composites	composite
compositions	composition
composted	compost
composting	compost
composts	compost
compotes	compote
compounded	compound
compounding	compound
compounds	compound
comprehended	comprehend
comprehending	comprehend
comprehends	comprehend
comprehensives	comprehensive
compressed	compress
compresses	compress
compressibilities	compressibility
compressing	compress
compressions	compression
compressors	compressor
comprised	comprise
comprises	comprise
comprising	comprise
compromised	compromise
compromisers	compromiser
compromises	compromise
compromising	compromise
comps	comp
compulsions	compulsion
compulsives	compulsive
compunctions	compunction
computations	computation
computed	compute
computerized	computerize
computerizes	computerize
computerizing	computerize
computers	computer
computes	compute
computing	compute
comrades	comrade
concatenated	concatenate
concatenates	concatenate
concatenating	concatenate
concatenations	concatenation
concaves	concave
concavities	concavity
concealed	conceal
concealing	conceal
concealments	concealment
conceals	conceal
conceded	concede
concedes	concede
conceding	concede
conceits	conceit
conceived	conceive
conceives	conceive
conceiving	conceive
concentrated	concentrate
concentrates	concentrate
concentrating	concentrate
concentrations	concentration
concentrators	concentrator
conceptions	conception
concepts	concept
conceptualists	conceptualist
conceptualizations	conceptualization
conceptualized	conceptualize
conceptualizes	conceptualize
conceptualizing	conceptualize
concerned	concern
concerning	concern
concerns	concern
concertinaed	concertina
concertinaing	concertina
concertinas	concertina
concerting	concert
concertos	concerto
concerts	concert
concessionaires	concessionaire
concessions	concession
conchs	conch
concierges	concierge
conciliated	conciliate
conciliates	conciliate
conciliating	conciliate
conciliations	conciliation
conciliators	conciliator
conclaves	conclave
concluded	conclude
concludes	conclude
concluding	conclude
conclusions	conclusion
concocted	concoct
concocting	concoct
concoctions	concoction
concocts	concoct
concomitants	concomitant
concordances	concordance
concordancing	concordance
concordats	concordat
concords	concord
concourses	concourse
concreted	concrete
concretes	concrete
concreting	concrete
concretized	concretize
concretizes	concretize
concretizing	concretize
concubines	concubine
concurred	concur
concurrents	concurrent
concurring	concur
concurs	concur
concussed	concuss
concusses	concuss
concussing	concuss
concussions	concussion
condemnations	condemnation
condemned	condemn
condemning	condemn
condemns	condemn
condensates	condensate
condensations	condensation
condensed	condense
condensers	condenser
condenses	condense
condensing	condense
condescended	condescend
condescending	condescend
condescends	condescend
condiments	condiment
conditionals	conditional
conditioned	condition
conditioners	conditioner
conditioning	condition
conditions	condition
condoled	condole
condolences	condolence
condoles	condole
condoling	condole
condominiums	condominium
condoms	condom
condoned	condone
condones	condone
condoning	condone
condors	condor
condos	condo
conduced	conduce
conduces	conduce
conducing	conduce
conductances	conductance
conducted	conduct
conducting	conduct
conductivities	conductivity
conductors	conductor
conducts	conduct
conduits	conduit
condyles	condyle
coned	cone
cones	cone
confabbed	confab
confabbing	confab
confabs	confab
confabulations	confabulation
confectioneries	confectionery
confectioners	confectioner
confections	confection
confederated	confederate
confederates	confederate
confederating	confederate
confederations	confederation
conferees	conferee
conferences	conference
conferred	confer
conferring	confer
confers	confer
confessed	confess
confesses	confess
confessing	confess
confessionals	confessional
confessions	confession
confessors	confessor
confidantes	confidante
confidants	confidant
confided	confide
confidences	confidence
confides	confide
confiding	confide
configurations	configuration
configured	configure
configures	configure
configuring	configure
confined	confine
confinements	confinement
confines	confine
confining	confine
confirmations	confirmation
confirmed	confirm
confirming	confirm
confirms	confirm
confiscated	confiscate
confiscates	confiscate
confiscating	confiscate
confiscations	confiscation
confits	confit
conflagrations	conflagration
conflated	conflate
conflates	conflate
conflating	conflate
conflations	conflation
conflicted	conflict
conflicting	conflict
conflicts	conflict
confluences	confluence
conformances	conformance
conformations	conformation
conformed	conform
conforming	conform
conformists	conformist
conforms	conform
confounded	confound
confounding	confound
confounds	confound
confraternities	confraternity
confreres	confrere
confrontations	confrontation
confronted	confront
confronting	confront
confronts	confront
confucians	confucian
confused	confuse
confuses	confuse
confusing	confuse
confusions	confusion
congaed	conga
congaing	conga
congas	conga
congealed	congeal
congealing	congeal
congeals	congeal
congeed	congee
congeeing	congee
congees	congee
congeners	congener
congested	congest
congesting	congest
congestions	congestion
congests	congest
conglomerated	conglomerate
conglomerates	conglomerate
conglomerating	conglomerate
conglomerations	conglomeration
congratulated	congratulate
congratulates	congratulate
congratulating	congratulate
congregants	congregant
congregated	congregate
congregates	congregate
congregating	congregate
congregationalists	congregationalist
congregations	congregation
congresses	congress
congressmen	congressman
congruences	congruence
conics	conic
conifers	conifer
coning	cone
conjectured	conjecture
conjectures	conjecture
conjecturing	conjecture
conjoined	conjoin
conjoining	conjoin
conjoins	conjoin
conjugals	conjugal
conjugated	conjugate
conjugates	conjugate
conjugating	conjugate
conjugations	conjugation
conjunctions	conjunction
conjunctures	conjuncture
conjurations	conjuration
conjured	conjure
conjurers	conjurer
conjures	conjure
conjuring	conjure
conked	conk
conking	conk
conks	conk
connected	connect
connecting	connect
connections	connection
connectives	connective
connectivities	connectivity
connectors	connector
connects	connect
conned	con
connexions	connexion
conning	con
connived	connive
connives	connive
conniving	connive
connoisseurs	connoisseur
connotations	connotation
connoted	connote
connotes	connote
connoting	connote
conquered	conquer
conquering	conquer
conquerors	conqueror
conquers	conquer
conquests	conquest
conquistadores	conquistador
cons	con
consciences	conscience
consciousnesses	consciousness
conscripted	conscript
conscripting	conscript
conscriptions	conscription
conscripts	conscript
consecrated	consecrate
consecrates	consecrate
consecrating	consecrate
consecrations	consecration
consented	consent
consenting	consent
consents	consent
consequences	consequence
consequentials	consequential
consequents	consequent
conservationists	conservationist
conservatives	conservative
conservatories	conservatory
conservators	conservator
conserved	conserve
conservers	conserver
conserves	conserve
conserving	conserve
considerations	consideration
considered	consider
considering	consider
considers	consider
consigned	consign
consigning	consign
consignments	consignment
consignors	consignor
consigns	consign
consisted	consist
consistencies	consistency
consisting	consist
consists	consist
consolations	consolation
consoled	console
consolers	consoler
consoles	console
consolidated	consolidate
consolidates	consolidate
consolidating	consolidate
consolidations	consolidation
consolidators	consolidator
consoling	console
consonances	consonance
consonants	consonant
consorted	consort
consorting	consort
consortiums	consortium
consorts	consort
conspecifics	conspecific
conspiracies	conspiracy
conspirators	conspirator
conspired	conspire
conspires	conspire
conspiring	conspire
constables	constable
constabularies	constabulary
constancies	constancy
constants	constant
constellations	constellation
constipated	constipate
constipates	constipate
constipating	constipate
constipations	constipation
constituencies	constituency
constituents	constituent
constituted	constitute
constitutes	constitute
constituting	constitute
constitutionalists	constitutionalist
constitutions	constitution
constrained	constrain
constraining	constrain
constrains	constrain
constraints	constraint
constricted	constrict
constricting	constrict
constrictions	constriction
constrictors	constrictor
constricts	constrict
constringed	constringe
constringes	constringe
constringing	constringe
constructed	construct
constructing	construct
constructionists	constructionist
constructions	construction
constructivists	constructivist
constructors	constructor
constructs	construct
construed	construe
construes	construe
construing	construe
consulates	consulate
consuls	consul
consultancies	consultancy
consultants	consultant
consultations	consultation
consulted	consult
consulting	consult
consults	consult
consumables	consumable
consumed	consume
consumers	consumer
consumes	consume
consuming	consume
consummated	consummate
consummates	consummate
consummating	consummate
consumptives	consumptive
contacted	contact
contacting	contact
contacts	contact
contained	contain
containers	container
containing	contain
containments	containment
contains	contain
contaminants	contaminant
contaminated	contaminate
contaminates	contaminate
contaminating	contaminate
contaminations	contamination
contemned	contemn
contemning	contemn
contemns	contemn
contemplated	contemplate
contemplates	contemplate
contemplating	contemplate
contemplations	contemplation
contemplatives	contemplative
contemporaries	contemporary
contempts	contempt
contended	contend
contenders	contender
contending	contend
contendings	contending
contends	contend
contented	content
contenting	content
contentions	contention
contents	content
contessas	contessa
contestants	contestant
contested	contest
contesting	contest
contests	contest
contexts	context
contiguities	contiguity
continentals	continental
continents	continent
contingencies	contingency
contingents	contingent
continuations	continuation
continued	continue
continues	continue
continuing	continue
continuities	continuity
contorted	contort
contorting	contort
contortionists	contortionist
contortions	contortion
contorts	contort
contoured	contour
contouring	contour
contours	contour
contraceptions	contraception
contraceptives	contraceptive
contracted	contract
contracting	contract
contractions	contraction
contractors	contractor
contracts	contract
contractures	contracture
contradicted	contradict
contradicting	contradict
contradictions	contradiction
contradictories	contradictory
contradicts	contradict
contrails	contrail
contraindicated	contraindicate
contraindicates	contraindicate
contraindicating	contraindicate
contraindications	contraindication
contraltos	contralto
contraptions	contraption
contrarians	contrarian
contraries	contrary
contrasted	contrast
contrasting	contrast
contrasts	contrast
contravened	contravene
contravenes	contravene
contravening	contravene
contraventions	contravention
contributed	contribute
contributes	contribute
contributing	contribute
contributions	contribution
contributories	contributory
contributors	contributor
contrivances	contrivance
contrived	contrive
contrives	contrive
contriving	contrive
controllables	controllable
controlled	control
controllers	controller
controlling	control
controls	control
controversies	controversy
controverted	controvert
controverting	controvert
controverts	controvert
contusions	contusion
conundrums	conundrum
convalesced	convalesce
convalescents	convalescent
convalesces	convalesce
convalescing	convalesce
convened	convene
conveners	convener
convenes	convene
conveniences	convenience
convening	convene
convented	convent
conventionalisms	conventionalism
conventionalities	conventionality
conventioneers	conventioneer
conventions	convention
convents	convent
converged	converge
convergences	convergence
converges	converge
converging	converge
conversationalists	conversationalist
conversations	conversation
conversed	converse
converses	converse
conversing	converse
conversions	conversion
converted	convert
converters	converter
convertibles	convertible
converting	convert
converts	convert
convexities	convexity
conveyances	conveyance
conveyed	convey
conveyers	conveyer
conveying	convey
conveyors	conveyor
conveys	convey
convicted	convict
convicting	convict
convictions	conviction
convicts	convict
convinced	convince
convinces	convince
convincing	convince
convocations	convocation
convoked	convoke
convokes	convoke
convoking	convoke
convoluted	convolute
convolutes	convolute
convoluting	convolute
convolutions	convolution
convoyed	convoy
convoying	convoy
convoys	convoy
convulsed	convulse
convulses	convulse
convulsing	convulse
convulsions	convulsion
cooed	coo
cooing	coo
cookbooks	cookbook
cooked	cook
cookers	cooker
cookhouses	cookhouse
cooking	cook
cooks	cook
coolants	coolant
cooled	cool
cooler	cool
coolers	cooler
coolest	cool
coolies	coolie
cooling	cool
cools	cool
coons	coon
cooped	coop
cooperated	cooperate
cooperates	cooperate
cooperating	cooperate
cooperations	cooperation
cooperatives	cooperative
cooperators	cooperator
coopered	cooper
coopering	cooper
coopers	cooper
coops	coop
coordinated	coordinate
coordinates	coordinate
coordinating	coordinate
coordinations	coordination
coordinators	coordinator
coos	coo
coots	coot
coped	cope
copepods	copepod
copernicans	copernican
copes	cope
copied	copy
copiers	copier
copies	copy
coping	cope
copings	coping
copolymers	copolymer
copped	cop
coppered	copper
copperheads	copperhead
coppering	copper
copperplates	copperplate
coppers	copper
coppersmiths	coppersmith
copping	cop
coprocessors	coprocessor
cops	cop
copses	copse
coptered	copter
copters	copter
copulated	copulate
copulates	copulate
copulating	copulate
copulations	copulation
copybooks	copybook
copycats	copycat
copying	copy
copyings	copying
copyists	copyist
copyrighted	copyright
copyrighting	copyright
copyrights	copyright
copywriters	copywriter
coquettes	coquette
coracles	coracle
corals	coral
corbelled	corbel
corbelling	corbel
corbels	corbel
corded	cord
cordials	cordial
cordilleras	cordillera
cording	cord
cordobas	cordoba
cordoned	cordon
cordoning	cordon
cordons	cordon
cords	cord
corduroys	corduroy
cored	core
cores	core
corianders	coriander
coring	core
corinthians	corinthian
corked	cork
corkers	corker
corking	cork
corks	cork
corkscrewed	corkscrew
corkscrewing	corkscrew
corkscrews	corkscrew
cormorants	cormorant
corms	corm
corneas	cornea
corned	corn
cornered	corner
cornering	corner
corners	corner
cornerstones	cornerstone
cornets	cornet
cornfields	cornfield
cornflowers	cornflower
corniced	cornice
cornices	cornice
cornicing	cornice
cornies	corny
corniest	corny
corning	corn
corns	corn
cornstalks	cornstalk
cornucopias	cornucopia
corollaries	corollary
coronaries	coronary
coronas	corona
coronations	coronation
coroners	coroner
coronets	coronet
corporals	corporal
corporates	corporate
corporations	corporation
corporatists	corporatist
corpses	corpse
corpuscles	corpuscle
corralled	corral
corralling	corral
corrals	corral
corrected	correct
correcting	correct
corrections	correction
correctives	corrective
correctors	corrector
corrects	correct
correlated	correlate
correlates	correlate
correlating	correlate
correlations	correlation
correlatives	correlative
corresponded	correspond
correspondences	correspondence
correspondents	correspondent
corresponding	correspond
corresponds	correspond
corridors	corridor
corroborated	corroborate
corroborates	corroborate
corroborating	corroborate
corroborations	corroboration
corroded	corrode
corrodes	corrode
corroding	corrode
corrosives	corrosive
corrugated	corrugate
corrugates	corrugate
corrugating	corrugate
corrugations	corrugation
corrupted	corrupt
corrupter	corrupt
corrupting	corrupt
corruptions	corruption
corrupts	corrupt
corsages	corsage
corsairs	corsair
corseted	corset
corseting	corset
corsets	corset
corsicans	corsican
cortexes	cortex
corticosteroids	corticosteroid
cortisones	cortisone
coruscated	coruscate
coruscates	coruscate
coruscating	coruscate
corvettes	corvette
cosied	cosy
cosier	cosy
cosies	cosy
cosiest	cosy
cosines	cosine
cosmetics	cosmetic
cosmetologists	cosmetologist
cosmics	cosmic
cosmologies	cosmology
cosmologists	cosmologist
cosmonauts	cosmonaut
cosmopolitans	cosmopolitan
cossacks	cossack
cosseted	cosset
cosseting	cosset
cossets	cosset
costing	cost
costings	costing
costlier	costly
costliest	costly
costs	cost
costumed	costume
costumes	costume
costuming	costume
cosying	cosy
cotes	cote
cotoneasters	cotoneaster
cots	cot
cottagers	cottager
cottages	cottage
cottoned	cotton
cottoning	cotton
cottons	cotton
cottonwoods	cottonwood
cotyledons	cotyledon
couched	couch
couches	couch
couching	couch
coughed	cough
coughing	cough
coughings	coughing
coughs	cough
could	can
couloirs	couloir
coulombs	coulomb
councillors	councillor
councilmen	councilman
councils	council
counselled	counsel
counselling	counsel
counsellors	counsellor
counsels	counsel
counted	count
countenanced	countenance
countenances	countenance
countenancing	countenance
counter-attacking	counterattack
counteracted	counteract
counteracting	counteract
counteractions	counteraction
counteracts	counteract
counterarguments	counterargument
counterattacked	counterattack
counterattacks	counterattack
counterattacks'	counterattack
counterbalanced	counterbalance
counterbalances	counterbalance
counterbalancing	counterbalance
countered	counter
counterfactuals	counterfactual
counterfeited	counterfeit
counterfeiters	counterfeiter
counterfeiting	counterfeit
counterfeits	counterfeit
countering	counter
countermanded	countermand
countermanding	countermand
countermands	countermand
countermeasures	countermeasure
countermoves	countermove
counteroffers	counteroffer
counterpanes	counterpane
counterparties	counterparty
counterparts	counterpart
counterpointed	counterpoint
counterpointing	counterpoint
counterpoints	counterpoint
counterpoised	counterpoise
counterpoises	counterpoise
counterpoising	counterpoise
counterposed	counterpose
counterposes	counterpose
counterposing	counterpose
counters	counter
countersank	countersink
countersinking	countersink
countersinks	countersink
countersunk	countersink
countertenors	countertenor
countertops	countertop
countervailed	countervail
countervailing	countervail
countervails	countervail
counterweighted	counterweight
counterweighting	counterweight
counterweights	counterweight
countesses	countess
counties	county
counting	count
countings	counting
countries	country
countrymen	countryman
countrywomen	countrywoman
counts	count
couped	coup
coupes	coupe
coupled	couple
couplers	coupler
couples	couple
couplets	couplet
coupling	couple
couplings	coupling
coupons	coupon
coups	coup
couriered	courier
couriers	courier
coursed	course
courses	course
coursing	course
courted	court
courtesans	courtesan
courtesies	courtesy
courthouses	courthouse
courtier	courty
courtiers	courtier
courting	court
courtrooms	courtroom
courts	court
courtships	courtship
courtyards	courtyard
cousins	cousin
couturiers	couturier
covariances	covariance
covariates	covariate
covariations	covariation
coved	cove
covenanted	covenant
covenanting	covenant
covenants	covenant
covens	coven
coverages	coverage
covered	cover
covering	cover
coverings	covering
coverlets	coverlet
covers	cover
coverting	covert
coverts	covert
coves	cove
coveted	covet
coveting	covet
covets	covet
coveys	covey
cowards	coward
cowbells	cowbell
cowbirds	cowbird
cowboys	cowboy
cowed	cow
cowered	cower
cowering	cower
cowerings	cowering
cowers	cower
cowgirls	cowgirl
cowhands	cowhand
cowhided	cowhide
cowhides	cowhide
cowhiding	cowhide
cowing	cow
cowled	cowl
cowling	cowl
cowlings	cowling
cowls	cowl
cowpeas	cowpea
cowpokes	cowpoke
cowries	cowry
cows	cow
cowsheds	cowshed
coxswains	coxswain
coyotes	coyote
cozened	cozen
cozening	cozen
cozens	cozen
cozier	cozy
cozying	cozy
cpas	cpa
cpus	cpu
crabbed	crab
crabbing	crab
crabs	crab
crackdowns	crackdown
cracked	crack
crackers	cracker
cracking	crack
crackings	cracking
crackled	crackle
crackles	crackle
crackling	crackle
crackpots	crackpot
cracks	crack
cradled	cradle
cradles	cradle
cradling	cradle
crafted	craft
craftier	crafty
craftiest	crafty
crafting	craft
crafts	craft
craftsmen	craftsman
craftspersons	craftsperson
craftswomen	craftswoman
craggier	craggy
cragging	crag
crags	crag
crammed	cram
cramming	cram
cramped	cramp
cramping	cramp
cramponed	crampon
crampons	crampon
cramps	cramp
crams	cram
cranberries	cranberry
craned	crane
cranes	crane
craning	crane
craniums	cranium
cranked	crank
crankier	cranky
cranking	crank
cranks	crank
crankshafts	crankshaft
crannies	cranny
crapped	crap
crapper	crap
crappiest	crappy
crapping	crap
craps	crap
crashed	crash
crashers	crasher
crashes	crash
crashing	crash
crashings	crashing
crasser	crass
crassest	crass
crated	crate
cratered	crater
cratering	crater
craters	crater
crates	crate
crating	crate
cravats	cravat
craved	crave
cravens	craven
craves	crave
craving	crave
cravings	craving
crawfishes	crawfish
crawled	crawl
crawlers	crawler
crawlies	crawly
crawling	crawl
crawls	crawl
craws	craw
crayfishes	crayfish
crayoned	crayon
crayoning	crayon
crayons	crayon
crazed	craze
crazes	craze
crazier	crazy
crazies	crazy
craziest	crazy
crazinesses	craziness
crazing	craze
creaked	creak
creaking	creak
creakings	creaking
creaks	creak
creamed	cream
creameries	creamery
creamier	creamy
creamiest	creamy
creaming	cream
creams	cream
creased	crease
creases	crease
creasing	crease
created	create
creates	create
creating	create
creations	creation
creatives	creative
creators	creator
creatures	creature
credentialed	credential
credited	credit
crediting	credit
creditors	creditor
credits	credit
credos	credo
creeds	creed
creeks	creek
creels	creel
creepers	creeper
creepier	creepy
creeping	creep
creeps	creep
cremated	cremate
cremates	cremate
cremating	cremate
cremations	cremation
crematoria	crematorium
cremer	creme
crenellations	crenellation
creoles	creole
creosoted	creosote
creosoting	creosote
creped	crepe
crepes	crepe
creping	crepe
crept	creep
crescendoed	crescendo
crescendoes	crescendo
crescendoing	crescendo
crescendos	crescendo
crescents	crescent
cresses	cress
crested	crest
cresting	crest
crests	crest
cretans	cretan
cretins	cretin
creviced	crevice
crevices	crevice
crewed	crew
crewing	crew
crewmates	crewmate
crewmembers	crewmember
crewmen	crewman
crews	crew
cribbed	crib
cribbing	crib
cribs	crib
cricked	crick
cricketers	cricketer
crickets	cricket
cricking	crick
cricks	crick
cried	cry
criers	crier
cries	cry
crimes	crime
criminalized	criminalize
criminalizes	criminalize
criminalizing	criminalize
criminals	criminal
criminologies	criminology
criminologists	criminologist
crimped	crimp
crimping	crimp
crimps	crimp
crimsoned	crimson
crimsoning	crimson
crimsons	crimson
cringed	cringe
cringes	cringe
cringing	cringe
crinkled	crinkle
crinkles	crinkle
crinkling	crinkle
crinolines	crinoline
criollos	criollo
crippled	cripple
cripples	cripple
crippling	cripple
crises	crisis
crisped	crisp
crisper	crisp
crispest	crisp
crispies	crispy
crispiest	crispy
crisping	crisp
crisps	crisp
crisscrossed	crisscross
crisscrosses	crisscross
crisscrossing	crisscross
criteria	criterion
criterias	criteria
criticalities	criticality
criticisms	criticism
criticized	criticize
criticizes	criticize
criticizing	criticize
critics	critic
critiqued	critique
critiques	critique
critiquing	critique
crits	crit
critters	critter
croaked	croak
croakers	croaker
croaking	croak
croaks	croak
croatians	croatian
croats	croat
crocheted	crochet
crocheting	crochet
crochets	crochet
crocked	crock
crocking	crock
crocks	crock
crocodiled	crocodile
crocodiles	crocodile
crocodilians	crocodilian
crocs	croc
crofted	croft
crofters	crofter
crofting	croft
crofts	croft
croissants	croissant
crones	crone
cronies	crony
crooked	crook
crooking	crook
crooks	crook
crooned	croon
crooners	crooner
crooning	croon
croonings	crooning
croons	croon
croplands	cropland
cropped	crop
croppers	cropper
cropping	crop
crops	crop
croqueted	croquet
croqueting	croquet
croquets	croquet
croquettes	croquette
crossbars	crossbar
crossbeams	crossbeam
crossbowmen	crossbowman
crossbows	crossbow
crossbreeding	crossbreed
crossbreeds	crossbreed
crosscurrents	crosscurrent
crosscuts	crosscut
crosscutting	crosscut
crossed	cross
crosses	cross
crossfires	crossfire
crosshairs	crosshair
crosshatched	crosshatch
crosshatches	crosshatch
crosshatching	crosshatch
crossheads	crosshead
crossing	cross
crossings	crossing
crossovers	crossover
crosspieces	crosspiece
crosswinds	crosswind
crosswords	crossword
crotches	crotch
crotons	croton
crouched	crouch
crouches	crouch
crouching	crouch
crouchings	crouching
croupiers	croupier
croups	croup
croutons	crouton
crowbars	crowbar
crowded	crowd
crowding	crowd
crowds	crowd
crowed	crow
crowing	crow
crowings	crowing
crowned	crown
crowning	crown
crownings	crowning
crowns	crown
crows	crow
crucibles	crucible
crucified	crucify
crucifies	crucify
crucifixes	crucifix
crucifixions	crucifixion
cruciforms	cruciform
crucifying	crucify
cruder	crude
crudes	crude
crudest	crude
crudities	crudity
cruds	crud
crueller	cruel
cruellest	cruel
cruelties	cruelty
cruets	cruet
cruised	cruise
cruisers	cruiser
cruises	cruise
cruising	cruise
crumbed	crumb
crumbing	crumb
crumbled	crumble
crumbles	crumble
crumblies	crumbly
crumbling	crumble
crumbs	crumb
crumpets	crumpet
crumpled	crumple
crumples	crumple
crumpling	crumple
crunched	crunch
crunchers	cruncher
crunches	crunch
crunchier	crunchy
crunchies	crunchy
crunching	crunch
crusaded	crusade
crusaders	crusader
crusades	crusade
crusading	crusade
crushed	crush
crushers	crusher
crushes	crush
crushing	crush
crushings	crushing
crustaceans	crustacean
crusted	crust
crustier	crusty
crusties	crusty
crusting	crust
crusts	crust
crutches	crutch
cruxes	crux
cruzados	cruzado
crying	cry
cryings	crying
cryptanalysts	cryptanalyst
cryptograms	cryptogram
cryptographers	cryptographer
crypts	crypt
crystallites	crystallite
crystallizations	crystallization
crystallized	crystallize
crystallizes	crystallize
crystallizing	crystallize
crystallographers	crystallographer
crystals	crystal
cubans	cuban
cubbed	cub
cubbies	cubby
cubbing	cub
cubbyholes	cubbyhole
cubed	cube
cubes	cube
cubicles	cubicle
cubing	cube
cubists	cubist
cubits	cubit
cubs	cub
cuckolded	cuckold
cuckolding	cuckold
cuckolds	cuckold
cuckooed	cuckoo
cuckooing	cuckoo
cuckoos	cuckoo
cucumbers	cucumber
cuddled	cuddle
cuddles	cuddle
cuddlier	cuddly
cuddliest	cuddly
cuddling	cuddle
cudgelled	cudgel
cudgelling	cudgel
cudgels	cudgel
cued	cue
cueing	cue
cues	cue
cuffed	cuff
cuffing	cuff
cufflinks	cufflink
cuffs	cuff
cuirasses	cuirass
cuisines	cuisine
culled	cull
culling	cull
cullings	culling
culls	cull
culminated	culminate
culminates	culminate
culminating	culminate
culminations	culmination
culottes	culotte
culprits	culprit
cultists	cultist
cultivars	cultivar
cultivated	cultivate
cultivates	cultivate
cultivating	cultivate
cultivations	cultivation
cultivators	cultivator
cults	cult
cultured	culture
cultures	culture
culturing	culture
culverted	culvert
culverts	culvert
cumbered	cumber
cumbering	cumber
cumbers	cumber
cummerbunds	cummerbund
cumulated	cumulate
cumulates	cumulate
cumulating	cumulate
cunningest	cunning
cunts	cunt
cupboards	cupboard
cupfuls	cupful
cupids	cupid
cupolas	cupola
cuppas	cuppa
cupped	cup
cupping	cup
cups	cup
curated	curate
curates	curate
curating	curate
curators	curator
curbed	curb
curbing	curb
curbs	curb
curded	curd
curdled	curdle
curdles	curdle
curdling	curdle
curds	curd
cured	cure
cures	cure
curfews	curfew
curias	curia
curies	curie
curing	cure
curios	curio
curiosities	curiosity
curiouser	curious
curled	curl
curlers	curler
curlews	curlew
curlicues	curlicue
curlier	curly
curlies	curly
curliest	curly
curling	curl
curls	curl
curmudgeons	curmudgeon
currants	currant
currencies	currency
currents	current
curricula	curriculum
curried	curry
curries	curry
currying	curry
curs	cur
cursed	curse
curses	curse
cursing	curse
cursings	cursing
cursors	cursor
curtailed	curtail
curtailing	curtail
curtailments	curtailment
curtails	curtail
curtained	curtain
curtaining	curtain
curtains	curtain
curtseyed	curtsey
curtseying	curtsey
curtseys	curtsey
curtsied	curtsy
curtsies	curtsy
curtsying	curtsy
curvatures	curvature
curved	curve
curves	curve
curvier	curvy
curving	curve
cushiest	cushy
cushioned	cushion
cushioning	cushion
cushions	cushion
cusped	cusp
cusping	cusp
cusps	cusp
cussed	cuss
cusses	cuss
cussing	cuss
cussings	cussing
custards	custard
custodians	custodian
custodianships	custodianship
customers	customer
customized	customize
customizes	customize
customizing	customize
customs	custom
cutaways	cutaway
cutbacks	cutback
cutenesses	cuteness
cuter	cute
cutest	cute
cuticles	cuticle
cutlasses	cutlass
cutlets	cutlet
cutouts	cutout
cuts	cut
cutters	cutter
cutthroats	cutthroat
cutting	cut
cuttings	cutting
cyaniding	cyanide
cybernetics	cybernetic
cyborgs	cyborg
cycads	cycad
cyclamens	cyclamen
cycled	cycle
cycles	cycle
cyclicals	cyclical
cycling	cycle
cyclists	cyclist
cyclones	cyclone
cygnets	cygnet
cylinders	cylinder
cymbals	cymbal
cynics	cynic
cypresses	cypress
cysts	cyst
cytokines	cytokine
czars	czar
czeched	czech
czechoslovakians	czechoslovakian
czechoslovaks	czechoslovak
czechs	czech
dabbed	dab
dabbing	dab
dabbled	dabble
dabblers	dabbler
dabbles	dabble
dabbling	dabble
dabs	dab
dachas	dacha
dachshunds	dachshund
dactyls	dactyl
dadas	dada
daddies	daddy
dadoed	dado
dadoing	dado
dados	dado
dads	dad
daemons	daemon
daffies	daffy
daffodils	daffodil
dafter	daft
daftest	daft
dafts	daft
daggered	dagger
daggers	dagger
dagos	dago
daguerreotypes	daguerreotype
dahlias	dahlia
dahs	dah
dailies	daily
daintier	dainty
dainties	dainty
daintiest	dainty
dairies	dairy
dairying	dairy
dairymaids	dairymaid
dairymen	dairyman
daisies	daisy
dales	dale
dalliances	dalliance
dallied	dally
dallies	dally
dallying	dally
dalmatians	dalmatian
damaged	damage
damages	damage
damaging	damage
damas	dama
damascened	damascene
damascenes	damascene
damascening	damascene
damasks	damask
damed	dame
dames	dame
dammed	dam
damming	dam
damnations	damnation
damned	damn
damning	damn
damns	damn
damped	damp
dampened	dampen
dampening	dampen
dampens	dampen
damper	damp
dampers	damper
dampest	damp
damping	damp
damps	damp
dams	dam
damselflies	damselfly
damsels	damsel
damsons	damson
danced	dance
dancers	dancer
dances	dance
dancing	dance
dandelions	dandelion
danders	dander
dandies	dandy
dandiest	dandy
dandled	dandle
dandles	dandle
dandling	dandle
dandying	dandy
danes	dane
dangers	danger
dangled	dangle
dangles	dangle
dangling	dangle
danker	dank
dappers	dapper
dappled	dapple
dapples	dapple
dappling	dapple
dared	dare
daredevils	daredevil
dares	dare
daring	dare
darkened	darken
darkening	darken
darkens	darken
darker	dark
darkest	dark
darkies	darky
darkrooms	darkroom
darlings	darling
darned	darn
darning	darn
darns	darn
dartboards	dartboard
darted	dart
darters	darter
darting	dart
darts	dart
darwinians	darwinian
darwinists	darwinist
dashboards	dashboard
dashed	dash
dashers	dasher
dashes	dash
dashing	dash
databanks	databank
databases	database
datasets	dataset
datebooks	datebook
dated	date
datelined	dateline
datelines	dateline
datelining	dateline
dates	date
dating	date
datings	dating
datums	datum
daubed	daub
daubers	dauber
daubing	daub
daubs	daub
daughters	daughter
daunted	daunt
daunting	daunt
daunts	daunt
davits	davit
dawdled	dawdle
dawdles	dawdle
dawdling	dawdle
dawned	dawn
dawning	dawn
dawnings	dawning
dawns	dawn
day-dreamed	daydream
daybeds	daybed
daydreamed	daydream
daydreaming	daydream
daydreams	daydream
daydreams'	daydream
daylighting	daylight
daylights	daylight
dayrooms	dayroom
days	day
daytimes	daytime
dazed	daze
dazes	daze
dazing	daze
dazzled	dazzle
dazzlers	dazzler
dazzles	dazzle
dazzling	dazzle
deaconesses	deaconess
deacons	deacon
deactivated	deactivate
deactivates	deactivate
deactivating	deactivate
deadbeats	deadbeat
deadened	deaden
deadening	deaden
deadens	deaden
deadheading	deadhead
deadheads	deadhead
deadlier	deadly
deadliest	deadly
deadlines	deadline
deadlocked	deadlock
deadlocking	deadlock
deadlocks	deadlock
deadmen	deadman
deadpanning	deadpan
deadpans	deadpan
deadweights	deadweight
deadwoods	deadwood
deafened	deafen
deafening	deafen
deafens	deafen
deafer	deaf
deafest	deaf
dealers	dealer
dealerships	dealership
dealing	deal
dealings	dealing
deals	deal
dealt	deal
deans	dean
dearer	dear
dearest	dear
dearies	deary
dears	dear
deathbeds	deathbed
deathblows	deathblow
deaths	death
deathtraps	deathtrap
debacles	debacle
debarked	debark
debarking	debark
debarks	debark
debarred	debar
debarring	debar
debars	debar
debased	debase
debasements	debasement
debases	debase
debasing	debase
debated	debate
debaters	debater
debates	debate
debating	debate
debauched	debauch
debauches	debauch
debauching	debauch
debentures	debenture
debilitated	debilitate
debilitates	debilitate
debilitating	debilitate
debilities	debility
debited	debit
debiting	debit
debits	debit
debouched	debouch
debouches	debouch
debouching	debouch
debriefed	debrief
debriefing	debrief
debriefings	debriefing
debriefs	debrief
debs	deb
debtors	debtor
debts	debt
debugged	debug
debuggers	debugger
debugging	debug
debugs	debug
debunked	debunk
debunking	debunk
debunks	debunk
debutantes	debutante
debuted	debut
debuting	debut
debuts	debut
decadents	decadent
decades	decade
decalogues	decalogue
decals	decal
decamped	decamp
decamping	decamp
decamps	decamp
decanted	decant
decanters	decanter
decanting	decant
decants	decant
decapitated	decapitate
decapitates	decapitate
decapitating	decapitate
decathletes	decathlete
decayed	decay
decaying	decay
decays	decay
deceased	decease
deceaseds	deceased
deceases	decease
deceasing	decease
deceits	deceit
deceived	deceive
deceivers	deceiver
deceives	deceive
deceiving	deceive
decelerated	decelerate
decelerates	decelerate
decelerating	decelerate
decelerations	deceleration
decencies	decency
decentralized	decentralize
decentralizes	decentralize
decentralizing	decentralize
deceptions	deception
decertified	decertify
decertifies	decertify
decertifying	decertify
decibels	decibel
decided	decide
deciders	decider
decides	decide
deciding	decide
deciles	decile
decimals	decimal
decimated	decimate
decimates	decimate
decimating	decimate
decimations	decimation
deciphered	decipher
deciphering	decipher
deciphers	decipher
decisions	decision
decked	deck
deckers	decker
deckhands	deckhand
decking	deck
deckled	deckle
decks	deck
declaimed	declaim
declaiming	declaim
declaims	declaim
declamations	declamation
declarations	declaration
declaratives	declarative
declared	declare
declares	declare
declaring	declare
declassified	declassify
declassifies	declassify
declassifying	declassify
declensions	declension
declined	decline
declines	decline
declining	decline
declivities	declivity
decoctions	decoction
decoded	decode
decoders	decoder
decodes	decode
decoding	decode
decodings	decoding
decolonized	decolonize
decolonizes	decolonize
decolonizing	decolonize
decommissioned	decommission
decommissioning	decommission
decommissions	decommission
decomposed	decompose
decomposes	decompose
decomposing	decompose
decompositions	decomposition
decompressed	decompress
decompresses	decompress
decompressing	decompress
decongestants	decongestant
deconstructed	deconstruct
deconstructing	deconstruct
deconstructions	deconstruction
deconstructs	deconstruct
decontaminated	decontaminate
decontaminates	decontaminate
decontaminating	decontaminate
decontrolled	decontrol
decontrolling	decontrol
decontrols	decontrol
decorated	decorate
decorates	decorate
decorating	decorate
decorations	decoration
decorators	decorator
decors	decor
decorums	decorum
decoupled	decouple
decouples	decouple
decoupling	decouple
decoyed	decoy
decoying	decoy
decoys	decoy
decreased	decrease
decreases	decrease
decreasing	decrease
decreasings	decreasing
decreed	decree
decreeing	decree
decrees	decree
decremented	decrement
decrementing	decrement
decrements	decrement
decrescendos	decrescendo
decried	decry
decries	decry
decriminalized	decriminalize
decriminalizes	decriminalize
decriminalizing	decriminalize
decrying	decry
decrypted	decrypt
decrypting	decrypt
decrypts	decrypt
dedicated	dedicate
dedicates	dedicate
dedicating	dedicate
dedications	dedication
deduced	deduce
deduces	deduce
deducing	deduce
deducted	deduct
deductibles	deductible
deducting	deduct
deductions	deduction
deducts	deduct
deeds	deed
deejayed	deejay
deejaying	deejay
deejays	deejay
deemed	deem
deeming	deem
deems	deem
deepened	deepen
deepening	deepen
deepens	deepen
deeper	deep
deepest	deep
deeps	deep
deering	deer
defaced	deface
defaces	deface
defacing	deface
defalcated	defalcate
defalcates	defalcate
defalcating	defalcate
defamations	defamation
defamed	defame
defames	defame
defaming	defame
defaulted	default
defaulters	defaulter
defaulting	default
defaults	default
defeated	defeat
defeating	defeat
defeatists	defeatist
defeats	defeat
defecated	defecate
defecates	defecate
defecating	defecate
defecations	defecation
defected	defect
defecting	defect
defections	defection
defectives	defective
defectors	defector
defects	defect
defences	defence
defendants	defendant
defended	defend
defenders	defender
defending	defend
defends	defend
defenses	defense
deferences	deference
deferments	deferment
deferrals	deferral
deferred	defer
deferreds	deferred
deferring	defer
defers	defer
defiants	defiant
defibrillations	defibrillation
defibrillators	defibrillator
deficiencies	deficiency
deficits	deficit
defied	defy
defies	defy
defiled	defile
defilements	defilement
defiles	defile
defiling	defile
defined	define
definers	definer
defines	define
defining	define
definites	definite
definitions	definition
definitives	definitive
deflated	deflate
deflates	deflate
deflating	deflate
deflations	deflation
deflected	deflect
deflecting	deflect
deflections	deflection
deflectors	deflector
deflects	deflect
deflowered	deflower
deflowering	deflower
deflowers	deflower
defoliants	defoliant
defoliated	defoliate
defoliates	defoliate
defoliating	defoliate
deforested	deforest
deforesting	deforest
deforests	deforest
deformations	deformation
deformed	deform
deforming	deform
deformities	deformity
deforms	deform
defrauded	defraud
defrauding	defraud
defrauds	defraud
defrayed	defray
defraying	defray
defrays	defray
defrocked	defrock
defrocking	defrock
defrocks	defrock
defrosted	defrost
defrosting	defrost
defrosts	defrost
defter	deft
deftest	deft
defused	defuse
defuses	defuse
defusing	defuse
defying	defy
degeneracies	degeneracy
degenerated	degenerate
degenerates	degenerate
degenerating	degenerate
degradations	degradation
degraded	degrade
degrades	degrade
degrading	degrade
degreasers	degreaser
degrees	degree
dehumanized	dehumanize
dehumanizes	dehumanize
dehumanizing	dehumanize
dehumidifiers	dehumidifier
dehydrated	dehydrate
dehydrates	dehydrate
dehydrating	dehydrate
dehydrators	dehydrator
dehydrogenases	dehydrogenase
deictics	deictic
deified	deify
deifies	deify
deifying	deify
deigned	deign
deigning	deign
deigns	deign
deists	deist
deities	deity
delaminations	delamination
delayed	delay
delaying	delay
delays	delay
delegated	delegate
delegates	delegate
delegating	delegate
delegations	delegation
deleted	delete
deletes	delete
deleting	delete
deletions	deletion
deliberated	deliberate
deliberates	deliberate
deliberating	deliberate
deliberations	deliberation
delicacies	delicacy
delicatessens	delicatessen
deliciousnesses	deliciousness
delighted	delight
delighting	delight
delights	delight
delimitations	delimitation
delimited	delimit
delimiting	delimit
delimits	delimit
delineated	delineate
delineates	delineate
delineating	delineate
delineations	delineation
delinquencies	delinquency
delinquents	delinquent
deliriums	delirium
delis	deli
deliverables	deliverable
deliverances	deliverance
delivered	deliver
deliverers	deliverer
deliveries	delivery
delivering	deliver
delivers	deliver
dells	dell
deloused	delouse
delouses	delouse
delousing	delouse
delphiniums	delphinium
deltas	delta
deltoids	deltoid
deluded	delude
deludes	delude
deluding	delude
deluged	deluge
deluges	deluge
deluging	deluge
delusions	delusion
delved	delve
delves	delve
delving	delve
demagnetized	demagnetize
demagnetizes	demagnetize
demagnetizing	demagnetize
demagogues	demagogue
demanded	demand
demanders	demander
demanding	demand
demands	demand
demarcated	demarcate
demarcates	demarcate
demarcating	demarcate
demarcations	demarcation
dematerialized	dematerialize
dematerializes	dematerialize
dematerializing	dematerialize
demeaned	demean
demeaning	demean
demeanours	demeanour
demeans	demean
dementias	dementia
demerits	demerit
demesnes	demesne
demigods	demigod
demilitarized	demilitarize
demilitarizes	demilitarize
demilitarizing	demilitarize
demised	demise
demises	demise
demobilizations	demobilization
demobilized	demobilize
demobilizes	demobilize
demobilizing	demobilize
democracies	democracy
democratized	democratize
democratizes	democratize
democratizing	democratize
democrats	democrat
demographers	demographer
demographics	demographic
demoing	demo
demoiselles	demoiselle
demolished	demolish
demolishes	demolish
demolishing	demolish
demolitions	demolition
demonized	demonize
demonizes	demonize
demonizing	demonize
demonologies	demonology
demons	demon
demonstrated	demonstrate
demonstrates	demonstrate
demonstrating	demonstrate
demonstrations	demonstration
demonstratives	demonstrative
demonstrators	demonstrator
demoralized	demoralize
demoralizes	demoralize
demoralizing	demoralize
demos	demo
demoted	demote
demotes	demote
demoting	demote
demotions	demotion
demurred	demur
demurring	demur
demurs	demur
demystified	demystify
demystifies	demystify
demystifying	demystify
demythologized	demythologize
demythologizes	demythologize
demythologizing	demythologize
denationalized	denationalize
denationalizes	denationalize
denationalizing	denationalize
denatured	denature
denatures	denature
denaturing	denature
dendrites	dendrite
denials	denial
denied	deny
deniers	denier
denies	deny
denigrated	denigrate
denigrates	denigrate
denigrating	denigrate
denims	denim
denizens	denizen
denominated	denominate
denominates	denominate
denominating	denominate
denominations	denomination
denominators	denominator
denotations	denotation
denoted	denote
denotes	denote
denoting	denote
denouements	denouement
denounced	denounce
denounces	denounce
denouncing	denounce
dens	den
densities	density
dentals	dental
dented	dent
denting	dent
dentists	dentist
dentitions	dentition
dents	dent
dentures	denture
denuded	denude
denudes	denude
denuding	denude
denunciations	denunciation
denying	deny
deodorants	deodorant
departed	depart
departing	depart
departments	department
departs	depart
departures	departure
dependables	dependable
dependants	dependant
depended	depend
dependences	dependence
dependencies	dependency
dependents	dependent
depending	depend
depends	depend
depersonalized	depersonalize
depersonalizes	depersonalize
depersonalizing	depersonalize
depicted	depict
depicting	depict
depictions	depiction
depicts	depict
depleted	deplete
depletes	deplete
depleting	deplete
depletions	depletion
deplored	deplore
deplores	deplore
deploring	deplore
deployed	deploy
deploying	deploy
deployments	deployment
deploys	deploy
depoliticized	depoliticize
depopulated	depopulate
depopulates	depopulate
depopulating	depopulate
deportations	deportation
deported	deport
deportees	deportee
deporting	deport
deports	deport
deposed	depose
deposes	depose
deposing	depose
depositaries	depositary
deposited	deposit
depositing	deposit
depositions	deposition
depositories	depository
depositors	depositor
deposits	deposit
depots	depot
depraved	deprave
depraves	deprave
depraving	deprave
depravities	depravity
deprecated	deprecate
deprecates	deprecate
deprecating	deprecate
depreciated	depreciate
depreciates	depreciate
depreciating	depreciate
depreciations	depreciation
depredations	depredation
depressants	depressant
depressed	depress
depresses	depress
depressing	depress
depressions	depression
depressives	depressive
depressors	depressor
depressurized	depressurize
depressurizes	depressurize
depressurizing	depressurize
deprivations	deprivation
deprived	deprive
deprives	deprive
depriving	deprive
depths	depth
deputations	deputation
deputed	depute
deputes	depute
deputies	deputy
deputing	depute
deputized	deputize
deputizes	deputize
deputizing	deputize
deracinated	deracinate
deracinates	deracinate
deracinating	deracinate
derailed	derail
derailing	derail
derailments	derailment
derails	derail
deranged	derange
derangements	derangement
deranges	derange
deranging	derange
derbies	derby
deregulated	deregulate
deregulates	deregulate
deregulating	deregulate
derelictions	dereliction
derelicts	derelict
derided	deride
derides	deride
deriding	deride
derivations	derivation
derivatives	derivative
derived	derive
derives	derive
deriving	derive
dermatologists	dermatologist
derogated	derogate
derogates	derogate
derogating	derogate
derogations	derogation
derricks	derrick
derrieres	derriere
dervishes	dervish
desalinized	desalinize
desalinizes	desalinize
desalinizing	desalinize
desaturations	desaturation
descanted	descant
descanting	descant
descants	descant
descendants	descendant
descended	descend
descendents	descendent
descenders	descender
descending	descend
descends	descend
descents	descent
described	describe
describers	describer
describes	describe
describing	describe
descried	descry
descries	descry
descriptions	description
descriptors	descriptor
descrying	descry
desecrated	desecrate
desecrates	desecrate
desecrating	desecrate
desecrations	desecration
desegregated	desegregate
desegregates	desegregate
desegregating	desegregate
deselected	deselect
deselecting	deselect
deselects	deselect
desensitized	desensitize
desensitizes	desensitize
desensitizing	desensitize
deserted	desert
deserters	deserter
deserting	desert
desertions	desertion
deserts	desert
deserved	deserve
deserves	deserve
deserving	deserve
desiccated	desiccate
desiccates	desiccate
desiccating	desiccate
designated	designate
designates	designate
designating	designate
designations	designation
designed	design
designers	designer
designing	design
designs	design
desirabilities	desirability
desired	desire
desires	desire
desiring	desire
desisted	desist
desisting	desist
desists	desist
desks	desk
desktops	desktop
desolated	desolate
desolates	desolate
desolating	desolate
desolations	desolation
despaired	despair
despairing	despair
despairs	despair
despatched	despatch
despatches	despatch
despatching	despatch
desperadoes	desperado
desperations	desperation
despised	despise
despises	despise
despising	despise
despoiled	despoil
despoilers	despoiler
despoiling	despoil
despoils	despoil
despoliations	despoliation
despots	despot
desserts	dessert
destabilizations	destabilization
destabilized	destabilize
destabilizes	destabilize
destabilizing	destabilize
destinations	destination
destined	destine
destines	destine
destinies	destiny
destining	destine
destitutes	destitute
destroyed	destroy
destroyers	destroyer
destroying	destroy
destroys	destroy
destructed	destruct
destructing	destruct
destructions	destruction
destructs	destruct
detached	detach
detaches	detach
detaching	detach
detachments	detachment
detailed	detail
detailing	detail
details	detail
detained	detain
detainees	detainee
detaining	detain
detains	detain
detected	detect
detecting	detect
detections	detection
detectives	detective
detectors	detector
detects	detect
detentions	detention
detents	detent
detergents	detergent
deteriorated	deteriorate
deteriorates	deteriorate
deteriorating	deteriorate
deteriorations	deterioration
determinants	determinant
determinations	determination
determined	determine
determiners	determiner
determines	determine
determining	determine
determinisms	determinism
determinists	determinist
deterred	deter
deterrents	deterrent
deterring	deter
deters	deter
detested	detest
detesting	detest
detests	detest
dethroned	dethrone
dethrones	dethrone
dethroning	dethrone
detonated	detonate
detonates	detonate
detonating	detonate
detonations	detonation
detonators	detonator
detoured	detour
detouring	detour
detours	detour
detoxed	detox
detoxes	detox
detoxified	detoxify
detoxifiers	detoxifier
detoxifies	detoxify
detoxifying	detoxify
detoxing	detox
detracted	detract
detracting	detract
detractors	detractor
detracts	detract
detriments	detriment
deuces	deuce
deuterons	deuteron
devaluations	devaluation
devalued	devalue
devalues	devalue
devaluing	devalue
devaluings	devaluing
devastated	devastate
devastates	devastate
devastating	devastate
devastations	devastation
developed	develop
developers	developer
developing	develop
developments	development
develops	develop
deviances	deviance
deviancies	deviancy
deviants	deviant
deviated	deviate
deviates	deviate
deviating	deviate
deviations	deviation
devices	device
devilled	devil
devilling	devil
devils	devil
devised	devise
devises	devise
devising	devise
devolved	devolve
devolves	devolve
devolving	devolve
devoted	devote
devotees	devotee
devotes	devote
devoting	devote
devotions	devotion
devoured	devour
devourers	devourer
devouring	devour
devours	devour
dewberries	dewberry
dewdrops	dewdrop
dewed	dew
dewlaps	dewlap
dews	dew
dhows	dhow
diabetics	diabetic
diadems	diadem
diagnosed	diagnose
diagnoses	diagnose
diagnosing	diagnose
diagnosticians	diagnostician
diagonals	diagonal
diagrammed	diagram
diagramming	diagram
diagrams	diagram
dialectics	dialectic
dialects	dialect
dialing	dial
dialled	dial
dialogues	dialogue
dials	dial
diamantes	diamante
diameters	diameter
diamonds	diamond
diapered	diaper
diapers	diaper
diaphragms	diaphragm
diaries	diary
diarists	diarist
diarrhoeas	diarrhoea
diasporas	diaspora
diatoms	diatom
diatribes	diatribe
diced	dice
dices	dice
dichotomies	dichotomy
dichotomized	dichotomize
dichotomizes	dichotomize
dichotomizing	dichotomize
dicing	dice
dickered	dicker
dickering	dicker
dickers	dicker
dickheads	dickhead
dicks	dick
dicta	dictum
dictaphones	dictaphone
dictated	dictate
dictates	dictate
dictating	dictate
dictations	dictation
dictators	dictator
dictatorships	dictatorship
dictionaries	dictionary
did	do
diddled	diddle
diddles	diddle
diddling	diddle
didgeridoos	didgeridoo
died	die
diehards	diehard
dielectrics	dielectric
dies	die
diesels	diesel
dietaries	dietary
dieted	diet
dieters	dieter
dietetics	dietetic
dieticians	dietician
dieting	diet
dietitians	dietitian
diets	diet
differed	differ
differences	difference
differentials	differential
differentiated	differentiate
differentiates	differentiate
differentiating	differentiate
differentiations	differentiation
differing	differ
differs	differ
difficulties	difficulty
diffracted	diffract
diffracting	diffract
diffracts	diffract
diffused	diffuse
diffusers	diffuser
diffuses	diffuse
diffusing	diffuse
diffusions	diffusion
digested	digest
digesters	digester
digesting	digest
digestions	digestion
digestives	digestive
digests	digest
diggers	digger
digging	dig
diggings	digging
digitized	digitize
digitizers	digitizer
digitizes	digitize
digitizing	digitize
digits	digit
dignified	dignify
dignifies	dignify
dignifying	dignify
dignitaries	dignitary
dignities	dignity
digressed	digress
digresses	digress
digressing	digress
digressions	digression
digs	dig
diked	dike
dikes	dike
diking	dike
diktats	diktat
dilapidated	dilapidate
dilapidates	dilapidate
dilapidating	dilapidate
dilapidations	dilapidation
dilatations	dilatation
dilated	dilate
dilates	dilate
dilating	dilate
dilations	dilation
dilators	dilator
dildos	dildo
dilemmas	dilemma
dilettanti	dilettante
dilled	dill
diluted	dilute
dilutes	dilute
diluting	dilute
dilutions	dilution
dimensioned	dimension
dimensioning	dimension
dimensions	dimension
dimers	dimer
dimes	dime
diminished	diminish
diminishes	diminish
diminishing	diminish
diminuendos	diminuendo
diminutions	diminution
diminutives	diminutive
dimmed	dim
dimmer	dim
dimmers	dimmer
dimmest	dim
dimming	dim
dimorphisms	dimorphism
dimpled	dimple
dimples	dimple
dimpling	dimple
dims	dim
dimwits	dimwit
dimwitted	dimwit
dinars	dinar
dined	dine
diners	diner
dines	dine
dingbats	dingbat
dinged	ding
dinghies	dinghy
dingier	dingy
dingies	dingy
dingiest	dingy
dinging	ding
dingles	dingle
dings	ding
dining	dine
dinked	dink
dinkies	dinky
dinks	dink
dinned	din
dinners	dinner
dinnertimes	dinnertime
dinning	din
dinoflagellates	dinoflagellate
dinosaurs	dinosaur
dins	din
dinted	dint
dinting	dint
dints	dint
diocesans	diocesan
dioceses	diocese
diodes	diode
dioramas	diorama
dioxides	dioxide
dioxins	dioxin
diphthongs	diphthong
diploids	diploid
diplomas	diploma
diplomates	diplomate
diplomats	diplomat
dipoles	dipole
dipped	dip
dippers	dipper
dipping	dip
dips	dip
dipsticks	dipstick
diptychs	diptych
directed	direct
directing	direct
directions	direction
directives	directive
directorates	directorate
directories	directory
directors	director
directorships	directorship
directs	direct
direr	dire
direst	dire
dirges	dirge
dirigibles	dirigible
dirtied	dirty
dirtier	dirty
dirties	dirty
dirtiest	dirty
dirtying	dirty
disabilities	disability
disabled	disable
disables	disable
disabling	disable
disabused	disabuse
disabuses	disabuse
disabusing	disabuse
disadvantaged	disadvantage
disadvantages	disadvantage
disadvantaging	disadvantage
disaffected	disaffect
disaffecting	disaffect
disaffections	disaffection
disaffects	disaffect
disagreed	disagree
disagreeing	disagree
disagreements	disagreement
disagrees	disagree
disallowed	disallow
disallowing	disallow
disallows	disallow
disappearances	disappearance
disappeared	disappear
disappeareds	disappeared
disappearing	disappear
disappears	disappear
disappointed	disappoint
disappointing	disappoint
disappointments	disappointment
disappoints	disappoint
disapprovals	disapproval
disapproved	disapprove
disapproves	disapprove
disapproving	disapprove
disarmed	disarm
disarming	disarm
disarms	disarm
disarranged	disarrange
disarranges	disarrange
disarranging	disarrange
disarrayed	disarray
disarraying	disarray
disarrays	disarray
disassembled	disassemble
disassembles	disassemble
disassembling	disassemble
disassociated	disassociate
disassociates	disassociate
disassociating	disassociate
disasters	disaster
disavowals	disavowal
disavowed	disavow
disavowing	disavow
disavows	disavow
disbanded	disband
disbanding	disband
disbands	disband
disbarments	disbarment
disbarred	disbar
disbarring	disbar
disbars	disbar
disbeliefs	disbelief
disbelieved	disbelieve
disbelieves	disbelieve
disbelieving	disbelieve
disbursed	disburse
disbursements	disbursement
disburses	disburse
disbursing	disburse
discarded	discard
discarding	discard
discards	discard
discerned	discern
discerning	discern
discerns	discern
discharged	discharge
dischargers	discharger
discharges	discharge
discharging	discharge
discipled	disciple
disciples	disciple
disciplinarians	disciplinarian
disciplined	discipline
disciplines	discipline
discipling	disciple
disciplining	discipline
disclaimed	disclaim
disclaimers	disclaimer
disclaiming	disclaim
disclaims	disclaim
disclosed	disclose
discloses	disclose
disclosing	disclose
disclosures	disclosure
discoing	disco
discombobulated	discombobulate
discombobulates	discombobulate
discombobulating	discombobulate
discomfited	discomfit
discomfiting	discomfit
discomfits	discomfit
discomfitures	discomfiture
discomforted	discomfort
discomforting	discomfort
discomforts	discomfort
discomposed	discompose
discomposes	discompose
discomposing	discompose
disconcerted	disconcert
disconcerting	disconcert
disconcerts	disconcert
disconfirmed	disconfirm
disconfirming	disconfirm
disconfirms	disconfirm
disconnected	disconnect
disconnecting	disconnect
disconnections	disconnection
disconnects	disconnect
discontented	discontent
discontenting	discontent
discontents	discontent
discontinued	discontinue
discontinues	discontinue
discontinuing	discontinue
discontinuities	discontinuity
discordances	discordance
discorded	discord
discording	discord
discords	discord
discos	disco
discotheques	discotheque
discounted	discount
discounters	discounter
discounting	discount
discounts	discount
discouraged	discourage
discouragements	discouragement
discourages	discourage
discouraging	discourage
discoursed	discourse
discourses	discourse
discoursing	discourse
discourtesies	discourtesy
discovered	discover
discoverers	discoverer
discoveries	discovery
discovering	discover
discovers	discover
discredited	discredit
discrediting	discredit
discredits	discredit
discreetest	discreet
discrepancies	discrepancy
discretes	discrete
discretions	discretion
discriminants	discriminant
discriminated	discriminate
discriminates	discriminate
discriminating	discriminate
discriminations	discrimination
discriminators	discriminator
discs	disc
discussants	discussant
discussed	discuss
discusses	discuss
discussing	discuss
discussions	discussion
disdained	disdain
disdaining	disdain
disdains	disdain
diseases	disease
disembarked	disembark
disembarking	disembark
disembarks	disembark
disembodied	disembody
disembodies	disembody
disembodying	disembody
disenchanted	disenchant
disenchanting	disenchant
disenchants	disenchant
disenfranchised	disenfranchise
disenfranchises	disenfranchise
disenfranchising	disenfranchise
disengaged	disengage
disengages	disengage
disengaging	disengage
disentangled	disentangle
disentangles	disentangle
disentangling	disentangle
disestablished	disestablish
disestablishes	disestablish
disestablishing	disestablish
disfigured	disfigure
disfigurements	disfigurement
disfigures	disfigure
disfiguring	disfigure
disfranchised	disfranchise
disfranchises	disfranchise
disfranchising	disfranchise
disgorged	disgorge
disgorges	disgorge
disgorging	disgorge
disgraced	disgrace
disgraces	disgrace
disgracing	disgrace
disgruntled	disgruntle
disgruntles	disgruntle
disgruntling	disgruntle
disguised	disguise
disguises	disguise
disguising	disguise
disgusted	disgust
disgusteds	disgusted
disgusting	disgust
disgusts	disgust
disharmonies	disharmony
dishcloths	dishcloth
disheartened	dishearten
disheartening	dishearten
disheartens	dishearten
dished	dish
dishes	dish
dishevelled	dishevel
dishevelling	dishevel
dishevels	dishevel
dishiest	dishy
dishing	dish
dishonesties	dishonesty
dishonoured	dishonour
dishonouring	dishonour
dishonours	dishonour
dishtowels	dishtowel
dishwashers	dishwasher
disillusioned	disillusion
disillusioning	disillusion
disillusionments	disillusionment
disillusions	disillusion
disincentives	disincentive
disinfectants	disinfectant
disinfected	disinfect
disinfecting	disinfect
disinfects	disinfect
disinherited	disinherit
disinheriting	disinherit
disinherits	disinherit
disintegrated	disintegrate
disintegrates	disintegrate
disintegrating	disintegrate
disintegrations	disintegration
disinterred	disinter
disinterring	disinter
disinters	disinter
disjoined	disjoin
disjoining	disjoin
disjoins	disjoin
disjointed	disjoint
disjointing	disjoint
disjoints	disjoint
disjunctions	disjunction
disjuncts	disjunct
disjunctures	disjuncture
diskettes	diskette
disks	disk
disliked	dislike
dislikes	dislike
disliking	dislike
dislocated	dislocate
dislocates	dislocate
dislocating	dislocate
dislocations	dislocation
dislodged	dislodge
dislodges	dislodge
dislodging	dislodge
dismantled	dismantle
dismantles	dismantle
dismantling	dismantle
dismantlings	dismantling
dismayed	dismay
dismaying	dismay
dismays	dismay
dismembered	dismember
dismembering	dismember
dismembers	dismember
dismissals	dismissal
dismissed	dismiss
dismisses	dismiss
dismissing	dismiss
dismounted	dismount
dismounting	dismount
dismounts	dismount
disobeyed	disobey
disobeying	disobey
disobeys	disobey
disordered	disorder
disordering	disorder
disorderlies	disorderly
disorders	disorder
disorganized	disorganize
disorganizes	disorganize
disorganizing	disorganize
disorientations	disorientation
disoriented	disorient
disorienting	disorient
disorients	disorient
disowned	disown
disowning	disown
disowns	disown
disparaged	disparage
disparagements	disparagement
disparages	disparage
disparaging	disparage
disparities	disparity
dispatched	dispatch
dispatchers	dispatcher
dispatches	dispatch
dispatching	dispatch
dispelled	dispel
dispelling	dispel
dispels	dispel
dispensaries	dispensary
dispensations	dispensation
dispensed	dispense
dispensers	dispenser
dispenses	dispense
dispensing	dispense
dispersals	dispersal
dispersants	dispersant
dispersed	disperse
disperses	disperse
dispersing	disperse
dispersions	dispersion
dispirited	dispirit
dispiriting	dispirit
dispirits	dispirit
displaced	displace
displacements	displacement
displaces	displace
displacing	displace
displayed	display
displaying	display
displays	display
displeased	displease
displeases	displease
displeasing	displease
displeasures	displeasure
disported	disport
disporting	disport
disports	disport
disposables	disposable
disposals	disposal
disposed	dispose
disposers	disposer
disposes	dispose
disposing	dispose
dispositions	disposition
dispossessed	dispossess
dispossesses	dispossess
dispossessing	dispossess
dispossessions	dispossession
disproofs	disproof
disproportionalities	disproportionality
disproportionating	disproportionate
disproportions	disproportion
disproved	disprove
disproves	disprove
disproving	disprove
disputants	disputant
disputations	disputation
disputed	dispute
disputes	dispute
disputing	dispute
disqualifications	disqualification
disqualified	disqualify
disqualifies	disqualify
disqualifying	disqualify
disquieted	disquiet
disquieting	disquiet
disquiets	disquiet
disquisitions	disquisition
disregarded	disregard
disregarding	disregard
disregards	disregard
disrespected	disrespect
disrespecting	disrespect
disrespects	disrespect
disrobed	disrobe
disrobes	disrobe
disrobing	disrobe
disrupted	disrupt
disrupters	disrupter
disrupting	disrupt
disruptions	disruption
disruptors	disruptor
disrupts	disrupt
dissatisfactions	dissatisfaction
dissatisfied	dissatisfy
dissatisfier	dissatisfy
dissatisfies	dissatisfy
dissatisfying	dissatisfy
dissected	dissect
dissecting	dissect
dissections	dissection
dissects	dissect
dissembled	dissemble
dissemblers	dissembler
dissembles	dissemble
dissembling	dissemble
disseminated	disseminate
disseminates	disseminate
disseminating	disseminate
disseminators	disseminator
dissensions	dissension
dissented	dissent
dissenters	dissenter
dissenting	dissent
dissentions	dissention
dissents	dissent
dissertations	dissertation
disservices	disservice
dissidents	dissident
dissimilarities	dissimilarity
dissimulated	dissimulate
dissimulates	dissimulate
dissimulating	dissimulate
dissipated	dissipate
dissipates	dissipate
dissipating	dissipate
dissipations	dissipation
dissociated	dissociate
dissociates	dissociate
dissociating	dissociate
dissociations	dissociation
dissolutes	dissolute
dissolutions	dissolution
dissolved	dissolve
dissolves	dissolve
dissolving	dissolve
dissonances	dissonance
dissuaded	dissuade
dissuades	dissuade
dissuading	dissuade
distaffs	distaff
distanced	distance
distances	distance
distancing	distance
distastes	distaste
distempered	distemper
distempering	distemper
distempers	distemper
distended	distend
distending	distend
distends	distend
distensions	distension
distillated	distillate
distillates	distillate
distillations	distillation
distilled	distil
distilleries	distillery
distillers	distiller
distilling	distil
distills	distill
distils	distil
distinctions	distinction
distinguished	distinguish
distinguishes	distinguish
distinguishing	distinguish
distorted	distort
distorting	distort
distortions	distortion
distorts	distort
distracted	distract
distracting	distract
distractions	distraction
distractors	distractor
distracts	distract
distressed	distress
distresses	distress
distressing	distress
distributed	distribute
distributes	distribute
distributing	distribute
distributions	distribution
distributors	distributor
districted	district
districting	district
districts	district
distrusted	distrust
distrusting	distrust
distrusts	distrust
disturbances	disturbance
disturbed	disturb
disturbers	disturber
disturbing	disturb
disturbs	disturb
disunited	disunite
disunites	disunite
disunities	disunity
disuniting	disunite
ditched	ditch
ditches	ditch
ditching	ditch
dithered	dither
dithering	dither
dithers	dither
dits	dit
ditties	ditty
dittoed	ditto
dittoing	ditto
dittos	ditto
diuretics	diuretic
divagated	divagate
divagates	divagate
divagating	divagate
divans	divan
divas	diva
dived	dive
diverged	diverge
divergences	divergence
divergents	divergent
diverges	diverge
diverging	diverge
divers	diver
diversifications	diversification
diversified	diversify
diversifies	diversify
diversifying	diversify
diversions	diversion
diversities	diversity
diverted	divert
diverting	divert
divertissements	divertissement
diverts	divert
dives	dive
divested	divest
divesting	divest
divests	divest
divided	divide
dividends	dividend
dividers	divider
divides	divide
dividing	divide
divinations	divination
divined	divine
diviner	divine
diviners	diviner
divines	divine
diving	dive
divining	divine
divinities	divinity
divisionals	divisional
divisions	division
divisors	divisor
divorced	divorce
divorcees	divorcee
divorces	divorce
divorcing	divorce
divots	divot
divulged	divulge
divulges	divulge
divulging	divulge
divvied	divvy
dizzied	dizzy
dizzier	dizzy
dizzies	dizzy
dizzying	dizzy
djed	dj
djing	dj
djs	dj
dnas	dna
docked	dock
docketed	docket
docketing	docket
dockets	docket
docking	dock
dockings	docking
docks	dock
docksides	dockside
dockworkers	dockworker
dockyards	dockyard
docs	doc
doctorates	doctorate
doctored	doctor
doctoring	doctor
doctors	doctor
doctrinaires	doctrinaire
doctrines	doctrine
documentaries	documentary
documentations	documentation
documented	document
documenting	document
documents	document
doddered	dodder
doddering	dodder
dodders	dodder
dodged	dodge
dodgers	dodger
dodges	dodge
dodgier	dodgy
dodgiest	dodgy
dodging	dodge
dodos	dodo
doers	doer
does	do
doeskins	doeskin
doffed	doff
doffing	doff
doffs	doff
doges	doge
dogfighting	dogfight
dogfights	dogfight
dogged	dog
doggies	doggy
dogging	dog
doglegs	dogleg
dogmas	dogma
dogmatics	dogmatic
dogmatists	dogmatist
dogs	dog
dogwoods	dogwood
doing	do
dojos	dojo
doled	dole
doles	dole
doling	dole
dollars	dollar
dolled	doll
dollies	dolly
dolling	doll
dollops	dollop
dolls	doll
dolmens	dolmen
dolomites	dolomite
dolphins	dolphin
dolts	dolt
domains	domain
domed	dome
domes	dome
domesticated	domesticate
domesticates	domesticate
domesticating	domesticate
domestications	domestication
domesticities	domesticity
domestics	domestic
domiciled	domicile
domiciles	domicile
domiciling	domicile
domicils	domicile
dominants	dominant
dominated	dominate
dominates	dominate
dominating	dominate
dominations	domination
dominators	dominator
dominatrixes	dominatrix
domineered	domineer
domineering	domineer
domineers	domineer
dominicans	dominican
dominions	dominion
dominoes	domino
donated	donate
donates	donate
donating	donate
donations	donation
done	do
donged	dong
donging	dong
dongs	dong
donkeys	donkey
donned	don
donning	don
donors	donor
dons	don
donuts	donut
doodled	doodle
doodles	doodle
doodling	doodle
doohickeys	doohickey
doomed	doom
dooming	doom
dooms	doom
doomsayers	doomsayer
doomsters	doomster
doorbells	doorbell
doorjambs	doorjamb
doorkeepers	doorkeeper
doorknobs	doorknob
doormats	doormat
doormen	doorman
doornails	doornail
doorposts	doorpost
doors	door
doorstepping	doorstep
doorsteps	doorstep
doorstops	doorstop
doorways	doorway
dopants	dopant
doped	dope
dopes	dope
doping	dope
dopings	doping
doppelgangers	doppelganger
dories	dory
dorks	dork
dormered	dormer
dormers	dormer
dormitories	dormitory
dorms	dorm
dorsals	dorsal
dosages	dosage
dosed	dose
doses	dose
dosimeters	dosimeter
dosing	dose
dossier	dossy
dossiers	dossier
doted	dote
dotes	dote
doting	dote
dots	dot
dotted	dot
dottier	dotty
dotting	dot
double-crossed	double-cross
doubled	double
doubles	double
doublets	doublet
doubling	double
doublings	doubling
doubloons	doubloon
doubted	doubt
doubters	doubter
doubting	doubt
doubts	doubt
douched	douche
douches	douche
douching	douche
doughboys	doughboy
doughnuts	doughnut
doughnutting	doughnut
doughs	dough
doughtiest	doughty
dourest	dour
doused	douse
douses	douse
dousing	douse
dovecotes	dovecote
doves	dove
dovetailed	dovetail
dovetailing	dovetail
dovetails	dovetail
doving	dove
dowagers	dowager
dowdier	dowdy
dowdiest	dowdy
dowelled	dowel
dowels	dowel
dowered	dower
dowering	dower
dowers	dower
downbeats	downbeat
downed	down
downers	downer
downfalls	downfall
downgraded	downgrade
downgrades	downgrade
downgrading	downgrade
downgradings	downgrading
downhillers	downhiller
downhills	downhill
downing	down
downloaded	download
downloading	download
downloads	download
downplayed	downplay
downplaying	downplay
downplays	downplay
downpours	downpour
downs	down
downsides	downside
downsized	downsize
downsizing	downsize
downslopes	downslope
downspouts	downspout
downstrokes	downstroke
downswings	downswing
downtowner	downtown
downturned	downturn
downturns	downturn
dowries	dowry
dowsed	dowse
dowsers	dowser
dowses	dowse
dowsing	dowse
doyens	doyen
dozed	doze
dozes	doze
dozing	doze
drabber	drab
drabbest	drab
drabs	drab
drafted	draft
draftees	draftee
drafters	drafter
drafting	draft
drafts	draft
draftsmen	draftsman
dragged	drag
dragging	drag
dragnets	dragnet
dragonflies	dragonfly
dragons	dragon
dragooned	dragoon
dragooning	dragoon
dragoons	dragoon
drags	drag
drainages	drainage
drained	drain
drainers	drainer
draining	drain
drainpipes	drainpipe
drains	drain
drakes	drake
dramas	drama
dramatics	dramatic
dramatists	dramatist
dramatizations	dramatization
dramatized	dramatize
dramatizes	dramatize
dramatizing	dramatize
drams	dram
drank	drink
draped	drape
draperies	drapery
drapers	draper
drapes	drape
draping	drape
drapings	draping
draughted	draught
draughting	draught
draughts	draught
draughtsmen	draughtsman
drawbacks	drawback
drawbridges	drawbridge
drawcords	drawcord
drawdowns	drawdown
drawers	drawer
drawing	draw
drawings	drawing
drawled	drawl
drawling	drawl
drawls	drawl
drawn	draw
draws	draw
drawstrings	drawstring
drays	dray
dreaded	dread
dreading	dread
dreadlocked	dreadlock
dreadlocks	dreadlock
dreadnoughts	dreadnought
dreads	dread
dreamed	dream
dreamers	dreamer
dreamier	dreamy
dreamiest	dreamy
dreaming	dream
dreamings	dreaming
dreamlands	dreamland
dreams	dream
dreamscapes	dreamscape
drearier	dreary
dreariest	dreary
dredged	dredge
dredgers	dredger
dredges	dredge
dredging	dredge
dredgings	dredging
drenched	drench
drenches	drench
drenching	drench
drenchings	drenching
dressed	dress
dressers	dresser
dresses	dress
dressier	dressy
dressing	dress
dressings	dressing
dressmakers	dressmaker
drew	draw
dribbled	dribble
dribblers	dribbler
dribbles	dribble
dribbling	dribble
dribblings	dribbling
dribs	drib
dried	dry
drier	dry
driers	drier
dries	dry
driest	dry
drifted	drift
drifters	drifter
drifting	drift
drifts	drift
drilled	drill
drillers	driller
drilling	drill
drillings	drilling
drills	drill
drinkables	drinkable
drinkers	drinker
drinking	drink
drinks	drink
dripped	drip
drippiest	drippy
dripping	drip
drips	drip
drivelled	drivel
drivelling	drivel
drivels	drivel
driven	drive
drivers	driver
drives	drive
driveshafts	driveshaft
driveways	driveway
driving	drive
drizzled	drizzle
drizzles	drizzle
drizzling	drizzle
droids	droid
droits	droit
drolleries	drollery
drolls	droll
dromedaries	dromedary
droned	drone
drones	drone
droning	drone
drooled	drool
drooling	drool
drools	drool
drooped	droop
drooping	droop
droops	droop
drop-offs	drop-off
drop-outs	drop-out
droplets	droplet
dropouts	dropout
dropped	drop
droppers	dropper
dropping	drop
droppings	dropping
drops	drop
dropsies	dropsy
droughts	drought
drove	drive
drovers	drover
droves	drove
droving	drove
drowned	drown
drowning	drown
drownings	drowning
drowns	drown
drowsed	drowse
drowses	drowse
drowsier	drowsy
drowsing	drowse
drubbed	drub
drubbing	drub
drubs	drub
drudged	drudge
drudgeries	drudgery
drudges	drudge
drudging	drudge
drugged	drug
druggies	druggy
drugging	drug
druggists	druggist
drugs	drug
drugstores	drugstore
druids	druid
drumbeats	drumbeat
drummed	drum
drummers	drummer
drumming	drum
drummings	drumming
drumrolls	drumroll
drums	drum
drumsticks	drumstick
drunk	drink
drunkards	drunkard
drunker	drunk
drunks	drunk
dryers	dryer
drying	dry
drylands	dryland
dualisms	dualism
dualists	dualist
dualities	duality
duals	dual
dubbed	dub
dubbing	dub
dubbings	dubbing
dubs	dub
ducats	ducat
duchesses	duchess
duchies	duchy
duckbills	duckbill
duckboarding	duckboard
duckboards	duckboard
ducked	duck
duckies	ducky
ducking	duck
duckings	ducking
ducklings	duckling
ducks	duck
ducted	duct
ducting	duct
ducts	duct
dudding	dud
duded	dude
dudes	dude
dudgeons	dudgeon
duds	dud
duelled	duel
duelling	duel
duellists	duellist
duels	duel
duets	duet
duetted	duet
duetting	duet
duffed	duff
duffers	duffer
duffles	duffle
duffs	duff
dug	dig
dugouts	dugout
dugs	dug
duikers	duiker
dukedoms	dukedom
dukes	duke
dulcimers	dulcimer
dullards	dullard
dulled	dull
duller	dull
dullest	dull
dulling	dull
dulls	dull
dumbbells	dumbbell
dumbed	dumb
dumber	dumb
dumbest	dumb
dumbfounded	dumbfound
dumbfounding	dumbfound
dumbfounds	dumbfound
dumbing	dumb
dumbos	dumbo
dummied	dummy
dummies	dummy
dummying	dummy
dumped	dump
dumpers	dumper
dumpier	dumpy
dumping	dump
dumplings	dumpling
dumps	dump
dumpsters	dumpster
dunces	dunce
dunderheads	dunderhead
dunes	dune
dungarees	dungaree
dunged	dung
dungeons	dungeon
dunging	dung
dungs	dung
dunked	dunk
dunking	dunk
dunkings	dunking
dunks	dunk
dunned	dun
dunning	dun
duns	dun
duopolies	duopoly
duos	duo
duped	dupe
dupes	dupe
duping	dupe
duplexed	duplex
duplexes	duplex
duplexing	duplex
duplicated	duplicate
duplicates	duplicate
duplicating	duplicate
duplications	duplication
duplicators	duplicator
duplicities	duplicity
durabilities	durability
durables	durable
duras	dura
durations	duration
durbars	durbar
duresses	duress
durians	durian
dusked	dusk
duskier	dusky
dusking	dusk
dusks	dusk
dustbins	dustbin
dusted	dust
dusters	duster
dustier	dusty
dusting	dust
dustings	dusting
dustpans	dustpan
dusts	dust
dutchmen	dutchman
duties	duty
duvets	duvet
dwarfed	dwarf
dwarfing	dwarf
dwarfs	dwarf
dweebs	dweeb
dwellers	dweller
dwelling	dwell
dwellings	dwelling
dwells	dwell
dwelt	dwell
dwindled	dwindle
dwindles	dwindle
dwindling	dwindle
dyads	dyad
dybbukking	dybbuk
dybbuks	dybbuk
dyed	dye
dyeing	dye
dyeings	dyeing
dyes	dye
dying	die
dyked	dyke
dykes	dyke
dyking	dyke
dynamited	dynamite
dynamites	dynamite
dynamiting	dynamite
dynamometers	dynamometer
dynamos	dynamo
dynasties	dynasty
dynasts	dynast
dysfunctions	dysfunction
dyslexias	dyslexia
dyslexics	dyslexic
dysplasias	dysplasia
dystopias	dystopia
dystrophies	dystrophy
eagled	eagle
eagles	eagle
eagling	eagle
eardrums	eardrum
earflaps	earflap
earlier	early
earliest	early
earlobes	earlobe
earls	earl
earmarked	earmark
earmarking	earmark
earmarks	earmark
earned	earn
earners	earner
earnests	earnest
earning	earn
earns	earn
earphones	earphone
earpieces	earpiece
earplugs	earplug
earrings	earring
ears	ear
earthed	earth
earthenwares	earthenware
earthier	earthy
earthing	earth
earthlings	earthling
earthmovers	earthmover
earthquakes	earthquake
earths	earth
earthworks	earthwork
earthworms	earthworm
earwigged	earwig
earwigging	earwig
earwigs	earwig
eased	ease
easels	easel
easements	easement
eases	ease
easier	easy
easiest	easy
easing	ease
easings	easing
easterlies	easterly
easterners	easterner
easters	easter
eaten	eat
eateries	eatery
eaters	eater
eating	eat
eats	eat
eaved	eave
eaves	eave
eavesdropped	eavesdrop
eavesdroppers	eavesdropper
eavesdropping	eavesdrop
eavesdrops	eavesdrop
ebbed	ebb
ebbing	ebb
ebbings	ebbing
ebbs	ebb
ebonies	ebony
eccentricities	eccentricity
eccentrics	eccentric
ecclesiastics	ecclesiastic
echeloned	echelon
echelons	echelon
echinoderms	echinoderm
echocardiograms	echocardiogram
echoed	echo
echoes	echo
echoing	echo
echoings	echoing
eclairs	eclair
eclectics	eclectic
eclipsed	eclipse
eclipses	eclipse
eclipsing	eclipse
eclogues	eclogue
ecologies	ecology
ecologists	ecologist
econometrics	econometric
economies	economy
economists	economist
economized	economize
economizes	economize
economizing	economize
ecosystems	ecosystem
ecstasies	ecstasy
ecstatics	ecstatic
ectomorphs	ectomorph
ectopics	ectopic
ecuadoreans	ecuadorean
ecuadorians	ecuadorian
ecumenicals	ecumenical
eddied	eddy
eddies	eddy
eddying	eddy
edged	edge
edges	edge
edgier	edgy
edging	edge
edgings	edging
edibles	edible
edicts	edict
edifications	edification
edifices	edifice
edified	edify
edifies	edify
edifying	edify
edited	edit
editing	edit
editings	editing
editions	edition
editorialists	editorialist
editorialized	editorialize
editorializes	editorialize
editorializing	editorialize
editorials	editorial
editors	editor
edits	edit
educated	educate
educates	educate
educating	educate
educationists	educationist
educators	educator
educed	educe
educes	educe
educing	educe
edwardians	edwardian
eejits	eejit
eeling	eel
eels	eel
effaced	efface
effaces	efface
effacing	efface
effected	effect
effecting	effect
effectors	effector
effects	effect
effectuated	effectuate
effectuates	effectuate
effectuating	effectuate
effed	eff
effervesced	effervesce
effervesces	effervesce
effervescing	effervesce
efficacies	efficacy
efficiencies	efficiency
effigies	effigy
effing	eff
efflorescences	efflorescence
effluents	effluent
efforts	effort
effs	eff
effusions	effusion
egalitarians	egalitarian
egged	egg
eggheads	egghead
egging	egg
eggplants	eggplant
eggs	egg
eggshells	eggshell
egocentricities	egocentricity
egocentrics	egocentric
egoisms	egoism
egoists	egoist
egomaniacs	egomaniac
egos	ego
egotists	egotist
egressed	egress
egresses	egress
egressing	egress
egrets	egret
egyptians	egyptian
ehs	eh
eiderdowns	eiderdown
eiders	eider
eigenvalues	eigenvalue
ejaculated	ejaculate
ejaculates	ejaculate
ejaculating	ejaculate
ejaculations	ejaculation
ejected	eject
ejecting	eject
ejections	ejection
ejectors	ejector
ejects	eject
ejidos	ejido
ekes	eke
elaborated	elaborate
elaborates	elaborate
elaborating	elaborate
elaborations	elaboration
elands	eland
elans	elan
elapsed	elapse
elapses	elapse
elapsing	elapse
elasticities	elasticity
elastics	elastic
elastomers	elastomer
elated	elate
elates	elate
elating	elate
elations	elation
elbowed	elbow
elbowing	elbow
elbows	elbow
elderberries	elderberry
elders	elder
elected	elect
electing	elect
elections	election
electives	elective
electorates	electorate
electors	elector
electricals	electrical
electricians	electrician
electrics	electric
electrified	electrify
electrifies	electrify
electrifying	electrify
electrocardiograms	electrocardiogram
electrocuted	electrocute
electrocutes	electrocute
electrocuting	electrocute
electrodes	electrode
electrodynamics	electrodynamic
electroencephalograms	electroencephalogram
electrolytes	electrolyte
electromagnetics	electromagnetic
electromagnets	electromagnet
electrons	electron
electroplated	electroplate
electroplates	electroplate
electroplating	electroplate
electrostatics	electrostatic
elects	elect
elegances	elegance
elegies	elegy
elementals	elemental
elements	element
elephants	elephant
elevated	elevate
elevates	elevate
elevating	elevate
elevations	elevation
elevators	elevator
elfed	elf
elicitations	elicitation
elicited	elicit
eliciting	elicit
elicits	elicit
elided	elide
elides	elide
eliding	elide
eligibilities	eligibility
eliminated	eliminate
eliminates	eliminate
eliminating	eliminate
eliminations	elimination
eliminators	eliminator
elisions	elision
elites	elite
elitists	elitist
elixirs	elixir
elizabethans	elizabethan
elks	elk
ells	ell
elms	elm
elongated	elongate
elongates	elongate
elongating	elongate
elongations	elongation
eloped	elope
elopes	elope
eloping	elope
elucidated	elucidate
elucidates	elucidate
elucidating	elucidate
elucidations	elucidation
eluded	elude
eludes	elude
eluding	elude
elves	elf
emaciated	emaciate
emaciates	emaciate
emaciating	emaciate
emanated	emanate
emanates	emanate
emanating	emanate
emanations	emanation
emancipated	emancipate
emancipates	emancipate
emancipating	emancipate
emancipations	emancipation
emancipators	emancipator
emasculated	emasculate
emasculates	emasculate
emasculating	emasculate
embalmed	embalm
embalmers	embalmer
embalming	embalm
embalms	embalm
embankments	embankment
embargoed	embargo
embargoes	embargo
embargoing	embargo
embargos	embargo
embarked	embark
embarking	embark
embarks	embark
embarrassed	embarrass
embarrasses	embarrass
embarrassing	embarrass
embarrassments	embarrassment
embassies	embassy
embayments	embayment
embedded	embed
embedding	embed
embeds	embed
embellished	embellish
embellishes	embellish
embellishing	embellish
embellishments	embellishment
embers	ember
embezzled	embezzle
embezzlements	embezzlement
embezzles	embezzle
embezzling	embezzle
embittered	embitter
embittering	embitter
embitters	embitter
emblazoned	emblazon
emblazoning	emblazon
emblazons	emblazon
emblems	emblem
embodied	embody
embodies	embody
embodiments	embodiment
embodying	embody
emboldened	embolden
emboldening	embolden
emboldens	embolden
embolisms	embolism
embossed	emboss
embosses	emboss
embossing	emboss
embouchures	embouchure
embraced	embrace
embraces	embrace
embracing	embrace
embracings	embracing
embrasures	embrasure
embroidered	embroider
embroiderers	embroiderer
embroideries	embroidery
embroidering	embroider
embroiders	embroider
embroiled	embroil
embroiling	embroil
embroils	embroil
embryologies	embryology
embryologists	embryologist
embryos	embryo
emceed	emcee
emceeing	emcee
emcees	emcee
emendations	emendation
emended	emend
emending	emend
emends	emend
emeralds	emerald
emerged	emerge
emergencies	emergency
emergents	emergent
emerges	emerge
emerging	emerge
emetics	emetic
emigrants	emigrant
emigrated	emigrate
emigrates	emigrate
emigrating	emigrate
emigrations	emigration
emigres	emigre
eminences	eminence
emirates	emirate
emirs	emir
emissaries	emissary
emissions	emission
emissivities	emissivity
emits	emit
emitted	emit
emitters	emitter
emitting	emit
emollients	emollient
emoluments	emolument
emos	emo
emoted	emote
emotes	emote
emoting	emote
emotions	emotion
empaneled	empanel
empaneling	empanel
empanelled	empanel
empanels	empanel
empathies	empathy
empathized	empathize
empathizes	empathize
empathizing	empathize
empaths	empath
emperors	emperor
emphasized	emphasize
emphasizes	emphasize
emphasizing	emphasize
empires	empire
empiricals	empirical
empiricists	empiricist
empirics	empiric
emplacements	emplacement
employed	employ
employees	employee
employers	employer
employing	employ
employments	employment
employs	employ
emporia	emporium
empowered	empower
empowering	empower
empowers	empower
empresses	empress
emptied	empty
emptier	empty
empties	empty
emptiest	empty
emptinesses	emptiness
emptying	empty
ems	em
emulated	emulate
emulates	emulate
emulating	emulate
emulations	emulation
emulators	emulator
emulsified	emulsify
emulsifies	emulsify
emulsifying	emulsify
emulsioned	emulsion
emulsions	emulsion
emus	emu
enabled	enable
enablers	enabler
enables	enable
enabling	enable
enacted	enact
enacting	enact
enactments	enactment
enacts	enact
enamelled	enamel
enamelling	enamel
enamels	enamel
enamored	enamor
enamoring	enamor
enamors	enamor
enantiomers	enantiomer
encamped	encamp
encamping	encamp
encampments	encampment
encamps	encamp
encapsulated	encapsulate
encapsulates	encapsulate
encapsulating	encapsulate
encapsulations	encapsulation
encased	encase
encases	encase
encasing	encase
encephalopathies	encephalopathy
enchanted	enchant
enchanters	enchanter
enchanting	enchant
enchantments	enchantment
enchants	enchant
enchiladas	enchilada
enciphered	encipher
enciphering	encipher
enciphers	encipher
encircled	encircle
encircles	encircle
encircling	encircle
enclaves	enclave
enclosed	enclose
encloses	enclose
enclosing	enclose
enclosures	enclosure
encoded	encode
encoders	encoder
encodes	encode
encoding	encode
encodings	encoding
encomiums	encomium
encompassed	encompass
encompasses	encompass
encompassing	encompass
encored	encore
encores	encore
encoring	encore
encountered	encounter
encountering	encounter
encounters	encounter
encouraged	encourage
encouragements	encouragement
encourages	encourage
encouraging	encourage
encroached	encroach
encroaches	encroach
encroaching	encroach
encroachments	encroachment
encrustations	encrustation
encrusted	encrust
encrusting	encrust
encrusts	encrust
encrypted	encrypt
encrypting	encrypt
encryptions	encryption
encrypts	encrypt
encumbered	encumber
encumbering	encumber
encumbers	encumber
encumbrances	encumbrance
encyclicals	encyclical
encyclopaedias	encyclopaedia
encyclopedias	encyclopedia
endangered	endanger
endangering	endanger
endangers	endanger
endeared	endear
endearing	endear
endearments	endearment
endears	endear
endeavored	endeavor
endeavoring	endeavor
endeavors	endeavor
endeavoured	endeavour
endeavouring	endeavour
endeavours	endeavour
ended	end
endemics	endemic
endgames	endgame
ending	end
endings	ending
endives	endive
endnotes	endnote
endocrinologists	endocrinologist
endomorphs	endomorph
endorphins	endorphin
endorsed	endorse
endorsements	endorsement
endorses	endorse
endorsing	endorse
endoscoped	endoscope
endoscopes	endoscope
endoscopies	endoscopy
endoscoping	endoscope
endotherms	endotherm
endotoxins	endotoxin
endowed	endow
endowing	endow
endowments	endowment
endows	endow
endpapers	endpaper
endpoints	endpoint
ends	end
endued	endue
endues	endue
enduing	endue
endured	endure
endures	endure
enduring	endure
enemas	enema
enemies	enemy
energetics	energetic
energies	energy
energized	energize
energizers	energizer
energizes	energize
energizing	energize
enervated	enervate
enervates	enervate
enervating	enervate
enfeebled	enfeeble
enfeebles	enfeeble
enfeebling	enfeeble
enflamed	enflame
enfolded	enfold
enfolding	enfold
enfolds	enfold
enforced	enforce
enforcements	enforcement
enforcers	enforcer
enforces	enforce
enforcing	enforce
enfranchised	enfranchise
enfranchisements	enfranchisement
enfranchises	enfranchise
enfranchising	enfranchise
engaged	engage
engagements	engagement
engages	engage
engaging	engage
engendered	engender
engendering	engender
engenders	engender
engined	engine
engineered	engineer
engineering	engineer
engineers	engineer
engines	engine
englishmen	englishman
engorged	engorge
engorges	engorge
engorging	engorge
engraved	engrave
engravers	engraver
engraves	engrave
engraving	engrave
engravings	engraving
engrossed	engross
engrosses	engross
engrossing	engross
engrossments	engrossment
engulfed	engulf
engulfing	engulf
engulfs	engulf
enhanced	enhance
enhancements	enhancement
enhancers	enhancer
enhances	enhance
enhancing	enhance
enigmas	enigma
enjambments	enjambment
enjoined	enjoin
enjoining	enjoin
enjoins	enjoin
enjoyed	enjoy
enjoying	enjoy
enjoyments	enjoyment
enjoys	enjoy
enlarged	enlarge
enlargements	enlargement
enlargers	enlarger
enlarges	enlarge
enlarging	enlarge
enlightened	enlighten
enlightening	enlighten
enlightenments	enlightenment
enlightens	enlighten
enlisted	enlist
enlisting	enlist
enlistments	enlistment
enlists	enlist
enlivened	enliven
enlivening	enliven
enlivens	enliven
enmeshed	enmesh
enmeshes	enmesh
enmeshing	enmesh
enmities	enmity
ennobled	ennoble
ennobles	ennoble
ennobling	ennoble
enormities	enormity
enquired	enquire
enquirers	enquirer
enquires	enquire
enquiries	enquiry
enquiring	enquire
enraged	enrage
enrages	enrage
enraging	enrage
enraptured	enrapture
enraptures	enrapture
enrapturing	enrapture
enriched	enrich
enriches	enrich
enriching	enrich
enrichments	enrichment
enrolled	enroll
enrolling	enroll
enrolments	enrolment
enrols	enroll
ensconced	ensconce
ensconces	ensconce
ensconcing	ensconce
ensembles	ensemble
enshrined	enshrine
enshrines	enshrine
enshrining	enshrine
enshrouded	enshroud
enshrouding	enshroud
enshrouds	enshroud
ensigns	ensign
enslaved	enslave
enslaves	enslave
enslaving	enslave
ensnared	ensnare
ensnares	ensnare
ensnaring	ensnare
ensued	ensue
ensues	ensue
ensuing	ensue
ensured	ensure
ensures	ensure
ensuring	ensure
entablatures	entablature
entailed	entail
entailing	entail
entailments	entailment
entails	entail
entangled	entangle
entanglements	entanglement
entangles	entangle
entangling	entangle
ententes	entente
entered	enter
entering	enter
enterotoxins	enterotoxin
enterprises	enterprise
enters	enter
entertained	entertain
entertainers	entertainer
entertaining	entertain
entertainments	entertainment
entertains	entertain
enthralled	enthral
enthralling	enthral
enthralls	enthrall
enthrals	enthral
enthused	enthuse
enthuses	enthuse
enthusiasms	enthusiasm
enthusiasts	enthusiast
enthusing	enthuse
enticed	entice
enticements	enticement
entices	entice
enticing	entice
entities	entity
entitled	entitle
entitlements	entitlement
entitles	entitle
entitling	entitle
entombed	entomb
entombing	entomb
entombs	entomb
entomologists	entomologist
entourages	entourage
entrained	entrain
entraining	entrain
entrains	entrain
entranced	entrance
entrances	entrance
entranceways	entranceway
entrancing	entrance
entrants	entrant
entrapments	entrapment
entrapped	entrap
entrapping	entrap
entraps	entrap
entreated	entreat
entreaties	entreaty
entreating	entreat
entreats	entreat
entrees	entree
entrenched	entrench
entrenches	entrench
entrenching	entrench
entrenchments	entrenchment
entrepreneurs	entrepreneur
entries	entry
entropies	entropy
entrusted	entrust
entrusting	entrust
entrusts	entrust
entwined	entwine
entwines	entwine
entwining	entwine
enumerated	enumerate
enumerates	enumerate
enumerating	enumerate
enumerations	enumeration
enumerators	enumerator
enunciated	enunciate
enunciates	enunciate
enunciating	enunciate
enunciations	enunciation
enveloped	envelop
envelopes	envelope
enveloping	envelop
envelopments	envelopment
envelops	envelop
envied	envy
envies	envy
environed	environ
environing	environ
environmentalists	environmentalist
environments	environment
environs	environ
envisaged	envisage
envisages	envisage
envisaging	envisage
envisioned	envision
envisioning	envision
envisions	envision
envoys	envoy
envying	envy
enwrapped	enwrap
enwrapping	enwrap
enwraps	enwrap
enzymes	enzyme
eons	eon
eosinophils	eosinophil
epaulets	epaulet
epaulettes	epaulette
ephemerals	ephemeral
epics	epic
epicycles	epicycle
epidemics	epidemic
epidemiologists	epidemiologist
epidurals	epidural
epigones	epigone
epigrams	epigram
epigraphs	epigraph
epileptics	epileptic
epilogues	epilogue
epiphanies	epiphany
epiphytes	epiphyte
episcopacies	episcopacy
episcopalians	episcopalian
episcopates	episcopate
episiotomies	episiotomy
episodes	episode
epistemes	episteme
epistemologies	epistemology
epistemologists	epistemologist
epistles	epistle
epitaphs	epitaph
epithets	epithet
epitomes	epitome
epitomized	epitomize
epitomizes	epitomize
epitomizing	epitomize
epitopes	epitope
epochs	epoch
epoxied	epoxy
epoxies	epoxy
epsilons	epsilon
equalities	equality
equalized	equalize
equalizes	equalize
equalizing	equalize
equalled	equal
equalling	equal
equals	equal
equated	equate
equates	equate
equating	equate
equations	equation
equators	equator
equerries	equerry
equestrians	equestrian
equilibrated	equilibrate
equilibrates	equilibrate
equilibrating	equilibrate
equines	equine
equinoxes	equinox
equiped	equipe
equipments	equipment
equipped	equip
equipping	equip
equips	equip
equities	equity
equivalenced	equivalence
equivalences	equivalence
equivalencies	equivalency
equivalents	equivalent
equivocated	equivocate
equivocates	equivocate
equivocating	equivocate
equivocations	equivocation
eradicated	eradicate
eradicates	eradicate
eradicating	eradicate
eras	era
erased	erase
erasers	eraser
erases	erase
erasing	erase
erasures	erasure
erected	erect
erecting	erect
erections	erection
erectors	erector
erects	erect
eres	ere
ergs	erg
eritreans	eritrean
ermines	ermine
eroded	erode
erodes	erode
eroding	erode
erosions	erosion
erotics	erotic
errands	errand
erratics	erratic
erred	err
erring	err
errors	error
errs	err
eruditions	erudition
erupted	erupt
erupting	erupt
eruptions	eruption
eruptives	eruptive
erupts	erupt
erythrocytes	erythrocyte
escalated	escalate
escalates	escalate
escalating	escalate
escalations	escalation
escalators	escalator
escapades	escapade
escaped	escape
escapees	escapee
escapements	escapement
escapes	escape
escaping	escape
escapists	escapist
escargots	escargot
escarpments	escarpment
eschars	eschar
eschatologies	eschatology
eschewed	eschew
eschewing	eschew
eschews	eschew
escorted	escort
escorting	escort
escorts	escort
escutcheons	escutcheon
eskimos	eskimo
esoterics	esoteric
espadrilles	espadrille
espaliered	espalier
espaliers	espalier
espied	espy
espies	espy
espoused	espouse
espouses	espouse
espousing	espouse
espressos	espresso
esprits	esprit
espying	espy
essayed	essay
essaying	essay
essayists	essayist
essays	essay
essences	essence
essentialisms	essentialism
essentialists	essentialist
essentials	essential
established	establish
establishes	establish
establishing	establish
establishments	establishment
estancias	estancia
estates	estate
esteemed	esteem
esteeming	esteem
esteems	esteem
esters	ester
estimated	estimate
estimates	estimate
estimating	estimate
estimations	estimation
estimators	estimator
estonians	estonian
estranged	estrange
estrangements	estrangement
estranges	estrange
estranging	estrange
estrogens	estrogen
estuaries	estuary
etas	eta
etceteras	etcetera
etched	etch
etchers	etcher
etches	etch
etching	etch
etchings	etching
eternities	eternity
ethanols	ethanol
ethernets	ethernet
ethers	ether
ethicists	ethicist
ethiopians	ethiopian
ethnicities	ethnicity
ethnographers	ethnographer
ethnographies	ethnography
ethnologists	ethnologist
ethnomusicologists	ethnomusicologist
ethologists	ethologist
etiologies	etiology
etiquettes	etiquette
etruscans	etruscan
etudes	etude
etymologies	etymology
eucharists	eucharist
eugenicists	eugenicist
eukaryotes	eukaryote
eulogies	eulogy
eulogized	eulogize
eulogizes	eulogize
eulogizing	eulogize
eunuchs	eunuch
euphemisms	euphemism
euphorbias	euphorbia
eurasians	eurasian
europeans	european
euros	euro
evacuated	evacuate
evacuates	evacuate
evacuating	evacuate
evacuations	evacuation
evacuees	evacuee
evaded	evade
evaders	evader
evades	evade
evading	evade
evaluated	evaluate
evaluates	evaluate
evaluating	evaluate
evaluations	evaluation
evaluators	evaluator
evangelicals	evangelical
evangelists	evangelist
evangelized	evangelize
evangelizes	evangelize
evangelizing	evangelize
evaporated	evaporate
evaporates	evaporate
evaporating	evaporate
evaporators	evaporator
evasions	evasion
evened	even
evening	even
evenings	evening
evens	even
evensongs	evensong
events	event
eventualities	eventuality
eventuated	eventuate
eventuates	eventuate
eventuating	eventuate
evergreens	evergreen
everlastings	everlasting
eves	eve
evicted	evict
evicting	evict
evictions	eviction
evicts	evict
evidenced	evidence
evidences	evidence
evidencing	evidence
evils	evil
evinced	evince
evinces	evince
evincing	evince
eviscerated	eviscerate
eviscerates	eviscerate
eviscerating	eviscerate
evocations	evocation
evoked	evoke
evokes	evoke
evoking	evoke
evolutionists	evolutionist
evolutions	evolution
evolved	evolve
evolves	evolve
evolving	evolve
ewers	ewer
ewes	ewe
exacerbated	exacerbate
exacerbates	exacerbate
exacerbating	exacerbate
exacerbations	exacerbation
exacted	exact
exacting	exact
exactions	exaction
exactitudes	exactitude
exacts	exact
exaggerated	exaggerate
exaggerates	exaggerate
exaggerating	exaggerate
exaggerations	exaggeration
exaltations	exaltation
exalted	exalt
exalting	exalt
exalts	exalt
examinations	examination
examined	examine
examinees	examinee
examiners	examiner
examines	examine
examining	examine
examples	example
exams	exam
exasperated	exasperate
exasperates	exasperate
exasperating	exasperate
excavated	excavate
excavates	excavate
excavating	excavate
excavations	excavation
excavators	excavator
exceeded	exceed
exceeding	exceed
exceeds	exceed
excelled	excel
excellences	excellence
excelling	excel
excels	excel
excelsiors	excelsior
excepted	except
excepting	except
exceptionals	exceptional
exceptions	exception
excepts	except
excerpted	excerpt
excerpting	excerpt
excerpts	excerpt
excesses	excess
exchanged	exchange
exchangers	exchanger
exchanges	exchange
exchanging	exchange
exchequers	exchequer
excised	excise
excises	excise
excising	excise
excisions	excision
excitations	excitation
excited	excite
excitements	excitement
excites	excite
exciting	excite
exclaimed	exclaim
exclaiming	exclaim
exclaims	exclaim
exclamations	exclamation
excluded	exclude
excluders	excluder
excludes	exclude
excluding	exclude
exclusions	exclusion
exclusives	exclusive
excogitated	excogitate
excogitates	excogitate
excogitating	excogitate
excommunicated	excommunicate
excommunicates	excommunicate
excommunicating	excommunicate
excommunications	excommunication
excoriated	excoriate
excoriates	excoriate
excoriating	excoriate
excoriations	excoriation
excrescences	excrescence
excreted	excrete
excretes	excrete
excreting	excrete
excretions	excretion
excruciated	excruciate
excruciates	excruciate
excruciating	excruciate
exculpated	exculpate
exculpates	exculpate
exculpating	exculpate
excursions	excursion
excused	excuse
excuses	excuse
excusing	excuse
execrated	execrate
execrates	execrate
execrating	execrate
execrations	execration
execs	exec
executables	executable
executed	execute
executes	execute
executing	execute
executioners	executioner
executions	execution
executives	executive
executors	executor
exegetes	exegete
exemplars	exemplar
exemplifications	exemplification
exemplified	exemplify
exemplifies	exemplify
exemplifying	exemplify
exempted	exempt
exempting	exempt
exemptions	exemption
exempts	exempt
exercised	exercise
exercisers	exerciser
exercises	exercise
exercising	exercise
exerted	exert
exerting	exert
exertions	exertion
exerts	exert
exes	ex
exfoliants	exfoliant
exfoliated	exfoliate
exfoliates	exfoliate
exfoliating	exfoliate
exfoliators	exfoliator
exhalations	exhalation
exhaled	exhale
exhales	exhale
exhaling	exhale
exhausted	exhaust
exhausting	exhaust
exhaustions	exhaustion
exhausts	exhaust
exhibited	exhibit
exhibiting	exhibit
exhibitionists	exhibitionist
exhibitions	exhibition
exhibitors	exhibitor
exhibits	exhibit
exhilarated	exhilarate
exhilarates	exhilarate
exhilarating	exhilarate
exhortations	exhortation
exhorted	exhort
exhorting	exhort
exhorts	exhort
exhumations	exhumation
exhumed	exhume
exhumes	exhume
exhuming	exhume
exigences	exigence
exigencies	exigency
exiled	exile
exiles	exile
exiling	exile
existed	exist
existences	existence
existentialists	existentialist
existents	existent
existing	exist
exists	exist
exited	exit
exiting	exit
exits	exit
exonerated	exonerate
exonerates	exonerate
exonerating	exonerate
exons	exon
exorcised	exorcise
exorcises	exorcise
exorcising	exorcise
exorcisms	exorcism
exorcists	exorcist
exorcized	exorcize
exorcizes	exorcize
exorcizing	exorcize
exoskeletons	exoskeleton
exotics	exotic
expanded	expand
expanders	expander
expanding	expand
expands	expand
expanses	expanse
expansionists	expansionist
expansions	expansion
expatiated	expatiate
expatiates	expatiate
expatiating	expatiate
expatriated	expatriate
expatriates	expatriate
expatriating	expatriate
expats	expat
expectancies	expectancy
expectations	expectation
expected	expect
expecting	expect
expectorants	expectorant
expectorated	expectorate
expectorates	expectorate
expectorating	expectorate
expects	expect
expediencies	expediency
expedients	expedient
expedited	expedite
expediters	expediter
expedites	expedite
expediting	expedite
expeditions	expedition
expelled	expel
expelling	expel
expels	expel
expendables	expendable
expended	expend
expending	expend
expenditures	expenditure
expends	expend
expenses	expense
experienced	experience
experiences	experience
experiencing	experience
experimentalists	experimentalist
experimentations	experimentation
experimented	experiment
experimenters	experimenter
experimenting	experiment
experiments	experiment
expertises	expertise
experts	expert
expiated	expiate
expiates	expiate
expiating	expiate
expired	expire
expires	expire
expiring	expire
explained	explain
explaining	explain
explains	explain
explanations	explanation
explanted	explant
explanting	explant
explants	explant
expletives	expletive
explicated	explicate
explicates	explicate
explicating	explicate
explications	explication
exploded	explode
explodes	explode
exploding	explode
explodings	exploding
exploitations	exploitation
exploited	exploit
exploiters	exploiter
exploiting	exploit
exploits	exploit
explorations	exploration
explored	explore
explorers	explorer
explores	explore
exploring	explore
explosions	explosion
explosives	explosive
exponentials	exponential
exponents	exponent
exported	export
exporters	exporter
exporting	export
exports	export
expos	expo
exposed	expose
exposes	expose
exposing	expose
expositions	exposition
expostulated	expostulate
expostulates	expostulate
expostulating	expostulate
exposures	exposure
expounded	expound
expounding	expound
expounds	expound
expressed	express
expresses	express
expressing	express
expressionists	expressionist
expressions	expression
expressways	expressway
expropriated	expropriate
expropriates	expropriate
expropriating	expropriate
expropriations	expropriation
expulsions	expulsion
expunged	expunge
expunges	expunge
expunging	expunge
expurgated	expurgate
expurgates	expurgate
expurgating	expurgate
extemporized	extemporize
extemporizes	extemporize
extemporizing	extemporize
extended	extend
extenders	extender
extending	extend
extends	extend
extensions	extension
extensors	extensor
extents	extent
extenuated	extenuate
extenuates	extenuate
extenuating	extenuate
exteriors	exterior
exterminated	exterminate
exterminates	exterminate
exterminating	exterminate
exterminations	extermination
exterminators	exterminator
externalities	externality
externalizations	externalization
externalized	externalize
externalizes	externalize
externalizing	externalize
externals	external
extinctions	extinction
extinguished	extinguish
extinguishers	extinguisher
extinguishes	extinguish
extinguishing	extinguish
extirpated	extirpate
extirpates	extirpate
extirpating	extirpate
extolled	extol
extolling	extol
extols	extol
extorted	extort
extorting	extort
extortionists	extortionist
extortions	extortion
extorts	extort
extracted	extract
extracting	extract
extractions	extraction
extractors	extractor
extracts	extract
extradited	extradite
extradites	extradite
extraditing	extradite
extraditions	extradition
extraordinaries	extraordinary
extrapolated	extrapolate
extrapolates	extrapolate
extrapolating	extrapolate
extrapolations	extrapolation
extras	extra
extraterrestrials	extraterrestrial
extravagances	extravagance
extravaganzas	extravaganza
extraverts	extravert
extremes	extreme
extremest	extreme
extremists	extremist
extremities	extremity
extricated	extricate
extricates	extricate
extricating	extricate
extroverted	extrovert
extroverts	extrovert
extruded	extrude
extruders	extruder
extrudes	extrude
extruding	extrude
extrusions	extrusion
exuberants	exuberant
exudates	exudate
exuded	exude
exudes	exude
exuding	exude
exultations	exultation
exulted	exult
exulting	exult
exults	exult
eyeballed	eyeball
eyeballing	eyeball
eyeballs	eyeball
eyebrows	eyebrow
eyed	eye
eyedrops	eyedrop
eyeglasses	eyeglass
eyeholes	eyehole
eyeing	eye
eyelashed	eyelash
eyelashes	eyelash
eyelets	eyelet
eyelids	eyelid
eyeliners	eyeliner
eyepatches	eyepatch
eyepieces	eyepiece
eyes	eye
eyeshadows	eyeshadow
eyesores	eyesore
eyewitnesses	eyewitness
eys	ey
fabians	fabian
fables	fable
fabricated	fabricate
fabricates	fabricate
fabricating	fabricate
fabrications	fabrication
fabricators	fabricator
fabrics	fabric
fabs	fab
fabulists	fabulist
facades	facade
faced	face
facelifted	facelift
facelifts	facelift
faceplates	faceplate
faces	face
facets	facet
facials	facial
facilitated	facilitate
facilitates	facilitate
facilitating	facilitate
facilitators	facilitator
facilities	facility
facing	face
facings	facing
facsimiles	facsimile
factions	faction
factoids	factoid
factored	factor
factorials	factorial
factories	factory
factoring	factor
factors	factor
factotums	factotum
facts	fact
faculties	faculty
faded	fade
fades	fade
fading	fade
fados	fado
fads	fad
faeries	faery
fagged	fag
fagging	fag
faggots	faggot
fagoted	fagot
fagoting	fagot
fagots	fagot
fags	fag
fail-safes	fail-safe
failed	fail
failing	fail
failings	failing
fails	fail
failures	failure
fainted	faint
fainter	faint
faintest	faint
fainting	faint
faintings	fainting
faints	faint
faired	fair
fairer	fair
fairest	fair
fairgrounds	fairground
fairies	fairy
fairing	fair
fairings	fairing
fairs	fair
fairways	fairway
faithfuls	faithful
faiths	faith
faked	fake
fakers	faker
fakes	fake
faking	fake
fakings	faking
fakirs	fakir
falafels	falafel
falconers	falconer
falconing	falcon
falcons	falcon
fallacies	fallacy
fallbacks	fallback
fallen	fall
fallers	faller
fallibilities	fallibility
falling	fall
fallings	falling
fallopians	fallopian
fallowing	fallow
fallows	fallow
falls	fall
falsehoods	falsehood
falsifications	falsification
falsified	falsify
falsifies	falsify
falsifying	falsify
falsities	falsity
faltered	falter
faltering	falter
falters	falter
familiarities	familiarity
familiarized	familiarize
familiarizes	familiarize
familiarizing	familiarize
familiars	familiar
families	family
famines	famine
famished	famish
famishes	famish
famishing	famish
fanatics	fanatic
fancied	fancy
fancier	fancy
fanciers	fancier
fancies	fancy
fancying	fancy
fandangos	fandango
fanfares	fanfare
fangs	fang
fanlights	fanlight
fanned	fan
fannies	fanny
fanning	fan
fans	fan
fantails	fantail
fantasias	fantasia
fantasied	fantasy
fantasies	fantasy
fantasists	fantasist
fantasized	fantasize
fantasizes	fantasize
fantasizing	fantasize
fantasying	fantasy
fanzines	fanzine
farced	farce
farces	farce
farcing	farce
fared	fare
fares	fare
farewells	farewell
faring	fare
farmed	farm
farmers	farmer
farmhands	farmhand
farmhouses	farmhouse
farming	farm
farmlands	farmland
farms	farm
farmsteads	farmstead
farmworkers	farmworker
farmyards	farmyard
farriers	farrier
farrowed	farrow
farrowing	farrow
farrows	farrow
farted	fart
farthings	farthing
farting	fart
farts	fart
fascias	fascia
fascicles	fascicle
fascinated	fascinate
fascinates	fascinate
fascinating	fascinate
fascinations	fascination
fascisms	fascism
fascists	fascist
fashionables	fashionable
fashioned	fashion
fashioning	fashion
fashions	fashion
fastballs	fastball
fasted	fast
fastened	fasten
fasteners	fastener
fastening	fasten
fastenings	fastening
fastens	fasten
faster	fast
fastest	fast
fasting	fast
fastings	fasting
fastnesses	fastness
fasts	fast
fatalities	fatality
fated	fate
fates	fate
fatest	fate
fathered	father
fathering	father
fatherlands	fatherland
fathers	father
fathomed	fathom
fathoming	fathom
fathoms	fathom
fatigued	fatigue
fatigues	fatigue
fatiguing	fatigue
fating	fate
fats	fat
fatted	fat
fattened	fatten
fattening	fatten
fattenings	fattening
fattens	fatten
fatter	fat
fattest	fat
fattier	fatty
fatties	fatty
fattiest	fatty
fatting	fat
fatwas	fatwa
faucets	faucet
faulted	fault
faulting	fault
faults	fault
faunas	fauna
fauns	faun
favelas	favela
favored	favor
favoring	favor
favorites	favorite
favors	favor
favoured	favour
favouring	favour
favourites	favourite
favours	favour
fawned	fawn
fawning	fawn
fawns	fawn
faxed	fax
faxes	fax
faxing	fax
fazed	faze
fazes	faze
fazing	faze
feared	fear
fearing	fear
fears	fear
feasted	feast
feasting	feast
feastings	feasting
feasts	feast
featherbedded	featherbed
featherbedding	featherbed
featherbeds	featherbed
feathered	feather
feathering	feather
featherings	feathering
feathers	feather
featherweights	featherweight
feats	feat
featured	feature
features	feature
featuring	feature
fed	feed
federalists	federalist
federalized	federalize
federalizes	federalize
federalizing	federalize
federated	federate
federates	federate
federating	federate
federations	federation
fedoras	fedora
feebles	feeble
feed	fee
feedbacks	feedback
feeders	feeder
feeding	fee
feedings	feeding
feedlots	feedlot
feeds	feed
feedstocks	feedstock
feelered	feeler
feelers	feeler
feeling	feel
feelings	feeling
feels	feel
fees	fee
feet	foot
feets	feet
feigned	feign
feigning	feign
feigns	feign
feinted	feint
feinting	feint
feints	feint
feistier	feisty
feistiest	feisty
feldspars	feldspar
felicitated	felicitate
felicitates	felicitate
felicitating	felicitate
felines	feline
fell	fall
fellahs	fellah
fellas	fella
fellated	fellate
fellating	fellate
felled	fell
fellers	feller
felling	fell
fellows	fellow
fellowships	fellowship
fells	fell
felonies	felony
felons	felon
felt	feel
felted	felt
felts	felt
females	female
feminines	feminine
femininities	femininity
feminisms	feminism
feminists	feminist
feminized	feminize
feminizes	feminize
feminizing	feminize
femmes	femme
femurs	femur
fenced	fence
fencers	fencer
fences	fence
fencing	fence
fencings	fencing
fended	fend
fendered	fender
fenders	fender
fending	fend
fends	fend
fenestrations	fenestration
fens	fen
fermatas	fermata
fermented	ferment
fermenters	fermenter
fermenting	ferment
ferments	ferment
fermions	fermion
ferns	fern
ferocities	ferocity
ferreted	ferret
ferreting	ferret
ferrets	ferret
ferried	ferry
ferries	ferry
ferrules	ferrule
ferryboats	ferryboat
ferrying	ferry
fertilizations	fertilization
fertilized	fertilize
fertilizers	fertilizer
fertilizes	fertilize
fertilizing	fertilize
fescues	fescue
fessed	fess
festered	fester
festering	fester
festers	fester
festivals	festival
festivities	festivity
festooned	festoon
festooning	festoon
festoons	festoon
fetched	fetch
fetches	fetch
fetching	fetch
feted	fete
fetes	fete
feting	fete
fetishes	fetish
fetishists	fetishist
fetishized	fetishize
fetishizes	fetishize
fetishizing	fetishize
fetlocks	fetlock
fettered	fetter
fettering	fetter
fetters	fetter
feuded	feud
feuding	feud
feuds	feud
fevered	fever
fevers	fever
fiancees	fiancee
fiascos	fiasco
fiats	fiat
fibbed	fib
fibbing	fib
fibers	fiber
fibres	fibre
fibrils	fibril
fibroblasts	fibroblast
fibroids	fibroid
fibs	fib
fibulas	fibula
fictionalized	fictionalize
fictionalizes	fictionalize
fictionalizing	fictionalize
fictions	fiction
fiddled	fiddle
fiddlers	fiddler
fiddles	fiddle
fiddling	fiddle
fidgeted	fidget
fidgeting	fidget
fidgets	fidget
fiduciaries	fiduciary
fied	fie
fiefdoms	fiefdom
fiefs	fief
fielded	field
fielders	fielder
fielding	field
fields	field
fieldworking	fieldwork
fiends	fiend
fiercer	fierce
fiercest	fierce
fieriest	fiery
fiestas	fiesta
fifes	fife
figging	fig
fighters	fighter
fighting	fight
fights	fight
figments	figment
figs	fig
figurations	figuration
figured	figure
figureheads	figurehead
figures	figure
figurines	figurine
figuring	figure
fijians	fijian
filaments	filament
filberts	filbert
filched	filch
filches	filch
filching	filch
filed	file
filenames	filename
filers	filer
files	file
filets	filet
filials	filial
filiations	filiation
filibustered	filibuster
filibustering	filibuster
filibusters	filibuster
filigrees	filigree
filing	file
filings	filing
filipinos	filipino
filled	fill
fillers	filler
filles	fille
filleted	fillet
filleting	fillet
fillets	fillet
fillies	filly
filling	fill
fillings	filling
fills	fill
filmed	film
filming	film
filmmakers	filmmaker
films	film
filmstrips	filmstrip
filtered	filter
filtering	filter
filters	filter
filthier	filthy
filthiest	filthy
filths	filth
filtrations	filtration
finagled	finagle
finagles	finagle
finagling	finagle
finales	finale
finalists	finalist
finalities	finality
finalized	finalize
finalizes	finalize
finalizing	finalize
finals	final
financed	finance
finances	finance
financiers	financier
financing	finance
financings	financing
fincas	finca
finches	finch
finders	finder
finding	find
findings	finding
finds	find
fined	fine
finer	fine
fineries	finery
fines	fine
finest	fine
fingerboards	fingerboard
fingered	finger
fingering	finger
fingerings	fingering
fingerlings	fingerling
fingernails	fingernail
fingerprinted	fingerprint
fingerprinting	fingerprint
fingerprints	fingerprint
fingers	finger
fingertipped	fingertip
fingertips	fingertip
finials	finial
fining	fine
finished	finish
finishers	finisher
finishes	finish
finishing	finish
finishings	finishing
finites	finite
finked	fink
finking	fink
finks	fink
finned	fin
finning	fin
finns	finn
fins	fin
fiords	fiord
firearms	firearm
firebacks	fireback
fireballs	fireball
firebirds	firebird
firebombed	firebomb
firebombing	firebomb
firebombings	firebombing
firebombs	firebomb
fireboxes	firebox
firebrands	firebrand
firebreaks	firebreak
firecrackers	firecracker
fired	fire
firefighters	firefighter
firefighting	firefight
firefights	firefight
fireflies	firefly
firehoses	firehose
firehosing	firehose
firelights	firelight
firemen	fireman
fireplaces	fireplace
fireproofed	fireproof
fireproofing	fireproof
fireproofs	fireproof
fires	fire
firesides	fireside
firestorms	firestorm
firetraps	firetrap
firewalls	firewall
fireworks	firework
firing	fire
firings	firing
firmed	firm
firmer	firm
firming	firm
firms	firm
firs	fir
fiscals	fiscal
fishbones	fishbone
fishbowls	fishbowl
fished	fish
fisheries	fishery
fishermen	fisherman
fishers	fisher
fisherwomen	fisherwoman
fishes	fish
fishhooks	fishhook
fishier	fishy
fishing	fish
fishings	fishing
fishmongers	fishmonger
fishnets	fishnet
fishponds	fishpond
fishtailed	fishtail
fishtailing	fishtail
fishtails	fishtail
fishwives	fishwife
fissioning	fission
fissured	fissure
fissures	fissure
fissuring	fissure
fistfights	fistfight
fistfuls	fistful
fisting	fist
fists	fist
fistulas	fistula
fitnesses	fitness
fits	fit
fitted	fit
fitter	fit
fitters	fitter
fittest	fit
fitting	fit
fittings	fitting
fivers	fiver
fixated	fixate
fixates	fixate
fixating	fixate
fixations	fixation
fixatives	fixative
fixators	fixator
fixed	fix
fixers	fixer
fixes	fix
fixing	fix
fixings	fixing
fixities	fixity
fixtures	fixture
fixturing	fixture
fizzed	fizz
fizzes	fizz
fizzier	fizzy
fizzing	fizz
fizzled	fizzle
fizzles	fizzle
fizzling	fizzle
fjords	fjord
flabbed	flab
flabbergasted	flabbergast
flabbergasting	flabbergast
flabbergasts	flabbergast
flabbies	flabby
flacks	flack
flagellated	flagellate
flagellates	flagellate
flagellating	flagellate
flagged	flag
flagging	flag
flagons	flagon
flagpoles	flagpole
flags	flag
flagships	flagship
flagsticks	flagstick
flagstones	flagstone
flailed	flail
flailing	flail
flailings	flailing
flails	flail
flairing	flair
flairs	flair
flaked	flake
flakes	flake
flakiest	flaky
flaking	flake
flamed	flame
flamencoing	flamenco
flames	flame
flaming	flame
flamingos	flamingo
flanged	flange
flanges	flange
flanked	flank
flankers	flanker
flanking	flank
flanks	flank
flannels	flannel
flans	flan
flapjacks	flapjack
flapped	flap
flappers	flapper
flapping	flap
flaps	flap
flared	flare
flares	flare
flaring	flare
flarings	flaring
flashbacks	flashback
flashbulbs	flashbulb
flashcards	flashcard
flashed	flash
flasher	flash
flashers	flasher
flashes	flash
flashier	flashy
flashies	flashy
flashiest	flashy
flashing	flash
flashings	flashing
flashlights	flashlight
flashpoints	flashpoint
flasked	flask
flasks	flask
flatheads	flathead
flatlands	flatland
flats	flat
flattened	flatten
flattening	flatten
flattenings	flattening
flattens	flatten
flatter	flat
flattered	flatter
flatterers	flatterer
flatteries	flattery
flattering	flatter
flatters	flatter
flatworms	flatworm
flaunted	flaunt
flaunting	flaunt
flaunts	flaunt
flautists	flautist
flavonoids	flavonoid
flavored	flavor
flavoring	flavor
flavors	flavor
flavoured	flavour
flavouring	flavour
flavours	flavour
flawed	flaw
flawing	flaw
flaws	flaw
flaxed	flax
flaxes	flax
flayed	flay
flaying	flay
flays	flay
fleaing	flea
fleas	flea
flecked	fleck
flecking	fleck
flecks	fleck
fled	flee
fledged	fledge
fledges	fledge
fledging	fledge
fledglings	fledgling
fleeced	fleece
fleeces	fleece
fleecing	fleece
fleeing	flee
flees	flee
fleeted	fleet
fleeting	fleet
fleets	fleet
fleshed	flesh
fleshes	flesh
fleshier	fleshy
fleshies	fleshy
fleshing	flesh
fleshpots	fleshpot
flew	fly
flexed	flex
flexes	flex
flexibilities	flexibility
flexing	flex
flexings	flexing
flexions	flexion
flexors	flexor
flexures	flexure
flicked	flick
flickered	flicker
flickering	flicker
flickerings	flickering
flickers	flicker
flicking	flick
flicks	flick
fliers	flier
flies	fly
flighted	flight
flighting	flight
flights	flight
flimsier	flimsy
flimsies	flimsy
flimsiest	flimsy
flinched	flinch
flinches	flinch
flinching	flinch
flinging	fling
flings	fling
flintlocks	flintlock
flints	flint
flipped	flip
flippers	flipper
flipping	flip
flips	flip
flirtations	flirtation
flirted	flirt
flirting	flirt
flirts	flirt
flits	flit
flitted	flit
flittered	flitter
flittering	flitter
flitters	flitter
flitting	flit
floated	float
floaters	floater
floating	float
floatplanes	floatplane
floats	float
flocked	flock
flocking	flock
flocks	flock
floes	floe
flogged	flog
flogging	flog
floggings	flogging
flogs	flog
flooded	flood
floodgates	floodgate
flooding	flood
floodings	flooding
floodlighting	floodlight
floodlights	floodlight
floodlit	floodlight
floodplains	floodplain
floods	flood
floodwaters	floodwater
floorboarding	floorboard
floorboards	floorboard
floored	floor
flooring	floor
floorings	flooring
floors	floor
floozies	floozy
flophouses	flophouse
flopped	flop
floppier	floppy
floppies	floppy
flopping	flop
flops	flop
florals	floral
floras	flora
florentines	florentine
florets	floret
floristics	floristic
florists	florist
flossed	floss
flosses	floss
flossing	floss
flotations	flotation
flotillas	flotilla
flounced	flounce
flounces	flounce
flouncing	flounce
floundered	flounder
floundering	flounder
flounders	flounder
floured	flour
flouring	flour
flourished	flourish
flourishes	flourish
flourishing	flourish
flours	flour
flouted	flout
flouting	flout
floutings	flouting
flouts	flout
flowcharting	flowchart
flowcharts	flowchart
flowed	flow
flowerbeds	flowerbed
flowered	flower
flowering	flower
flowerings	flowering
flowerpots	flowerpot
flowers	flower
flowing	flow
flowings	flowing
flown	fly
flows	flow
flubbed	flub
flubbing	flub
flubs	flub
fluctuated	fluctuate
fluctuates	fluctuate
fluctuating	fluctuate
fluctuations	fluctuation
flueing	flue
flues	flue
fluffed	fluff
fluffier	fluffy
fluffies	fluffy
fluffiest	fluffy
fluffing	fluff
fluffs	fluff
fluidities	fluidity
fluids	fluid
fluked	fluke
flukes	fluke
flumes	flume
flummoxed	flummox
flummoxes	flummox
flummoxing	flummox
flung	fling
flunked	flunk
flunking	flunk
flunks	flunk
fluoresced	fluoresce
fluorescences	fluorescence
fluorescents	fluorescent
fluoresces	fluoresce
fluorescing	fluoresce
fluorides	fluoride
fluorines	fluorine
fluorites	fluorite
fluorocarbons	fluorocarbon
flurried	flurry
flurries	flurry
flurrying	flurry
flushed	flush
flushes	flush
flushing	flush
flushings	flushing
flustered	fluster
flustering	fluster
flusters	fluster
fluted	flute
flutes	flute
fluting	flute
flutings	fluting
fluttered	flutter
fluttering	flutter
flutterings	fluttering
flutters	flutter
fluxed	flux
fluxes	flux
fluxing	flux
flycatchers	flycatcher
flyers	flyer
flying	fly
flyovers	flyover
flytraps	flytrap
flyways	flyway
flyweights	flyweight
flywheels	flywheel
foaled	foal
foaling	foal
foals	foal
foamed	foam
foaming	foam
foamings	foaming
foams	foam
fobbed	fob
fobbing	fob
fobs	fob
foci	focus
focused	focus
focuses	focus
focusing	focus
foddered	fodder
foddering	fodder
fodders	fodder
foes	foe
fogeys	fogey
fogged	fog
foggier	foggy
foggiest	foggy
fogging	fog
foghorns	foghorn
fogies	fogy
fogs	fog
foibles	foible
foiled	foil
foiling	foil
foils	foil
foisted	foist
foisting	foist
foists	foist
folates	folate
folded	fold
folders	folder
folding	fold
foldings	folding
folds	fold
foliaged	foliage
foliages	foliage
folios	folio
folkies	folky
folklorists	folklorist
folks	folk
folksier	folksy
folksongs	folksong
folktales	folktale
follicles	follicle
follies	folly
followed	follow
followers	follower
following	follow
followings	following
follows	follow
fomented	foment
fomenting	foment
foments	foment
fondants	fondant
fonder	fond
fondest	fond
fondled	fondle
fondles	fondle
fondling	fondle
fondnesses	fondness
fonds	fond
fondues	fondue
fonts	font
foods	food
foodstuffs	foodstuff
fooled	fool
fooling	fool
foolishnesses	foolishness
fools	fool
footballers	footballer
footballs	football
footboards	footboard
footbridges	footbridge
footed	foot
footering	footer
footers	footer
footfalls	footfall
foothills	foothill
footholds	foothold
footing	foot
footings	footing
footled	footle
footles	footle
footlights	footlight
footling	footle
footmen	footman
footnoted	footnote
footnotes	footnote
footnoting	footnote
footpads	footpad
footpaths	footpath
footplates	footplate
footprinting	footprint
footprints	footprint
footrests	footrest
foots	foot
footsteps	footstep
footstools	footstool
footworks	footwork
fopped	fop
fops	fop
foraged	forage
foragers	forager
forages	forage
foraging	forage
forayed	foray
foraying	foray
forays	foray
forbade	forbid
forbearing	forbear
forbears	forbear
forbidden	forbid
forbidding	forbid
forbiddings	forbidding
forbids	forbid
forbore	forbear
forborne	forbear
forced	force
forces	force
forcing	force
forded	ford
fording	ford
fords	ford
forearmed	forearm
forearming	forearm
forearms	forearm
forebears	forebear
foreboded	forebode
forebodes	forebode
foreboding	forebode
forebodings	foreboding
forebrains	forebrain
forecasters	forecaster
forecasting	forecast
forecasts	forecast
foreclosed	foreclose
forecloses	foreclose
foreclosing	foreclose
foreclosures	foreclosure
forecourts	forecourt
forefathers	forefather
forefingers	forefinger
foregoes	forego
foregoing	forego
foregone	forego
foregrounded	foreground
foregrounding	foreground
foregroundings	foregrounding
foregrounds	foreground
forehands	forehand
foreheads	forehead
foreigners	foreigner
forelegs	foreleg
forelimbs	forelimb
forelocks	forelock
foremen	foreman
forensics	forensic
forepaws	forepaw
forerunners	forerunner
fores	fore
foresaw	foresee
foreseeing	foresee
foreseen	foresee
foresees	foresee
foreshadowed	foreshadow
foreshadowing	foreshadow
foreshadowings	foreshadowing
foreshadows	foreshadow
foreshores	foreshore
foreshortened	foreshorten
foreshortening	foreshorten
foreshortens	foreshorten
foresights	foresight
foreskins	foreskin
forestalled	forestall
forestalling	forestall
forestalls	forestall
forested	forest
foresters	forester
foresting	forest
forests	forest
foretelling	foretell
foretells	foretell
foretold	foretell
forewarned	forewarn
forewarning	forewarn
forewarnings	forewarning
forewarns	forewarn
forewent	forego
forewings	forewing
forewomen	forewoman
forewords	foreword
forfeited	forfeit
forfeiting	forfeit
forfeits	forfeit
forfeitures	forfeiture
forgave	forgive
forged	forge
forgeries	forgery
forgers	forger
forges	forge
forgets	forget
forgetting	forget
forging	forge
forgings	forging
forgiven	forgive
forgivenesses	forgiveness
forgives	forgive
forgiving	forgive
forgoes	forgo
forgoing	forgo
forgone	forgo
forgot	forget
forgotten	forget
forked	fork
forkfuls	forkful
forking	fork
forklifts	forklift
forks	fork
formalisms	formalism
formalists	formalist
formalities	formality
formalized	formalize
formalizes	formalize
formalizing	formalize
formations	formation
formats	format
formatted	format
formatting	format
formed	form
formers	former
formes	forme
forming	form
formings	forming
formosans	formosan
forms	form
formulae	formula
formularies	formulary
formulated	formulate
formulates	formulate
formulating	formulate
formulations	formulation
fornicated	fornicate
fornicates	fornicate
fornicating	fornicate
fornications	fornication
fornicators	fornicator
forsaken	forsake
forsakes	forsake
forsaking	forsake
forsook	forsake
forswearing	forswear
forswears	forswear
forswore	forswear
forsworn	forswear
fortes	forte
fortifications	fortification
fortified	fortify
fortifies	fortify
fortifying	fortify
fortissimos	fortissimo
fortitudes	fortitude
fortnights	fortnight
fortressed	fortress
fortresses	fortress
forts	fort
fortunes	fortune
forums	forum
forwarded	forward
forwarders	forwarder
forwarding	forward
forwards	forward
forwent	forgo
fossilized	fossilize
fossilizes	fossilize
fossilizing	fossilize
fossils	fossil
fostered	foster
fostering	foster
fosters	foster
fought	fight
fouled	foul
fouler	foul
foulest	foul
fouling	foul
fouls	foul
found	find
foundations	foundation
founded	found
foundered	founder
foundering	founder
founders	founder
founding	found
foundlings	foundling
foundresses	foundress
foundries	foundry
founds	found
fountained	fountain
fountaining	fountain
fountains	fountain
founts	fount
four-posters	four-poster
foursomes	foursome
fourths	fourth
fowled	fowl
fowling	fowl
fowlings	fowling
fowls	fowl
foxed	fox
foxes	fox
foxgloves	foxglove
foxholes	foxhole
foxing	fox
foyers	foyer
fractals	fractal
fractionations	fractionation
fractioned	fraction
fractioning	fraction
fractions	fraction
fractured	fracture
fractures	fracture
fracturing	fracture
fragmented	fragment
fragmenting	fragment
fragments	fragment
fragranced	fragrance
fragrances	fragrance
frags	frag
frailer	frail
frailest	frail
frails	frail
frailties	frailty
framed	frame
framers	framer
frames	frame
frameworks	framework
framing	frame
framings	framing
franchised	franchise
franchisees	franchisee
franchisers	franchiser
franchises	franchise
franchising	franchise
franchisors	franchisor
franciscans	franciscan
francophones	francophone
francs	franc
franked	frank
franker	frank
frankest	frank
frankfurters	frankfurter
franking	frank
franks	frank
fraternities	fraternity
fraternized	fraternize
fraternizes	fraternize
fraternizing	fraternize
frauds	fraud
fraudsters	fraudster
frayed	fray
fraying	fray
frays	fray
frazzled	frazzle
frazzles	frazzle
frazzling	frazzle
freaked	freak
freaking	freak
freaks	freak
freckled	freckle
freckles	freckle
freckling	freckle
freebooters	freebooter
freed	free
freedmen	freedman
freedoms	freedom
freeholders	freeholder
freeholds	freehold
freeing	free
freelanced	freelance
freelancers	freelancer
freelances	freelance
freelancing	freelance
freeloaded	freeload
freeloaders	freeloader
freeloading	freeload
freeloads	freeload
freemasonries	freemasonry
freemasons	freemason
freemen	freeman
freer	free
frees	free
freesias	freesia
freeways	freeway
freewheeled	freewheel
freewheeling	freewheel
freewheels	freewheel
freezers	freezer
freezes	freeze
freezing	freeze
freighted	freight
freighters	freighter
freighting	freight
freights	freight
frenches	french
frenchmen	frenchman
frenchwomen	frenchwoman
frenzied	frenzy
frenzies	frenzy
frequencies	frequency
frequented	frequent
frequenting	frequent
frequents	frequent
frescoes	fresco
freshened	freshen
fresheners	freshener
freshening	freshen
freshens	freshen
fresher	fresh
freshest	fresh
freshmen	freshman
freshwaters	freshwater
frets	fret
fretted	fret
fretting	fret
freudians	freudian
friaries	friary
friars	friar
fricasseed	fricassee
fricasseeing	fricassee
fricassees	fricassee
fricatives	fricative
frictioned	friction
frictions	friction
fridays	friday
fridges	fridge
fried	fry
friendlier	friendly
friendlies	friendly
friendliest	friendly
friends	friend
friendships	friendship
fries	fry
friezes	frieze
frigates	frigate
frighted	fright
frightened	frighten
frightening	frighten
frightens	frighten
frights	fright
frillier	frilly
frillies	frilly
frilling	frill
frills	frill
fringed	fringe
fringes	fringe
fringing	fringe
fripperies	frippery
frisbeeing	frisbee
frisbees	frisbee
frisked	frisk
friskier	frisky
frisking	frisk
frisks	frisk
frissons	frisson
frittered	fritter
frittering	fritter
fritters	fritter
frivolities	frivolity
frizzed	frizz
frizzes	frizz
frizzies	frizzy
frizzing	frizz
frocked	frock
frocking	frock
frocks	frock
frogged	frog
frogging	frog
frogmen	frogman
frogs	frog
froing	fro
frolicked	frolic
frolicking	frolic
frolics	frolic
fronded	frond
fronds	frond
frontages	frontage
frontals	frontal
fronted	front
frontiers	frontier
frontiersmen	frontiersman
fronting	front
frontispieces	frontispiece
frontmen	frontman
fronts	front
fros	fro
frosted	frost
frostier	frosty
frosties	frosty
frostiest	frosty
frosting	frost
frostings	frosting
frosts	frost
frothed	froth
frothier	frothy
frothiest	frothy
frothing	froth
frothings	frothing
froths	froth
frowned	frown
frowning	frown
frowns	frown
frowsiest	frowsy
froze	freeze
frozen	freeze
fructified	fructify
fructifies	fructify
fructifying	fructify
fruitcakes	fruitcake
fruited	fruit
fruitier	fruity
fruitiest	fruity
fruiting	fruit
fruits	fruit
frustrated	frustrate
frustrates	frustrate
frustrating	frustrate
frustrations	frustration
fryers	fryer
frying	fry
fuchsias	fuchsia
fucked	fuck
fuckers	fucker
fucking	fuck
fucks	fuck
fudged	fudge
fudges	fudge
fudging	fudge
fuelled	fuel
fuelling	fuel
fuels	fuel
fugitives	fugitive
fugues	fugue
fuhrers	fuhrer
fulfilled	fulfil
fulfilling	fulfil
fulfills	fulfill
fulfilments	fulfilment
fulfils	fulfil
fullbacks	fullback
fuller	full
fullerenes	fullerene
fullest	full
fulminated	fulminate
fulminates	fulminate
fulminating	fulminate
fulminations	fulmination
fumaroles	fumarole
fumbled	fumble
fumbles	fumble
fumbling	fumble
fumblings	fumbling
fumed	fume
fumes	fume
fumigants	fumigant
fumigated	fumigate
fumigates	fumigate
fumigating	fumigate
fumigations	fumigation
fuming	fume
fumings	fuming
functionalists	functionalist
functionalities	functionality
functionals	functional
functionaries	functionary
functioned	function
functioning	function
functions	function
fundamentalisms	fundamentalism
fundamentalists	fundamentalist
fundamentals	fundamental
fundaments	fundament
funded	fund
fundering	funder
funders	funder
funding	fund
fundings	funding
fundraising	fundraise
funds	fund
funerals	funeral
fungi	fungus
fungicides	fungicide
funiculars	funicular
funked	funk
funkier	funky
funkiest	funky
funking	funk
funks	funk
funnelled	funnel
funnelling	funnel
funnels	funnel
funnier	funny
funnies	funny
funniest	funny
funnymen	funnyman
furbished	furbish
furbishes	furbish
furbishing	furbish
furies	fury
furled	furl
furling	furl
furloughed	furlough
furloughing	furlough
furloughs	furlough
furls	furl
furnaces	furnace
furnished	furnish
furnishes	furnish
furnishing	furnish
furnishings	furnishing
furred	fur
furrier	furry
furriers	furrier
furring	fur
furrowed	furrow
furrowing	furrow
furrows	furrow
furs	fur
further	far
furthered	further
furthering	further
furthers	further
furthest	far
fused	fuse
fuselages	fuselage
fuses	fuse
fusilladed	fusillade
fusillades	fusillade
fusillading	fusillade
fusing	fuse
fusions	fusion
fussed	fuss
fusses	fuss
fussier	fussy
fussies	fussy
fussiest	fussy
fussing	fuss
fustians	fustian
futilities	futility
futures	future
futurists	futurist
futurities	futurity
fuzzier	fuzzy
fuzzies	fuzzy
fuzziest	fuzzy
gabardines	gabardine
gabbing	gab
gabbled	gabble
gabbles	gabble
gabbling	gabble
gables	gable
gabling	gable
gadflies	gadfly
gadgets	gadget
gaffed	gaff
gaffers	gaffer
gaffes	gaffe
gaffing	gaff
gaffs	gaff
gages	gage
gagged	gag
gagging	gag
gaggings	gagging
gaggled	gaggle
gaggles	gaggle
gaggling	gaggle
gags	gag
gaieties	gaiety
gained	gain
gainers	gainer
gaining	gain
gains	gain
gainsaid	gainsay
gainsaying	gainsay
gainsays	gainsay
gaiters	gaiter
gaits	gait
galas	gala
galaxies	galaxy
gales	gale
galettes	galette
galileans	galilean
gallantries	gallantry
gallants	gallant
galled	gall
galleons	galleon
galleries	gallery
galleys	galley
galling	gall
gallivanted	gallivant
gallivanting	gallivant
gallivants	gallivant
gallons	gallon
galloped	gallop
galloping	gallop
gallops	gallop
galls	gall
gallstones	gallstone
galoshes	galosh
gals	gal
galumphed	galumph
galumphing	galumph
galumphs	galumph
galvanized	galvanize
galvanizes	galvanize
galvanizing	galvanize
gambians	gambian
gambits	gambit
gambled	gamble
gamblers	gambler
gambles	gamble
gambling	gamble
gambolled	gambol
gambolling	gambol
gambols	gambol
gameboys	gameboy
gamecocks	gamecock
gamed	game
gamekeepers	gamekeeper
gamelans	gamelan
gamers	gamer
games	game
gametes	gamete
gamines	gamine
gaming	game
gammas	gamma
gammed	gam
gamming	gam
gams	gam
ganders	gander
gangbusters	gangbuster
ganged	gang
ganging	gang
ganglia	ganglion
gangplanks	gangplank
gangrened	gangrene
gangrenes	gangrene
gangrening	gangrene
gangs	gang
gangsters	gangster
gangwayed	gangway
gangways	gangway
gannets	gannet
gantries	gantry
gaoled	gaol
gaolers	gaoler
gaoling	gaol
gaols	gaol
gaped	gape
gapes	gape
gaping	gape
gapped	gap
gapping	gap
gaps	gap
garaged	garage
garages	garage
garaging	garage
garbed	garb
garbing	garb
garbled	garble
garbles	garble
garbling	garble
garbs	garb
gardened	garden
gardeners	gardener
gardenias	gardenia
gardening	garden
gardens	garden
gargled	gargle
gargles	gargle
gargling	gargle
gargoyled	gargoyle
gargoyles	gargoyle
garlanded	garland
garlanding	garland
garlands	garland
garmented	garment
garmenting	garment
garments	garment
garnered	garner
garnering	garner
garners	garner
garnets	garnet
garnished	garnish
garnishes	garnish
garnishing	garnish
garrets	garret
garrisoned	garrison
garrisoning	garrison
garrisons	garrison
gars	gar
gartered	garter
gartering	garter
garters	garter
gasbags	gasbag
gases	gas
gashed	gash
gashes	gash
gashing	gash
gasifiers	gasifier
gaskets	gasket
gaslights	gaslight
gasped	gasp
gasping	gasp
gaspings	gasping
gasps	gasp
gassed	gas
gasses	gas
gassies	gassy
gassing	gas
gastroenterologists	gastroenterologist
gastronomes	gastronome
gastropods	gastropod
gateaus	gateau
gated	gate
gatehouses	gatehouse
gatekeepers	gatekeeper
gateposts	gatepost
gates	gate
gateways	gateway
gathered	gather
gatherers	gatherer
gathering	gather
gatherings	gathering
gathers	gather
gating	gate
gators	gator
gauchos	gaucho
gaudier	gaudy
gaudies	gaudy
gaudiest	gaudy
gauged	gauge
gauges	gauge
gauging	gauge
gaullists	gaullist
gaunter	gaunt
gauntlets	gauntlet
gaussians	gaussian
gauzes	gauze
gave	give
gavels	gavel
gawked	gawk
gawkier	gawky
gawking	gawk
gawks	gawk
gays	gay
gazans	gazan
gazebos	gazebo
gazed	gaze
gazelles	gazelle
gazes	gaze
gazetted	gazette
gazetteers	gazetteer
gazettes	gazette
gazetting	gazette
gazing	gaze
gdps	gdp
gearboxes	gearbox
geared	gear
gearing	gear
gears	gear
geckos	gecko
geed	gee
geeing	gee
geeks	geek
gees	gee
geese	goose
geest	gee
geezers	geezer
geishas	geisha
geldings	gelding
gelled	gel
gelling	gel
gels	gel
gems	gem
gemstones	gemstone
gendarmes	gendarme
gendered	gender
genders	gender
genealogies	genealogy
genealogists	genealogist
genera	genus
generalists	generalist
generalities	generality
generalizations	generalization
generalized	generalize
generalizes	generalize
generalizing	generalize
generals	general
generated	generate
generates	generate
generating	generate
generations	generation
generators	generator
generics	generic
generosities	generosity
genes	gene
geneticists	geneticist
genets	genet
genitals	genital
geniuses	genius
genned	gen
genning	gen
genocided	genocide
genocides	genocide
genomes	genome
genotyped	genotype
genotypes	genotype
genres	genre
gens	gen
gentians	gentian
gentiles	gentile
gentled	gentle
gentlemen	gentleman
gentles	gentle
gentlewomen	gentlewoman
gentling	gentle
gentoos	gentoo
gentrifications	gentrification
gentrified	gentrify
gentrifies	gentrify
gentrifying	gentrify
gents	gent
genuflected	genuflect
genuflecting	genuflect
genuflections	genuflection
genuflects	genuflect
geochemists	geochemist
geodesics	geodesic
geographers	geographer
geographies	geography
geologies	geology
geologists	geologist
geometricians	geometrician
geometrics	geometric
geometries	geometry
geomorphologists	geomorphologist
geophysicists	geophysicist
georgians	georgian
geosciences	geoscience
geraniums	geranium
gerbils	gerbil
geriatricians	geriatrician
geriatrics	geriatric
germans	german
germinated	germinate
germinates	germinate
germinating	germinate
germs	germ
gerontologists	gerontologist
gerrymandered	gerrymander
gerrymandering	gerrymander
gerrymanders	gerrymander
gestalts	gestalt
gestated	gestate
gestates	gestate
gestating	gestate
gestations	gestation
gesticulated	gesticulate
gesticulates	gesticulate
gesticulating	gesticulate
gesticulations	gesticulation
gestured	gesture
gestures	gesture
gesturing	gesture
getaways	getaway
gets	get
getters	getter
getting	get
geysered	geyser
geysers	geyser
ghanaians	ghanaian
ghastliest	ghastly
ghats	ghat
gherkins	gherkin
ghettoized	ghettoize
ghettoizes	ghettoize
ghettoizing	ghettoize
ghettos	ghetto
ghosted	ghost
ghosting	ghost
ghostlier	ghostly
ghosts	ghost
ghouls	ghoul
giantesses	giantess
giants	giant
gibbered	gibber
gibbering	gibber
gibbers	gibber
gibbeted	gibbet
gibbeting	gibbet
gibbets	gibbet
gibbons	gibbon
gibed	gibe
gibes	gibe
gibing	gibe
giblets	giblet
giddier	giddy
gifted	gift
gifting	gift
gifts	gift
gigabits	gigabit
gigabytes	gigabyte
gigawatts	gigawatt
gigged	gig
gigging	gig
giggled	giggle
giggles	giggle
giggling	giggle
gigolos	gigolo
gigs	gig
gilded	gild
gilders	gilder
gilding	gild
gildings	gilding
gilds	gild
gilling	gill
gills	gill
gilts	gilt
gimballed	gimbal
gimlets	gimlet
gimmicked	gimmick
gimmicks	gimmick
gimped	gimp
gimps	gimp
gingerbreads	gingerbread
gingered	ginger
gingering	ginger
gingers	ginger
ginghams	gingham
ginkgos	ginkgo
ginned	gin
ginning	gin
gins	gin
giraffes	giraffe
girded	gird
girders	girder
girding	gird
girdled	girdle
girdles	girdle
girdling	girdle
girds	gird
girlfriends	girlfriend
girlies	girly
girls	girl
girthed	girth
girthing	girth
girths	girth
gis	gi
gites	gite
gits	git
giveaways	giveaway
given	give
givens	given
givers	giver
gives	give
giving	give
givings	giving
gizmos	gizmo
gizzards	gizzard
glacials	glacial
glaciations	glaciation
glaciers	glacier
glaciologists	glaciologist
gladdened	gladden
gladdening	gladden
gladdens	gladden
gladder	glad
glades	glade
gladiators	gladiator
gladnesses	gladness
glammed	glam
glamorized	glamorize
glamorizes	glamorize
glamorizing	glamorize
glamours	glamour
glams	glam
glanced	glance
glances	glance
glancing	glance
glands	gland
glared	glare
glares	glare
glaring	glare
glassed	glass
glasses	glass
glassfuls	glassful
glasshouses	glasshouse
glassier	glassy
glassiest	glassy
glassing	glass
glassmakers	glassmaker
glazed	glaze
glazes	glaze
glazing	glaze
gleamed	gleam
gleaming	gleam
gleams	gleam
gleaned	glean
gleaners	gleaner
gleaning	glean
gleans	glean
glees	glee
glens	glen
glided	glide
gliders	glider
glides	glide
gliding	glide
glimmered	glimmer
glimmering	glimmer
glimmerings	glimmering
glimmers	glimmer
glimpsed	glimpse
glimpses	glimpse
glimpsing	glimpse
glinted	glint
glinting	glint
glints	glint
glioblastomas	glioblastoma
gliomas	glioma
glissaded	glissade
glissades	glissade
glissading	glissade
glissandos	glissando
glistened	glisten
glistening	glisten
glistenings	glistening
glistens	glisten
glitches	glitch
glittered	glitter
glittering	glitter
glitterings	glittering
glitters	glitter
glitzier	glitzy
glitziest	glitzy
gloated	gloat
gloating	gloat
gloatings	gloating
gloats	gloat
globalized	globalize
globalizes	globalize
globalizing	globalize
globed	globe
globes	globe
globins	globin
globs	glob
globulars	globular
globules	globule
globulins	globulin
glockenspiels	glockenspiel
glommed	glom
glomming	glom
gloms	glom
gloomed	gloom
gloomier	gloomy
gloomies	gloomy
gloomiest	gloomy
glooming	gloom
glooms	gloom
gloried	glory
glories	glory
glorified	glorify
glorifies	glorify
glorifying	glorify
glorying	glory
glossaries	glossary
glossed	gloss
glosses	gloss
glossier	glossy
glossies	glossy
glossiest	glossy
glossing	gloss
glottalling	glottal
gloves	glove
gloving	glove
glowed	glow
glowered	glower
glowering	glower
glowers	glower
glowing	glow
glows	glow
glowworms	glowworm
glucocorticoids	glucocorticoid
glued	glue
glues	glue
glugged	glug
glugs	glug
gluing	glue
glummer	glum
glummest	glum
glums	glum
gluons	gluon
glutamines	glutamine
gluts	glut
glutted	glut
glutting	glut
gluttoned	glutton
gluttons	glutton
glycerined	glycerine
glycines	glycine
glycols	glycol
glycoproteins	glycoprotein
glycosides	glycoside
glyphs	glyph
gnashed	gnash
gnashes	gnash
gnashing	gnash
gnashings	gnashing
gnats	gnat
gnawed	gnaw
gnawing	gnaw
gnaws	gnaw
gneisses	gneiss
gnomed	gnome
gnomes	gnome
gnostics	gnostic
gnps	gnp
gnus	gnu
goaded	goad
goading	goad
goads	goad
goalkeepers	goalkeeper
goalposts	goalpost
goals	goal
goannas	goanna
goatherds	goatherd
goats	goat
goatskins	goatskin
gobbed	gob
gobbets	gobbet
gobbing	gob
gobbled	gobble
gobbles	gobble
gobbling	gobble
gobies	goby
goblets	goblet
goblins	goblin
gobs	gob
goddamns	goddamn
goddesses	goddess
godfathers	godfather
godheads	godhead
godmothers	godmother
godparents	godparent
gods	god
godsons	godson
goering	goer
goers	goer
goes	go
gofers	gofer
goggled	goggle
goggles	goggle
goggling	goggle
going	go
goings	going
goldbricked	goldbrick
goldbricking	goldbrick
goldbricks	goldbrick
goldfields	goldfield
goldfinches	goldfinch
goldfishes	goldfish
golding	gold
goldmines	goldmine
goldmining	goldmine
golds	gold
goldsmiths	goldsmith
golfed	golf
golfers	golfer
golfing	golf
golfs	golf
gonadotropins	gonadotropin
gonads	gonad
gondolas	gondola
gondoliers	gondolier
gone	go
goners	goner
gonging	gong
gongs	gong
goniometers	goniometer
goodbyes	goodbye
goodies	goody
goodnights	goodnight
goofed	goof
goofing	goof
goofs	goof
gooing	goo
gooks	gook
gooned	goon
goons	goon
goos	goo
gooseberries	gooseberry
goosed	goose
goosefleshed	gooseflesh
gooses	goose
goosing	goose
gophers	gopher
gored	gore
gores	gore
gorged	gorge
gorges	gorge
gorgets	gorget
gorging	gorge
gorgons	gorgon
gorgonzolas	gorgonzola
gorier	gory
gorillas	gorilla
goring	gore
gormandized	gormandize
gormandizes	gormandize
gormandizing	gormandize
gorping	gorp
gorses	gorse
goshawks	goshawk
goslings	gosling
gospels	gospel
gossiping	gossip
gossipped	gossip
gossips	gossip
got	get
goths	goth
gouged	gouge
gouges	gouge
gouging	gouge
gourds	gourd
gourmands	gourmand
gourmets	gourmet
gouted	gout
gouts	gout
governances	governance
governed	govern
governesses	governess
governessing	governess
governing	govern
governments	government
governorates	governorate
governors	governor
governorships	governorship
governs	govern
gowned	gown
gowning	gown
gowns	gown
goys	goy
grabbed	grab
grabbers	grabber
grabbing	grab
grabs	grab
graced	grace
graces	grace
gracing	grace
gradations	gradation
graded	grade
graders	grader
grades	grade
gradients	gradient
grading	grade
gradings	grading
grads	grad
graduated	graduate
graduates	graduate
graduating	graduate
graduations	graduation
graffitiing	graffiti
grafted	graft
grafting	graft
graftings	grafting
grafts	graft
grails	grail
grained	grain
grainier	grainy
graining	grain
grains	grain
grammarians	grammarian
grammars	grammar
grammes	gramme
grammys	grammy
gramophones	gramophone
grams	gram
granaries	granary
grandaddies	grandaddy
grandads	grandad
grandbabies	grandbaby
granddads	granddad
granddaughters	granddaughter
grandees	grandee
grander	grand
grandest	grand
grandeurs	grandeur
grandfathers	grandfather
grandkids	grandkid
grandmas	grandma
grandmasters	grandmaster
grandmothers	grandmother
grandparents	grandparent
grandpas	grandpa
grands	grand
grandsons	grandson
grandstanded	grandstand
grandstanding	grandstand
grandstands	grandstand
granites	granite
grannies	granny
grans	gran
granted	grant
grantees	grantee
granting	grant
grantors	grantor
grants	grant
granulated	granulate
granulates	granulate
granulating	granulate
granulations	granulation
granules	granule
granulomas	granuloma
grapefruits	grapefruit
grapes	grape
grapevines	grapevine
graphed	graph
graphemes	grapheme
graphing	graph
graphites	graphite
graphs	graph
grappled	grapple
grapplers	grappler
grapples	grapple
grappling	grapple
grapplings	grappling
grasped	grasp
grasping	grasp
grasps	grasp
grassed	grass
grasses	grass
grasshoppered	grasshopper
grasshoppers	grasshopper
grassier	grassy
grassies	grassy
grassiest	grassy
grassing	grass
grasslands	grassland
grated	grate
graters	grater
grates	grate
gratifications	gratification
gratified	gratify
gratifies	gratify
gratifying	gratify
grating	grate
gratings	grating
gratuities	gratuity
gravediggers	gravedigger
gravelled	gravel
gravelling	gravel
gravels	gravel
graven	grave
graver	grave
graves	grave
gravest	grave
gravestones	gravestone
graveyards	graveyard
gravies	gravy
graving	grave
gravitated	gravitate
gravitates	gravitate
gravitating	gravitate
gravitations	gravitation
gravities	gravity
gravitons	graviton
grayed	gray
graying	gray
grays	gray
grazed	graze
grazes	graze
grazing	graze
grazings	grazing
greased	grease
greasepaints	greasepaint
greasers	greaser
greases	grease
greasier	greasy
greasiest	greasy
greasing	grease
greatcoats	greatcoat
greater	great
greatest	great
greatests	greatest
greats	great
grebes	grebe
grecians	grecian
greedier	greedy
greediest	greedy
greeds	greed
greeks	greek
greenbacks	greenback
greenbelts	greenbelt
greener	green
greenest	green
greengrocers	greengrocer
greenhorns	greenhorn
greenhouses	greenhouse
greens	green
greenstones	greenstone
greenswards	greensward
greenways	greenway
greeted	greet
greeters	greeter
greeting	greet
greetings	greeting
greets	greet
gregorians	gregorian
gremlins	gremlin
grenaded	grenade
grenades	grenade
grenadiers	grenadier
grew	grow
greyed	grey
greyhounds	greyhound
greying	grey
greys	grey
gridded	grid
griddled	griddle
griddles	griddle
griddling	griddle
gridlocked	gridlock
grids	grid
griefs	grief
grievances	grievance
grieved	grieve
grieves	grieve
grieving	grieve
griffins	griffin
griffons	griffon
grifters	grifter
grilled	grill
grilles	grille
grilling	grill
grills	grill
grimaced	grimace
grimaces	grimace
grimacing	grimace
grimed	grime
grimes	grime
grimier	grimy
griming	grime
grimmer	grim
grimmest	grim
grinches	grinch
grinders	grinder
grinding	grind
grindings	grinding
grinds	grind
grindstones	grindstone
gringos	gringo
grinned	grin
grinning	grin
grinnings	grinning
grins	grin
griots	griot
griped	gripe
gripes	gripe
griping	gripe
gripings	griping
gripped	grip
grippers	gripper
gripping	grip
grips	grip
grisliest	grisly
grits	grit
gritted	grit
grittier	gritty
grittiest	gritty
gritting	grit
grizzled	grizzle
grizzles	grizzle
grizzlier	grizzly
grizzlies	grizzly
grizzliest	grizzly
grizzling	grizzle
groaned	groan
groaning	groan
groanings	groaning
groans	groan
groceries	grocery
grocers	grocer
grogs	grog
groined	groin
groining	groin
groins	groin
grommets	grommet
groomed	groom
groomers	groomer
grooming	groom
groomings	grooming
grooms	groom
grooved	groove
grooves	groove
groovies	groovy
grooviest	groovy
grooving	groove
groped	grope
gropes	grope
groping	grope
gropings	groping
grosbeaks	grosbeak
grossed	gross
grosser	gross
grosses	gross
grossest	gross
grossing	gross
grotesques	grotesque
grottos	grotto
grouched	grouch
grouches	grouch
grouching	grouch
ground	grind
grounded	ground
groundhogs	groundhog
groundings	grounding
groundlings	groundling
groundnuts	groundnut
grounds	ground
groundstrokes	groundstroke
groundwaters	groundwater
groundworks	groundwork
grouped	group
groupers	grouper
grouping	group
groupings	grouping
groups	group
groused	grouse
grouses	grouse
grousing	grouse
grouted	grout
grouting	grout
grouts	grout
grovelled	grovel
grovelling	grovel
grovels	grovel
groves	grove
growers	grower
growing	grow
growled	growl
growling	growl
growlings	growling
growls	growl
grown	grow
grows	grow
growths	growth
grubbed	grub
grubbied	grubby
grubbier	grubby
grubbiest	grubby
grubbing	grub
grubs	grub
grudged	grudge
grudges	grudge
grudging	grudge
gruesomest	gruesome
gruffer	gruff
gruffest	gruff
gruffs	gruff
grumbled	grumble
grumbles	grumble
grumbling	grumble
grumblings	grumbling
grumped	grump
grumpier	grumpy
grumpies	grumpy
grumping	grump
grumps	grump
grunged	grunge
grungier	grungy
grunted	grunt
grunting	grunt
grunts	grunt
gryphons	gryphon
guacamoled	guacamole
guanacos	guanaco
guanines	guanine
guans	guan
guaranteed	guarantee
guaranteeing	guarantee
guarantees	guarantee
guarantors	guarantor
guarded	guard
guardians	guardian
guarding	guard
guardrails	guardrail
guards	guard
guardsmen	guardsman
guatemalans	guatemalan
guavas	guava
guerillas	guerilla
guerrillas	guerrilla
guessed	guess
guessers	guesser
guesses	guess
guessing	guess
guesstimated	guesstimate
guesstimates	guesstimate
guesthouses	guesthouse
guesting	guest
guestrooms	guestroom
guests	guest
guffawed	guffaw
guffawing	guffaw
guffaws	guffaw
guidebooks	guidebook
guided	guide
guidelines	guideline
guiders	guider
guides	guide
guiding	guide
guilders	guilder
guilds	guild
guiles	guile
guillotined	guillotine
guillotines	guillotine
guillotining	guillotine
guilts	guilt
guineans	guinean
guineas	guinea
guises	guise
guitarists	guitarist
guitars	guitar
gulags	gulag
gulfs	gulf
gulled	gull
gullets	gullet
gulleys	gulley
gullibilities	gullibility
gullied	gully
gullies	gully
gulling	gull
gulls	gull
gullying	gully
gulped	gulp
gulping	gulp
gulps	gulp
gummed	gum
gummies	gummy
gumming	gum
gums	gum
gumshoes	gumshoe
gunbattles	gunbattle
gunboats	gunboat
gunfighters	gunfighter
gunfights	gunfight
gunmakers	gunmaker
gunmen	gunman
gunned	gun
gunnels	gunnel
gunners	gunner
gunning	gun
guns	gun
gunships	gunship
gunshots	gunshot
gunslingers	gunslinger
gunsmiths	gunsmith
gunwales	gunwale
guppies	guppy
gurgled	gurgle
gurgles	gurgle
gurgling	gurgle
gurglings	gurgling
gushed	gush
gushers	gusher
gushes	gush
gushing	gush
gushings	gushing
gussets	gusset
gusted	gust
gusting	gust
gusts	gust
guts	gut
gutted	gut
guttered	gutter
guttering	gutter
gutterings	guttering
gutters	gutter
gutting	gut
gutturals	guttural
guyed	guy
guying	guy
guys	guy
guzzled	guzzle
guzzlers	guzzler
guzzles	guzzle
guzzling	guzzle
gymnasiums	gymnasium
gymnasts	gymnast
gyms	gym
gyping	gyp
gypped	gyp
gyps	gyp
gypsies	gypsy
gypsums	gypsum
gyrated	gyrate
gyrates	gyrate
gyrating	gyrate
gyrations	gyration
gyres	gyre
gyros	gyro
gyroscopes	gyroscope
haberdasheries	haberdashery
haberdashers	haberdasher
habitations	habitation
habitats	habitat
habited	habit
habiting	habit
habits	habit
habituated	habituate
habituates	habituate
habituating	habituate
habitues	habitue
haciendas	hacienda
hacked	hack
hackers	hacker
hacking	hack
hackled	hackle
hackles	hackle
hackling	hackle
hackneys	hackney
hacks	hack
hacksawed	hacksaw
hacksawing	hacksaw
hacksaws	hacksaw
had	have
haddocks	haddock
hadrons	hadron
hadrosaurs	hadrosaur
haemoglobins	haemoglobin
haemorrhaged	haemorrhage
haemorrhages	haemorrhage
haemorrhaging	haemorrhage
hafted	haft
hafting	haft
hafts	haft
haggled	haggle
haggles	haggle
haggling	haggle
hagiographers	hagiographer
hagiographies	hagiography
hags	hag
hahs	hah
hailed	hail
hailing	hail
hails	hail
hailstones	hailstone
hailstorms	hailstorm
hairbrushes	hairbrush
haircuts	haircut
haircutting	haircut
hairdos	hairdo
hairdressers	hairdresser
hairdryers	hairdryer
hairier	hairy
hairies	hairy
hairiest	hairy
hairlines	hairline
hairnets	hairnet
hairpieces	hairpiece
hairpins	hairpin
hairs	hair
hairstreaks	hairstreak
hairstyles	hairstyle
hairstyling	hairstyle
hairstylists	hairstylist
haitians	haitian
halberds	halberd
haled	hale
hales	hale
halfbacks	halfback
halftones	halftone
halides	halide
haling	hale
hallelujahs	hallelujah
halling	hall
hallmarked	hallmark
hallmarking	hallmark
hallmarks	hallmark
hallooed	halloo
hallooing	halloo
halloos	halloo
hallos	hallo
hallowed	hallow
hallowing	hallow
hallows	hallow
halls	hall
hallucinated	hallucinate
hallucinates	hallucinate
hallucinating	hallucinate
hallucinations	hallucination
hallucinogenics	hallucinogenic
hallucinogens	hallucinogen
hallways	hallway
haloed	halo
haloes	halo
halogens	halogen
haloing	halo
halons	halon
halted	halt
haltered	halter
halters	halter
halting	halt
halts	halt
halved	halve
halves	half
halving	halve
halyards	halyard
hamburgers	hamburger
hamlets	hamlet
hammed	ham
hammered	hammer
hammering	hammer
hammerings	hammering
hammers	hammer
hammier	hammy
hamming	ham
hammocked	hammock
hammocks	hammock
hampered	hamper
hampering	hamper
hampers	hamper
hams	ham
hamsters	hamster
hamstringing	hamstring
hamstrings	hamstring
hamstrung	hamstring
handbagged	handbag
handbags	handbag
handbells	handbell
handbills	handbill
handbooks	handbook
handcarts	handcart
handclasps	handclasp
handcrafted	handcraft
handcrafting	handcraft
handcrafts	handcraft
handcuffed	handcuff
handcuffing	handcuff
handcuffs	handcuff
handed	hand
handfuls	handful
handgrips	handgrip
handguns	handgun
handholding	handhold
handholds	handhold
handicapped	handicap
handicappers	handicapper
handicapping	handicap
handicaps	handicap
handicrafts	handicraft
handier	handy
handies	handy
handing	hand
handkerchiefs	handkerchief
handlebars	handlebar
handled	handle
handlers	handler
handles	handle
handling	handle
handlings	handling
handmaidens	handmaiden
handmaids	handmaid
handouts	handout
handovers	handover
handpicked	handpick
handpieces	handpiece
handprinted	handprint
handprints	handprint
handrails	handrail
hands	hand
handsaws	handsaw
handsets	handset
handsetting	handset
handshakes	handshake
handshakings	handshaking
handsomer	handsome
handsomest	handsome
handsprings	handspring
handstands	handstand
handwashed	handwash
handwashes	handwash
handwashing	handwash
handwritings	handwriting
handymen	handyman
hangars	hangar
hangers	hanger
hanging	hang
hangings	hanging
hangmen	hangman
hangouts	hangout
hangovers	hangover
hangs	hang
hanked	hank
hanker	hank
hankered	hanker
hankering	hanker
hankers	hanker
hankies	hanky
hanks	hank
hanoverians	hanoverian
hansoms	hansom
haoles	haole
haploids	haploid
haplotypes	haplotype
happed	hap
happened	happen
happening	happen
happenings	happening
happens	happen
happenstances	happenstance
happier	happy
happiest	happy
happinesses	happiness
happing	hap
haps	hap
haptics	haptic
harangued	harangue
harangues	harangue
haranguing	harangue
harassed	harass
harassers	harasser
harasses	harass
harassing	harass
harassments	harassment
harbingered	harbinger
harbingering	harbinger
harbingers	harbinger
harbored	harbor
harboring	harbor
harbors	harbor
harboured	harbour
harbouring	harbour
harbours	harbour
hardbacked	hardback
hardbacks	hardback
hardboards	hardboard
hardcovers	hardcover
hardened	harden
hardeners	hardener
hardening	harden
hardens	harden
harder	hard
hardest	hard
hardhats	hardhat
hardier	hardy
hardiest	hardy
hardnesses	hardness
hardships	hardship
hardwoods	hardwood
hared	hare
harelips	harelip
harems	harem
hares	hare
haricots	haricot
haring	hare
harked	hark
harkens	harken
harking	hark
harks	hark
harlequins	harlequin
harlots	harlot
harmed	harm
harming	harm
harmonicas	harmonica
harmonics	harmonic
harmonies	harmony
harmonizations	harmonization
harmonized	harmonize
harmonizes	harmonize
harmonizing	harmonize
harms	harm
harnessed	harness
harnesses	harness
harnessing	harness
harped	harp
harpies	harpy
harping	harp
harpists	harpist
harpooned	harpoon
harpooning	harpoon
harpoons	harpoon
harps	harp
harpsichordists	harpsichordist
harpsichords	harpsichord
harridans	harridan
harried	harry
harriers	harrier
harries	harry
harrowed	harrow
harrowing	harrow
harrows	harrow
harrying	harry
harsher	harsh
harshest	harsh
harshnesses	harshness
harvested	harvest
harvesters	harvester
harvesting	harvest
harvests	harvest
has	have
hashed	hash
hashes	hash
hashing	hash
hasped	hasp
hasping	hasp
hasps	hasp
hassled	hassle
hassles	hassle
hassling	hassle
hassocks	hassock
hastened	hasten
hastening	hasten
hastens	hasten
hastier	hasty
hastiest	hasty
hatboxes	hatbox
hatchbacks	hatchback
hatched	hatch
hatcheries	hatchery
hatches	hatch
hatchets	hatchet
hatching	hatch
hatchings	hatching
hatchlings	hatchling
hatchways	hatchway
hated	hate
haters	hater
hates	hate
hating	hate
hatmakers	hatmaker
hatreds	hatred
hats	hat
hatted	hat
hatters	hatter
hatting	hat
haughtiest	haughty
hauled	haul
hauling	haul
hauls	haul
haunches	haunch
haunted	haunt
haunting	haunt
hauntings	haunting
haunts	haunt
hausas	hausa
havens	haven
haversacks	haversack
having	have
havocs	havoc
hawaiians	hawaiian
hawed	haw
hawing	haw
hawked	hawk
hawkers	hawker
hawking	hawk
hawks	hawk
haws	haw
hawsers	hawser
hawthorns	hawthorn
hayed	hay
hayfields	hayfield
haying	hay
haylofts	hayloft
haymakers	haymaker
hays	hay
haystacks	haystack
hazarded	hazard
hazarding	hazard
hazards	hazard
hazed	haze
hazelnuts	hazelnut
hazels	hazel
hazes	haze
hazier	hazy
haziest	hazy
hazing	haze
headaches	headache
headbands	headband
headbangers	headbanger
headboards	headboard
headcounts	headcount
headdresses	headdress
headed	head
headers	header
headhunters	headhunter
headier	heady
heading	head
headings	heading
headlamps	headlamp
headlands	headland
headlights	headlight
headlined	headline
headliners	headliner
headlines	headline
headlining	headline
headlocks	headlock
headmasters	headmaster
headmen	headman
headmistresses	headmistress
headnotes	headnote
headphones	headphone
headpieces	headpiece
headquartered	headquarter
headrests	headrest
heads	head
headscarfed	headscarf
headscarves	headscarf
headsets	headset
headships	headship
headstones	headstone
headteachers	headteacher
headwaters	headwater
headways	headway
headwinds	headwind
healed	heal
healers	healer
healing	heal
healings	healing
heals	heal
healthier	healthy
healthiest	healthy
heaped	heap
heaping	heap
heaps	heap
heard	hear
hearers	hearer
hearing	hear
hearings	hearing
hearkened	hearken
hearkening	hearken
hearkens	hearken
hears	hear
hearses	hearse
heartbeats	heartbeat
heartbreakers	heartbreaker
heartbreaks	heartbreak
heartened	hearten
heartening	hearten
heartens	hearten
hearths	hearth
hearthstones	hearthstone
heartier	hearty
hearties	hearty
heartiest	hearty
heartlands	heartland
hearts	heart
heartwoods	heartwood
heated	heat
heaters	heater
heathens	heathen
heaths	heath
heating	heat
heats	heat
heatwaves	heatwave
heaved	heave
heavens	heaven
heaves	heave
heavier	heavy
heavies	heavy
heaviest	heavy
heaving	heave
heavings	heaving
heavyweights	heavyweight
hebrews	hebrew
heckled	heckle
hecklers	heckler
heckles	heckle
heckling	heckle
hecks	heck
hectored	hector
hectoring	hector
hectors	hector
hedged	hedge
hedgehogs	hedgehog
hedgerows	hedgerow
hedgers	hedger
hedges	hedge
hedging	hedge
hedonists	hedonist
heeded	heed
heeding	heed
heeds	heed
heeled	heel
heeling	heel
heels	heel
hefted	heft
heftier	hefty
heftiest	hefty
hefting	heft
hefts	heft
hegelians	hegelian
hegemonies	hegemony
heifers	heifer
heightened	heighten
heightening	heighten
heightens	heighten
heights	height
heiresses	heiress
heirlooms	heirloom
heirs	heir
heisted	heist
heisting	heist
heists	heist
held	hold
helicoptered	helicopter
helicoptering	helicopter
helicopters	helicopter
heliotropes	heliotrope
heliports	heliport
helixes	helix
hellfired	hellfire
hellholes	hellhole
hellhounds	hellhound
hellos	hello
hells	hell
helmed	helm
helmets	helmet
helming	helm
helminths	helminth
helms	helm
helmsmen	helmsman
helots	helot
helped	help
helpers	helper
helpfulnesses	helpfulness
helping	help
helpings	helping
helplines	helpline
helpmates	helpmate
helpmeets	helpmeet
helps	help
hemispheres	hemisphere
hemlines	hemline
hemlocks	hemlock
hemmed	hem
hemming	hem
hemmings	hemming
hemorrhaged	hemorrhage
hemorrhages	hemorrhage
hemorrhaging	hemorrhage
hems	hem
henchmen	henchman
henhouses	henhouse
hennaed	henna
hennaing	henna
hennas	henna
hens	hen
heparins	heparin
hepatics	hepatic
hepatocytes	hepatocyte
heralded	herald
heralding	herald
heralds	herald
herbalists	herbalist
herbals	herbal
herbicides	herbicide
herbivores	herbivore
herbs	herb
herded	herd
herders	herder
herding	herd
herds	herd
herdsmen	herdsman
heresies	heresy
heretics	heretic
hering	her
heritages	heritage
hermaphrodites	hermaphrodite
hermeneutics	hermeneutic
hermitages	hermitage
hermits	hermit
hernias	hernia
heroes	hero
heroics	heroic
heroines	heroine
heroisms	heroism
herons	heron
herrings	herring
hesitancies	hesitancy
hesitated	hesitate
hesitates	hesitate
hesitating	hesitate
hesitations	hesitation
hessians	hessian
heterocyclics	heterocyclic
heterodoxies	heterodoxy
heterogeneities	heterogeneity
heterojunctions	heterojunction
heteros	hetero
heterosexuals	heterosexual
heterozygotes	heterozygote
heuristics	heuristic
hewed	hew
hewing	hew
hewn	hew
hews	hew
hexagonals	hexagonal
hexagons	hexagon
hexameters	hexameter
hexed	hex
hexes	hex
hexing	hex
heydays	heyday
heys	hey
hibernated	hibernate
hibernates	hibernate
hibernating	hibernate
hiccuped	hiccup
hiccupped	hiccup
hiccupping	hiccup
hiccups	hiccup
hicks	hick
hid	hide
hidalgos	hidalgo
hidden	hide
hideaways	hideaway
hideouts	hideout
hides	hide
hiding	hide
hied	hie
hierarchies	hierarchy
hierarchs	hierarch
hieroglyphics	hieroglyphic
hieroglyphs	hieroglyph
hies	hie
high-rises	high-rise
highballs	highball
highbrows	highbrow
highchairs	highchair
higher	high
highers	higher
highest	high
highlands	highland
highlighted	highlight
highlighting	highlight
highlights	highlight
highnesses	highness
highs	high
hightailed	hightail
hightailing	hightail
hightails	hightail
highwaymen	highwayman
highways	highway
hijacked	hijack
hijackers	hijacker
hijacking	hijack
hijackings	hijacking
hijacks	hijack
hijras	hijra
hiked	hike
hikers	hiker
hikes	hike
hiking	hike
hillbillies	hillbilly
hilled	hill
hillier	hilly
hilliest	hilly
hilling	hill
hillocks	hillock
hills	hill
hillsides	hillside
hilltops	hilltop
hilts	hilt
hims	him
hindered	hinder
hindering	hinder
hinders	hinder
hindquarters	hindquarter
hindrances	hindrance
hinds	hind
hindus	hindu
hinged	hinge
hingeing	hinge
hinges	hinge
hinted	hint
hinterlands	hinterland
hinting	hint
hints	hint
hipbones	hipbone
hipper	hip
hippest	hip
hippos	hippo
hips	hip
hipsters	hipster
hired	hire
hirelings	hireling
hires	hire
hiring	hire
hirings	hiring
hispanics	hispanic
hissed	hiss
hisses	hiss
hissing	hiss
histamines	histamine
histograms	histogram
histones	histone
historians	historian
historicisms	historicism
histories	history
historiographers	historiographer
histrionics	histrionic
hitched	hitch
hitches	hitch
hitchhiked	hitchhike
hitchhikers	hitchhiker
hitchhikes	hitchhike
hitchhiking	hitchhike
hitching	hitch
hitchings	hitching
hitmen	hitman
hits	hit
hitters	hitter
hitting	hit
hittites	hittite
hived	hive
hives	hive
hiving	hive
hmos	hmo
hoarded	hoard
hoarders	hoarder
hoarding	hoard
hoardings	hoarding
hoards	hoard
hoarier	hoary
hoariest	hoary
hoars	hoar
hoarser	hoarse
hoaxed	hoax
hoaxers	hoaxer
hoaxes	hoax
hoaxing	hoax
hobbed	hob
hobbesians	hobbesian
hobbies	hobby
hobbing	hob
hobbits	hobbit
hobbled	hobble
hobbles	hobble
hobbling	hobble
hobbyists	hobbyist
hobgoblins	hobgoblin
hobnobbed	hobnob
hobnobbing	hobnob
hobnobs	hobnob
hobos	hobo
hobs	hob
hocked	hock
hocking	hock
hocks	hock
hods	hod
hoed	hoe
hoeing	hoe
hoes	hoe
hogans	hogan
hogged	hog
hogging	hog
hogs	hog
hogsheads	hogshead
hoisted	hoist
hoisting	hoist
hoists	hoist
holdbacks	holdback
holders	holder
holding	hold
holdings	holding
holds	hold
holdups	holdup
holed	hole
holes	hole
holidayed	holiday
holidaying	holiday
holidays	holiday
holier	holy
holies	holy
holiest	holy
holinesses	holiness
holing	hole
hollered	holler
hollering	holler
hollers	holler
hollies	holly
hollowed	hollow
hollowing	hollow
hollowings	hollowing
hollows	hollow
hollyhocks	hollyhock
holocausts	holocaust
holograms	hologram
holographs	holograph
holstered	holster
holstering	holster
holsters	holster
homages	homage
homebodies	homebody
homeboys	homeboy
homebuyers	homebuyer
homecomings	homecoming
homed	home
homelands	homeland
homelier	homely
homemakers	homemaker
homeopaths	homeopath
homeowners	homeowner
homers	homer
homes	home
homesites	homesite
homesteaders	homesteader
homesteading	homestead
homesteads	homestead
homeworking	homework
homeworks	homework
homicides	homicide
homiletics	homiletic
homilies	homily
homing	home
hominids	hominid
homogenates	homogenate
homogenizations	homogenization
homogenized	homogenize
homogenizes	homogenize
homogenizing	homogenize
homographs	homograph
homologies	homology
homologues	homologue
homonyms	homonym
homophobes	homophobe
homophobics	homophobic
homos	homo
homosexualities	homosexuality
homosexuals	homosexual
honchos	honcho
hondurans	honduran
honed	hone
hones	hone
honeybees	honeybee
honeycombed	honeycomb
honeycombing	honeycomb
honeycombs	honeycomb
honeying	honey
honeymooned	honeymoon
honeymooners	honeymooner
honeymooning	honeymoon
honeymoons	honeymoon
honeys	honey
honeysuckles	honeysuckle
honied	honey
honing	hone
honked	honk
honkers	honker
honkies	honky
honking	honk
honks	honk
honorariums	honorarium
honored	honor
honorifics	honorific
honoring	honor
honors	honor
honourables	honourable
honoured	honour
honouring	honour
honours	honour
hooded	hood
hooding	hood
hoodlums	hoodlum
hoodooed	hoodoo
hoodooing	hoodoo
hoodoos	hoodoo
hoods	hood
hoodwinked	hoodwink
hoodwinking	hoodwink
hoodwinks	hoodwink
hoofed	hoof
hoofers	hoofer
hoofing	hoof
hoofprints	hoofprint
hoofs	hoof
hookahs	hookah
hooked	hook
hookers	hooker
hooking	hook
hooks	hook
hookworms	hookworm
hooligans	hooligan
hooped	hoop
hooping	hoop
hoops	hoop
hoorays	hooray
hooted	hoot
hooting	hoot
hootings	hooting
hoots	hoot
hooves	hoof
hoped	hope
hopefuls	hopeful
hopes	hope
hoping	hope
hoplites	hoplite
hopped	hop
hoppers	hopper
hopping	hop
hops	hop
hopscotched	hopscotch
hordes	horde
horizons	horizon
horizontals	horizontal
hormones	hormone
hornbills	hornbill
horned	horn
hornets	hornet
horniest	horny
horning	horn
horns	horn
horoscopes	horoscope
horrids	horrid
horrified	horrify
horrifies	horrify
horrifying	horrify
horrors	horror
horsed	horse
horseflies	horsefly
horsemen	horseman
horses	horse
horseshoed	horseshoe
horseshoeing	horseshoe
horseshoes	horseshoe
horsetails	horsetail
horsewomen	horsewoman
horsing	horse
horticulturalists	horticulturalist
horticulturists	horticulturist
hos	ho
hosannas	hosanna
hosed	hose
hoses	hose
hosing	hose
hospices	hospice
hospitalities	hospitality
hospitalizations	hospitalization
hospitalized	hospitalize
hospitalizes	hospitalize
hospitalizing	hospitalize
hospitals	hospital
hostages	hostage
hostas	hosta
hosted	host
hostelling	hostel
hostelries	hostelry
hostels	hostel
hostessed	hostess
hostesses	hostess
hostessing	hostess
hostiles	hostile
hostilities	hostility
hosting	host
hosts	host
hotbeds	hotbed
hotdogging	hotdog
hotdogs	hotdog
hoteliers	hotelier
hotels	hotel
hotfooted	hotfoot
hotfooting	hotfoot
hotfoots	hotfoot
hotheaded	hothead
hotheads	hothead
hothouses	hothouse
hotlines	hotline
hotplates	hotplate
hots	hot
hotshots	hotshot
hotspots	hotspot
hotter	hot
hottest	hot
hotting	hot
hounded	hound
hounding	hound
hounds	hound
houris	houri
hours	hour
houseboats	houseboat
houseboys	houseboy
housecleanings	housecleaning
housecoats	housecoat
housed	house
houseflies	housefly
houseguesting	houseguest
houseguests	houseguest
householders	householder
households	household
housekeepers	housekeeper
housemaids	housemaid
housemates	housemate
housemen	houseman
houseplants	houseplant
houses	house
housetops	housetop
housewives	housewife
housing	house
housings	housing
hovelled	hovel
hovels	hovel
hovered	hover
hovering	hover
hovers	hover
howdahs	howdah
howitzers	howitzer
howled	howl
howlers	howler
howling	howl
howlings	howling
howls	howl
hoyed	hoy
hoys	hoy
hqs	hq
hubbies	hubby
hubcaps	hubcap
hubs	hub
hucks	huck
huckstered	huckster
huckstering	huckster
hucksters	huckster
huddled	huddle
huddles	huddle
huddling	huddle
hued	hue
hues	hue
huffed	huff
huffing	huff
huffs	huff
hugged	hug
huggered	hugger
huggers	hugger
hugging	hug
huggings	hugging
hugs	hug
hulked	hulk
hulking	hulk
hulks	hulk
hulled	hull
hulling	hull
hulls	hull
humanists	humanist
humanitarians	humanitarian
humanized	humanize
humanizes	humanize
humanizing	humanize
humanoids	humanoid
humans	human
humbled	humble
humbles	humble
humbling	humble
humbugged	humbug
humbugging	humbug
humbugs	humbug
humdingers	humdinger
humidified	humidify
humidifiers	humidifier
humidifies	humidify
humidifying	humidify
humidities	humidity
humidors	humidor
humiliated	humiliate
humiliates	humiliate
humiliating	humiliate
humiliations	humiliation
hummed	hum
humming	hum
hummingbirds	hummingbird
hummings	humming
hummocks	hummock
humored	humor
humoring	humor
humorists	humorist
humors	humor
humoured	humour
humouring	humour
humours	humour
humpbacked	humpback
humpbacks	humpback
humped	hump
humping	hump
humps	hump
hums	hum
hunchbacked	hunchback
hunchbacks	hunchback
hunched	hunch
hunches	hunch
hunching	hunch
hung	hang
hungarians	hungarian
hungered	hunger
hungering	hunger
hungers	hunger
hungrier	hungry
hungriest	hungry
hunkered	hunker
hunkering	hunker
hunkers	hunker
hunkier	hunky
hunkiest	hunky
hunks	hunk
hunted	hunt
hunters	hunter
hunting	hunt
hunts	hunt
huntsmen	huntsman
hurdled	hurdle
hurdlers	hurdler
hurdles	hurdle
hurdling	hurdle
hurled	hurl
hurlers	hurler
hurling	hurl
hurls	hurl
hurrahed	hurrah
hurrahing	hurrah
hurrahs	hurrah
hurricanes	hurricane
hurried	hurry
hurries	hurry
hurrying	hurry
hurting	hurt
hurtled	hurtle
hurtles	hurtle
hurtling	hurtle
hurts	hurt
husbanded	husband
husbanding	husband
husbandmen	husbandman
husbands	husband
hushed	hush
hushes	hush
hushing	hush
husked	husk
huskier	husky
huskies	husky
huskiest	husky
husking	husk
husks	husk
hussars	hussar
hussies	hussy
hustled	hustle
hustlers	hustler
hustles	hustle
hustling	hustle
hutched	hutch
hutches	hutch
huts	hut
hyacinths	hyacinth
hybridizations	hybridization
hybridized	hybridize
hybridizes	hybridize
hybridizing	hybridize
hybrids	hybrid
hydrangeas	hydrangea
hydrants	hydrant
hydras	hydra
hydrated	hydrate
hydrates	hydrate
hydrating	hydrate
hydrides	hydride
hydrocarbons	hydrocarbon
hydrodynamics	hydrodynamic
hydrofoils	hydrofoil
hydrogels	hydrogel
hydrogens	hydrogen
hydrologists	hydrologist
hydrophones	hydrophone
hydroplaned	hydroplane
hydroplanes	hydroplane
hydroplaning	hydroplane
hydroponics	hydroponic
hydros	hydro
hydrostatics	hydrostatic
hydrotherapies	hydrotherapy
hydroxides	hydroxide
hydroxyapatites	hydroxyapatite
hydroxyls	hydroxyl
hyenas	hyena
hygienics	hygienic
hygienists	hygienist
hying	hie
hymens	hymen
hymnals	hymnal
hymnbooks	hymnbook
hymned	hymn
hymning	hymn
hymns	hymn
hyperboles	hyperbole
hyperextensions	hyperextension
hyperinflations	hyperinflation
hyperkinetics	hyperkinetic
hypermarkets	hypermarket
hyperplasias	hyperplasia
hypersensitivities	hypersensitivity
hypertensives	hypertensive
hypertexts	hypertext
hypertrophied	hypertrophy
hypertrophies	hypertrophy
hypertrophying	hypertrophy
hyperventilated	hyperventilate
hyperventilates	hyperventilate
hyperventilating	hyperventilate
hypes	hype
hyphenates	hyphenate
hyphenating	hyphenate
hyphenations	hyphenation
hyphened	hyphen
hyphens	hyphen
hypnotherapists	hypnotherapist
hypnotics	hypnotic
hypnotists	hypnotist
hypnotized	hypnotize
hypnotizes	hypnotize
hypnotizing	hypnotize
hypochlorites	hypochlorite
hypochondriacs	hypochondriac
hypocrisies	hypocrisy
hypocrites	hypocrite
hypodermics	hypodermic
hypotheses	hypothesis
hypothesized	hypothesize
hypothesizes	hypothesize
hypothesizing	hypothesize
hypotheticals	hypothetical
hyraxes	hyrax
hysterectomies	hysterectomy
hysterias	hysteria
hysterics	hysteric
iberians	iberian
ice-creams	ice-cream
icebergs	iceberg
iceboxes	icebox
icebreakers	icebreaker
icecaps	icecap
iced	ice
icefalls	icefall
icehouses	icehouse
icelandics	icelandic
icelands	iceland
icemen	iceman
ices	ice
ichthyologists	ichthyologist
ichthyosaurs	ichthyosaur
icicles	icicle
icier	icy
icing	ice
icings	icing
iconoclasts	iconoclast
iconographies	iconography
icons	icon
icus	icu
idealisms	idealism
idealists	idealist
idealizations	idealization
idealized	idealize
idealizes	idealize
idealizing	idealize
ideals	ideal
ideas	idea
identifications	identification
identified	identify
identifiers	identifier
identifies	identify
identifying	identify
identities	identity
ideograms	ideogram
ideographs	ideograph
ideologies	ideology
ideologists	ideologist
ideologues	ideologue
idiocies	idiocy
idioms	idiom
idiosyncrasies	idiosyncrasy
idiots	idiot
idled	idle
idlers	idler
idles	idle
idling	idle
idolized	idolize
idolizes	idolize
idolizing	idolize
idols	idol
idylls	idyll
ies	ie
igloos	igloo
ignited	ignite
ignites	ignite
igniting	ignite
ignitions	ignition
ignorants	ignorant
ignored	ignore
ignores	ignore
ignoring	ignore
iguanas	iguana
ikats	ikat
ikons	ikon
ileostomies	ileostomy
ilks	ilk
illegalities	illegality
illegals	illegal
illegitimates	illegitimate
illicits	illicit
illiterates	illiterate
illnesses	illness
ills	ill
illuminated	illuminate
illuminates	illuminate
illuminating	illuminate
illuminations	illumination
illuminators	illuminator
illumined	illumine
illumines	illumine
illumining	illumine
illusionisms	illusionism
illusionists	illusionist
illusions	illusion
illustrated	illustrate
illustrates	illustrate
illustrating	illustrate
illustrations	illustration
illustrators	illustrator
imaged	image
imageries	imagery
images	image
imaginations	imagination
imagined	imagine
imagines	imagine
imaging	image
imagings	imaging
imagining	imagine
imaginings	imagining
imagos	imago
imams	imam
imbalanced	imbalance
imbalances	imbalance
imbalancing	imbalance
imbeciles	imbecile
imbecilities	imbecility
imbedded	imbed
imbedding	imbed
imbeds	imbed
imbibed	imbibe
imbibes	imbibe
imbibing	imbibe
imbricated	imbricate
imbricates	imbricate
imbricating	imbricate
imbrications	imbrication
imbued	imbue
imbues	imbue
imbuing	imbue
imitated	imitate
imitates	imitate
imitating	imitate
imitations	imitation
imitators	imitator
immatures	immature
immediacies	immediacy
immensities	immensity
immersed	immerse
immerses	immerse
immersing	immerse
immersions	immersion
immigrants	immigrant
immigrated	immigrate
immigrates	immigrate
immigrating	immigrate
imminents	imminent
immobilized	immobilize
immobilizes	immobilize
immobilizing	immobilize
immolated	immolate
immolates	immolate
immolating	immolate
immoralities	immorality
immortalized	immortalize
immortalizes	immortalize
immortalizing	immortalize
immortals	immortal
immovables	immovable
immunities	immunity
immunizations	immunization
immunized	immunize
immunizes	immunize
immunizing	immunize
immunoassays	immunoassay
immunodeficiencies	immunodeficiency
immunogens	immunogen
immunoglobulins	immunoglobulin
immunologists	immunologist
immunosuppressants	immunosuppressant
immured	immure
immures	immure
immuring	immure
immutables	immutable
impacted	impact
impacting	impact
impactors	impactor
impacts	impact
impaired	impair
impairing	impair
impairments	impairment
impairs	impair
impaled	impale
impales	impale
impaling	impale
imparted	impart
imparting	impart
imparts	impart
impeached	impeach
impeaches	impeach
impeaching	impeach
impeachments	impeachment
impedances	impedance
impeded	impede
impedes	impede
impediments	impediment
impeding	impede
impelled	impel
impelling	impel
impels	impel
impended	impend
impending	impend
impends	impend
imperatives	imperative
imperfections	imperfection
imperialists	imperialist
imperiled	imperil
imperilled	imperil
imperilling	imperil
imperils	imperil
impersonated	impersonate
impersonates	impersonate
impersonating	impersonate
impersonations	impersonation
impersonators	impersonator
impertinences	impertinence
impinged	impinge
impingements	impingement
impinges	impinge
impinging	impinge
implantations	implantation
implanted	implant
implanting	implant
implants	implant
implausibilities	implausibility
implementations	implementation
implemented	implement
implementers	implementer
implementing	implement
implements	implement
implicated	implicate
implicates	implicate
implicating	implicate
implications	implication
implicatures	implicature
implied	imply
implies	imply
imploded	implode
implodes	implode
imploding	implode
implored	implore
implores	implore
imploring	implore
implorings	imploring
implying	imply
imponderables	imponderable
importations	importation
imported	import
importers	importer
importing	import
imports	import
importuned	importune
importunes	importune
importuning	importune
imposed	impose
imposes	impose
imposing	impose
impositions	imposition
impossibilities	impossibility
imposters	imposter
impostors	impostor
impostures	imposture
impounded	impound
impounding	impound
impoundments	impoundment
impounds	impound
impoverished	impoverish
impoverishes	impoverish
impoverishing	impoverish
impracticalities	impracticality
imprecated	imprecate
imprecates	imprecate
imprecating	imprecate
imprecations	imprecation
imprecisions	imprecision
impregnated	impregnate
impregnates	impregnate
impregnating	impregnate
impresarios	impresario
impressed	impress
impresses	impress
impressing	impress
impressionisms	impressionism
impressionists	impressionist
impressions	impression
imprinted	imprint
imprinting	imprint
imprints	imprint
imprisoned	imprison
imprisoning	imprison
imprisonments	imprisonment
imprisons	imprison
improbabilities	improbability
improbables	improbable
impromptus	impromptu
improprieties	impropriety
improved	improve
improvements	improvement
improves	improve
improving	improve
improvisations	improvisation
improvised	improvise
improvisers	improviser
improvises	improvise
improvising	improvise
imps	imp
impugned	impugn
impugning	impugn
impugns	impugn
impulses	impulse
impurities	impurity
imputations	imputation
imputed	impute
imputes	impute
imputing	impute
inabilities	inability
inaccuracies	inaccuracy
inactions	inaction
inactivated	inactivate
inactivates	inactivate
inactivating	inactivate
inadequacies	inadequacy
inadequates	inadequate
inanimates	inanimate
inanities	inanity
inarticulated	inarticulate
inarticulates	inarticulate
inaugurated	inaugurate
inaugurates	inaugurate
inaugurating	inaugurate
inaugurations	inauguration
inbreedings	inbreeding
incandescents	incandescent
incantations	incantation
incapacitated	incapacitate
incapacitates	incapacitate
incapacitating	incapacitate
incapacities	incapacity
incarcerated	incarcerate
incarcerates	incarcerate
incarcerating	incarcerate
incarcerations	incarceration
incarnated	incarnate
incarnates	incarnate
incarnating	incarnate
incarnations	incarnation
incas	inca
incendiaries	incendiary
incensed	incense
incenses	incense
incensing	incense
incentives	incentive
inceptions	inception
inched	inch
inches	inch
inching	inch
incidences	incidence
incidentals	incidental
incidents	incident
incinerated	incinerate
incinerates	incinerate
incinerating	incinerate
incinerators	incinerator
incised	incise
incises	incise
incising	incise
incisions	incision
incisors	incisor
incited	incite
incitements	incitement
incites	incite
inciting	incite
incivilities	incivility
inclinations	inclination
inclined	incline
inclines	incline
inclining	incline
included	include
includes	include
including	include
inclusions	inclusion
incognitos	incognito
incoherences	incoherence
incomers	incomer
incomes	income
incomings	incoming
incompatibilities	incompatibility
incompatibles	incompatible
incompetences	incompetence
incompetents	incompetent
inconclusives	inconclusive
incongruities	incongruity
inconsistencies	inconsistency
inconvenienced	inconvenience
inconveniences	inconvenience
inconveniencing	inconvenience
incorporated	incorporate
incorporates	incorporate
incorporating	incorporate
incorporations	incorporation
incorrects	incorrect
incorruptibles	incorruptible
increased	increase
increases	increase
increasing	increase
incrementalisms	incrementalism
incrementals	incremental
incremented	increment
incrementing	increment
increments	increment
incriminated	incriminate
incriminates	incriminate
incriminating	incriminate
incriminations	incrimination
incrustations	incrustation
incubated	incubate
incubates	incubate
incubating	incubate
incubations	incubation
incubators	incubator
inculcated	inculcate
inculcates	inculcate
inculcating	inculcate
inculpated	inculpate
inculpates	inculpate
inculpating	inculpate
incumbencies	incumbency
incumbents	incumbent
incurables	incurable
incurred	incur
incurring	incur
incurs	incur
incursions	incursion
indecencies	indecency
indecisions	indecision
indefinables	indefinable
indemnified	indemnify
indemnifies	indemnify
indemnifying	indemnify
indemnities	indemnity
indentations	indentation
indented	indent
indenting	indent
indents	indent
indentured	indenture
indentures	indenture
indenturing	indenture
independents	independent
indeterminacies	indeterminacy
indexed	index
indexers	indexer
indexes	index
indexicals	indexical
indexing	index
indians	indian
indicated	indicate
indicates	indicate
indicating	indicate
indications	indication
indicators	indicator
indices	index
indicted	indict
indicting	indict
indictments	indictment
indicts	indict
indigents	indigent
indignities	indignity
indigos	indigo
indiscernibles	indiscernible
indisciplined	indiscipline
indiscretions	indiscretion
indiscriminating	indiscriminate
indispensables	indispensable
indited	indite
indites	indite
inditing	indite
individualists	individualist
individualities	individuality
individualized	individualize
individualizes	individualize
individualizing	individualize
individuals	individual
individuated	individuate
individuates	individuate
individuating	individuate
indivisibilities	indivisibility
indivisibles	indivisible
indoctrinated	indoctrinate
indoctrinates	indoctrinate
indoctrinating	indoctrinate
indonesians	indonesian
induced	induce
inducements	inducement
inducers	inducer
induces	induce
inducing	induce
inductances	inductance
inducted	induct
inducting	induct
inductions	induction
inducts	induct
indulged	indulge
indulgences	indulgence
indulges	indulge
indulging	indulge
indurated	indurate
indurates	indurate
indurating	indurate
industrialists	industrialist
industrialized	industrialize
industrializes	industrialize
industrializing	industrialize
industries	industry
indwelling	indwell
indwells	indwell
indwelt	indwell
inebriated	inebriate
inebriates	inebriate
inebriating	inebriate
inefficiencies	inefficiency
ineligibles	ineligible
ineptitudes	ineptitude
inequalities	inequality
inequities	inequity
inertials	inertial
inertias	inertia
inessentials	inessential
inevitabilities	inevitability
inexperienced	inexperience
infamies	infamy
infantas	infanta
infantries	infantry
infantrymen	infantryman
infants	infant
infarctions	infarction
infarcts	infarct
infatuated	infatuate
infatuates	infatuate
infatuating	infatuate
infatuations	infatuation
infected	infect
infecting	infect
infections	infection
infectives	infective
infects	infect
infelicities	infelicity
inferences	inference
inferencing	inference
inferiorities	inferiority
inferiors	inferior
infernos	inferno
inferred	infer
inferring	infer
infers	infer
infestations	infestation
infested	infest
infesting	infest
infests	infest
infidelities	infidelity
infidels	infidel
infields	infield
infills	infill
infiltrated	infiltrate
infiltrates	infiltrate
infiltrating	infiltrate
infiltrations	infiltration
infiltrators	infiltrator
infinities	infinity
infinitives	infinitive
infinitudes	infinitude
infirmaries	infirmary
infirmities	infirmity
inflamed	inflame
inflames	inflame
inflaming	inflame
inflammations	inflammation
inflatables	inflatable
inflated	inflate
inflates	inflate
inflating	inflate
inflations	inflation
inflected	inflect
inflecting	inflect
inflections	inflection
inflects	inflect
inflexibilities	inflexibility
inflicted	inflict
inflicting	inflict
inflictions	infliction
inflicts	inflict
inflorescences	inflorescence
inflowing	inflow
inflows	inflow
influenced	influence
influences	influence
influencing	influence
influxes	influx
informals	informal
informants	informant
informed	inform
informers	informer
informing	inform
informs	inform
infractions	infraction
infrastructures	infrastructure
infringed	infringe
infringements	infringement
infringer	infringe
infringes	infringe
infringing	infringe
infuriated	infuriate
infuriates	infuriate
infuriating	infuriate
infused	infuse
infuses	infuse
infusing	infuse
infusions	infusion
ingenues	ingenue
ingenuities	ingenuity
ingested	ingest
ingesting	ingest
ingestions	ingestion
ingests	ingest
ingots	ingot
ingrained	ingrain
ingraining	ingrain
ingrains	ingrain
ingrates	ingrate
ingratiated	ingratiate
ingratiates	ingratiate
ingratiating	ingratiate
ingratitudes	ingratitude
ingredients	ingredient
inhabitants	inhabitant
inhabited	inhabit
inhabiting	inhabit
inhabits	inhabit
inhalants	inhalant
inhalations	inhalation
inhaled	inhale
inhalers	inhaler
inhales	inhale
inhaling	inhale
inheritances	inheritance
inherited	inherit
inheriting	inherit
inheritors	inheritor
inherits	inherit
inhibited	inhibit
inhibiting	inhibit
inhibitions	inhibition
inhibitors	inhibitor
inhibits	inhibit
inhomogeneities	inhomogeneity
iniquities	iniquity
initialized	initialize
initializes	initialize
initializing	initialize
initialled	initial
initialling	initial
initials	initial
initiated	initiate
initiates	initiate
initiating	initiate
initiations	initiation
initiatives	initiative
initiators	initiator
injectables	injectable
injected	inject
injecting	inject
injections	injection
injectors	injector
injects	inject
injunctions	injunction
injured	injure
injures	injure
injuries	injury
injuring	injure
injustices	injustice
inked	ink
inkies	inky
inking	ink
inklings	inkling
inkpots	inkpot
inks	ink
inkwells	inkwell
inlaid	inlay
inlaying	inlay
inlays	inlay
inlets	inlet
inmates	inmate
innervated	innervate
innervates	innervate
innervating	innervate
innervations	innervation
innkeepers	innkeeper
innocents	innocent
innovated	innovate
innovates	innovate
innovating	innovate
innovations	innovation
innovators	innovator
inns	inn
innuendos	innuendo
inoculants	inoculant
inoculated	inoculate
inoculates	inoculate
inoculating	inoculate
inoculations	inoculation
inorganics	inorganic
inpatients	inpatient
inputs	input
inputting	input
inquests	inquest
inquired	inquire
inquirers	inquirer
inquires	inquire
inquiries	inquiry
inquiring	inquire
inquisitions	inquisition
inquisitors	inquisitor
inroads	inroad
insanities	insanity
inscribed	inscribe
inscribes	inscribe
inscribing	inscribe
inscriptions	inscription
insecticides	insecticide
insectivores	insectivore
insects	insect
insecurities	insecurity
inseminated	inseminate
inseminates	inseminate
inseminating	inseminate
inseminations	insemination
insensitivities	insensitivity
inseparables	inseparable
inserted	insert
inserting	insert
insertions	insertion
inserts	insert
insets	inset
insetting	inset
insiders	insider
insides	inside
insights	insight
insinuated	insinuate
insinuates	insinuate
insinuating	insinuate
insinuations	insinuation
insisted	insist
insistences	insistence
insisting	insist
insists	insist
insolated	insolate
insolates	insolate
insolating	insolate
insoles	insole
insolubles	insoluble
insolvencies	insolvency
insolvents	insolvent
insomniacs	insomniac
inspected	inspect
inspecting	inspect
inspections	inspection
inspectorates	inspectorate
inspectors	inspector
inspects	inspect
inspirations	inspiration
inspired	inspire
inspirers	inspirer
inspires	inspire
inspiring	inspire
instabilities	instability
installations	installation
installed	install
installers	installer
installing	install
installments	installment
installs	install
instalments	instalment
instanced	instance
instances	instance
instancing	instance
instantiated	instantiate
instantiates	instantiate
instantiating	instantiate
instantiations	instantiation
instants	instant
instars	instar
instated	instate
instating	instate
insteps	instep
instigated	instigate
instigates	instigate
instigating	instigate
instigations	instigation
instigators	instigator
instillations	instillation
instilled	instil
instilling	instil
instills	instill
instils	instil
instincts	instinct
instituted	institute
institutes	institute
instituting	institute
institutionalized	institutionalize
institutionalizes	institutionalize
institutionalizing	institutionalize
institutionals	institutional
institutions	institution
instructed	instruct
instructing	instruct
instructions	instruction
instructors	instructor
instructs	instruct
instrumentalists	instrumentalist
instrumentalities	instrumentality
instrumentals	instrumental
instrumentations	instrumentation
instruments	instrument
insubordinates	insubordinate
insufficiencies	insufficiency
insulated	insulate
insulates	insulate
insulating	insulate
insulations	insulation
insulators	insulator
insulins	insulin
insulted	insult
insulting	insult
insults	insult
insurances	insurance
insured	insure
insureds	insured
insurers	insurer
insures	insure
insurgencies	insurgency
insurgents	insurgent
insuring	insure
insurrectionaries	insurrectionary
insurrectionists	insurrectionist
insurrections	insurrection
intaglios	intaglio
intakes	intake
intangibles	intangible
integers	integer
integrals	integral
integrated	integrate
integrates	integrate
integrating	integrate
integrationists	integrationist
integrations	integration
integrators	integrator
intellects	intellect
intellectualized	intellectualize
intellectuals	intellectual
intelligences	intelligence
intelligentsias	intelligentsia
intendants	intendant
intended	intend
intending	intend
intends	intend
intensifications	intensification
intensified	intensify
intensifiers	intensifier
intensifies	intensify
intensifying	intensify
intensities	intensity
intentions	intention
intents	intent
interacted	interact
interacting	interact
interactions	interaction
interacts	interact
interbred	interbreed
interbreeding	interbreed
interbreeds	interbreed
interceded	intercede
intercedes	intercede
interceding	intercede
intercepted	intercept
intercepting	intercept
interceptions	interception
interceptors	interceptor
intercepts	intercept
intercessions	intercession
intercessors	intercessor
interchanged	interchange
interchanges	interchange
interchanging	interchange
intercoms	intercom
interconnected	interconnect
interconnecting	interconnect
interconnections	interconnection
interconnects	interconnect
intercorrelations	intercorrelation
intercuts	intercut
intercutting	intercut
interdependences	interdependence
interdependencies	interdependency
interdicted	interdict
interdicting	interdict
interdictions	interdiction
interdicts	interdict
interested	interest
interesting	interest
interests	interest
interfaced	interface
interfaces	interface
interfered	interfere
interferences	interference
interferes	interfere
interfering	interfere
interferometers	interferometer
interferons	interferon
interglacials	interglacial
intergroups	intergroup
interims	interim
interiorized	interiorize
interiorizes	interiorize
interiorizing	interiorize
interiors	interior
interjected	interject
interjecting	interject
interjections	interjection
interjects	interject
interlaced	interlace
interlaces	interlace
interlacing	interlace
interleaved	interleave
interleaves	interleave
interleaving	interleave
interleukins	interleukin
interlinked	interlink
interlinking	interlink
interlinks	interlink
interlocked	interlock
interlocking	interlock
interlockings	interlocking
interlocks	interlock
interlocutors	interlocutor
interloped	interlope
interlopers	interloper
interlopes	interlope
interloping	interlope
interludes	interlude
intermarriages	intermarriage
intermarried	intermarry
intermarries	intermarry
intermarrying	intermarry
intermediaries	intermediary
intermediated	intermediate
intermediates	intermediate
interments	interment
intermezzos	intermezzo
intermingled	intermingle
intermingles	intermingle
intermingling	intermingle
intermissions	intermission
intermixed	intermix
intermixes	intermix
intermixing	intermix
internalizations	internalization
internalized	internalize
internalizes	internalize
internalizing	internalize
internals	internal
internationalists	internationalist
internationalized	internationalize
internationalizes	internationalize
internationalizing	internationalize
internationals	international
interned	intern
internees	internee
interning	intern
internments	internment
internodes	internode
interns	intern
internships	internship
interpellated	interpellate
interpellates	interpellate
interpellating	interpellate
interpellations	interpellation
interpenetrated	interpenetrate
interpenetrates	interpenetrate
interpenetrating	interpenetrate
interpenetrations	interpenetration
interplays	interplay
interpolated	interpolate
interpolates	interpolate
interpolating	interpolate
interpolations	interpolation
interposed	interpose
interposes	interpose
interposing	interpose
interpretations	interpretation
interpreted	interpret
interpreters	interpreter
interpreting	interpret
interprets	interpret
interred	inter
interregnums	interregnum
interrelations	interrelation
interrelationships	interrelationship
interring	inter
interrogated	interrogate
interrogates	interrogate
interrogating	interrogate
interrogations	interrogation
interrogatives	interrogative
interrogatories	interrogatory
interrogators	interrogator
interrupted	interrupt
interrupters	interrupter
interrupting	interrupt
interruptions	interruption
interrupts	interrupt
inters	inter
intersected	intersect
intersecting	intersect
intersectioning	intersection
intersections	intersection
intersects	intersect
intersexes	intersex
intersexing	intersex
interspersed	intersperse
intersperses	intersperse
interspersing	intersperse
interstates	interstate
interstices	interstice
intertexts	intertext
intertwined	intertwine
intertwines	intertwine
intertwining	intertwine
intervals	interval
intervened	intervene
interveners	intervener
intervenes	intervene
intervening	intervene
interventionists	interventionist
interventions	intervention
interviewed	interview
interviewees	interviewee
interviewers	interviewer
interviewing	interview
interviews	interview
interweaves	interweave
interweaving	interweave
interweavings	interweaving
interwove	interweave
interwoven	interweave
intestates	intestate
intestines	intestine
intimacies	intimacy
intimated	intimate
intimates	intimate
intimating	intimate
intimations	intimation
intimidated	intimidate
intimidates	intimidate
intimidating	intimidate
intimidations	intimidation
intolerances	intolerance
intonations	intonation
intoned	intone
intones	intone
intoning	intone
intoxicants	intoxicant
intoxicated	intoxicate
intoxicates	intoxicate
intoxicating	intoxicate
intransigents	intransigent
intricacies	intricacy
intricating	intricate
intrigued	intrigue
intrigues	intrigue
intriguing	intrigue
intrinsics	intrinsic
introduced	introduce
introduces	introduce
introducing	introduce
introductions	introduction
introjected	introject
introjecting	introject
introjects	introject
introns	intron
intros	intro
introspections	introspection
introverted	introvert
introverting	introvert
introverts	introvert
intruded	intrude
intruders	intruder
intrudes	intrude
intruding	intrude
intrusions	intrusion
intrusives	intrusive
intubated	intubate
intubates	intubate
intubating	intubate
intubations	intubation
intuited	intuit
intuiting	intuit
intuitions	intuition
intuits	intuit
inuits	inuit
inundated	inundate
inundates	inundate
inundating	inundate
inundations	inundation
inured	inure
inures	inure
inuring	inure
invaded	invade
invaders	invader
invades	invade
invading	invade
invalidated	invalidate
invalidates	invalidate
invalidating	invalidate
invalided	invalid
invaliding	invalid
invalids	invalid
invariants	invariant
invasions	invasion
invectives	invective
inveighed	inveigh
inveighing	inveigh
inveighs	inveigh
inveigled	inveigle
inveigles	inveigle
inveigling	inveigle
invented	invent
inventing	invent
inventions	invention
inventoried	inventory
inventories	inventory
inventors	inventor
inventorying	inventory
invents	invent
inverses	inverse
inversions	inversion
invertebrates	invertebrate
inverted	invert
inverters	inverter
inverting	invert
inverts	invert
invested	invest
investigated	investigate
investigates	investigate
investigating	investigate
investigations	investigation
investigators	investigator
investing	invest
investitures	investiture
investments	investment
investors	investor
invests	invest
invigilated	invigilate
invigilates	invigilate
invigilating	invigilate
invigorated	invigorate
invigorates	invigorate
invigorating	invigorate
invisibles	invisible
invitations	invitation
invited	invite
invitees	invitee
invites	invite
inviting	invite
invocations	invocation
invoiced	invoice
invoices	invoice
invoicing	invoice
invoked	invoke
invokes	invoke
invoking	invoke
involved	involve
involvements	involvement
involves	involve
involving	involve
iodides	iodide
ionians	ionian
ionizations	ionization
ionized	ionize
ionizes	ionize
ionizing	ionize
ions	ion
iotas	iota
ipos	ipo
iranians	iranian
iraqis	iraqi
irises	iris
irishmen	irishman
irishwomen	irishwoman
irked	irk
irking	irk
irks	irk
ironclads	ironclad
ironed	iron
ironies	irony
ironing	iron
ironists	ironist
irons	iron
ironstones	ironstone
ironworkers	ironworker
ironworking	ironwork
ironworks	ironwork
irradiated	irradiate
irradiates	irradiate
irradiating	irradiate
irradiations	irradiation
irrationalities	irrationality
irrationals	irrational
irreconcilables	irreconcilable
irredeemables	irredeemable
irredentists	irredentist
irreducibles	irreducible
irregularities	irregularity
irregulars	irregular
irrelevances	irrelevance
irrelevancies	irrelevancy
irresolutions	irresolution
irreverents	irreverent
irrigated	irrigate
irrigates	irrigate
irrigating	irrigate
irrigations	irrigation
irritants	irritant
irritated	irritate
irritates	irritate
irritating	irritate
irritations	irritation
irruptions	irruption
is	be
islamists	islamist
islanders	islander
islands	island
isles	isle
islets	islet
isms	ism
isolated	isolate
isolates	isolate
isolating	isolate
isolationists	isolationist
isolations	isolation
isolators	isolator
isomers	isomer
isometrics	isometric
isotopes	isotope
israelis	israeli
israelites	israelite
issuances	issuance
issued	issue
issuers	issuer
issues	issue
issuing	issue
italians	italian
italicized	italicize
italicizes	italicize
italicizing	italicize
italics	italic
itched	itch
itches	itch
itchiest	itchy
itching	itch
itemized	itemize
itemizes	itemize
itemizing	itemize
items	item
iterated	iterate
iterates	iterate
iterating	iterate
iterations	iteration
iteratives	iterative
itinerants	itinerant
itineraries	itinerary
ivies	ivy
ivories	ivory
jabbed	jab
jabbered	jabber
jabbering	jabber
jabbers	jabber
jabbing	jab
jabs	jab
jacarandas	jacaranda
jack-knifed	jackknife
jack-knifes	jackknife
jack-knifing	jackknife
jackals	jackal
jackboots	jackboot
jackdaws	jackdaw
jacked	jack
jacketed	jacket
jacketing	jacket
jackets	jacket
jackhammers	jackhammer
jacking	jack
jackknifed	jackknife
jackpots	jackpot
jacks	jack
jacobeans	jacobean
jacobites	jacobite
jacquards	jacquard
jaded	jade
jades	jade
jading	jade
jagged	jag
jagging	jag
jags	jag
jaguars	jaguar
jailbirds	jailbird
jailed	jail
jailers	jailer
jailing	jail
jailings	jailing
jails	jail
jalopies	jalopy
jamaicans	jamaican
jamborees	jamboree
jambs	jamb
jammed	jam
jammers	jammer
jammiest	jammy
jamming	jam
jams	jam
jangled	jangle
jangles	jangle
jangling	jangle
janglings	jangling
janitors	janitor
japanned	japan
japanning	japan
japans	japan
japes	jape
jargoning	jargon
jargons	jargon
jarred	jar
jarring	jar
jars	jar
jasmines	jasmine
jaundiced	jaundice
jaundices	jaundice
jaundicing	jaundice
jaunted	jaunt
jaunting	jaunt
jaunts	jaunt
javas	java
javelins	javelin
jawbones	jawbone
jawed	jaw
jawing	jaw
jawlines	jawline
jaws	jaw
jays	jay
jaywalked	jaywalk
jaywalking	jaywalk
jaywalks	jaywalk
jazzed	jazz
jazzes	jazz
jazzier	jazzy
jazzing	jazz
jazzmen	jazzman
jealousies	jealousy
jeeps	jeep
jeered	jeer
jeering	jeer
jeers	jeer
jelled	jell
jellied	jelly
jellies	jelly
jelling	jell
jells	jell
jellyfishes	jellyfish
jellying	jelly
jeopardies	jeopardy
jeopardized	jeopardize
jeopardizes	jeopardize
jeopardizing	jeopardize
jeremiads	jeremiad
jerked	jerk
jerkier	jerky
jerking	jerk
jerkings	jerking
jerkins	jerkin
jerks	jerk
jerseys	jersey
jested	jest
jesters	jester
jesting	jest
jests	jest
jesuits	jesuit
jetliners	jetliner
jets	jet
jetted	jet
jettied	jetty
jetties	jetty
jetting	jet
jettisoned	jettison
jettisoning	jettison
jettisons	jettison
jewelled	jewel
jewellers	jeweller
jewelling	jewel
jewels	jewel
jews	jew
jibbed	jib
jibbing	jib
jibed	jibe
jibes	jibe
jibing	jibe
jibs	jib
jigged	jig
jiggered	jigger
jiggers	jigger
jigging	jig
jiggled	jiggle
jiggles	jiggle
jiggling	jiggle
jigs	jig
jigsaws	jigsaw
jilted	jilt
jilting	jilt
jilts	jilt
jingled	jingle
jingles	jingle
jingling	jingle
jinxed	jinx
jinxes	jinx
jinxing	jinx
jitneys	jitney
jitterbugged	jitterbug
jitterbugging	jitterbug
jitterbugs	jitterbug
jittered	jitter
jitters	jitter
jived	jive
jives	jive
jiving	jive
jobbed	job
jobbing	job
jobs	job
jocked	jock
jockeyed	jockey
jockeying	jockey
jockeyings	jockeying
jockeys	jockey
jocks	jock
jockstraps	jockstrap
jodhpurs	jodhpur
jogged	jog
joggers	jogger
jogging	jog
joggled	joggle
joggles	joggle
joggling	joggle
jogs	jog
joined	join
joinering	joiner
joiners	joiner
joining	join
joins	join
jointed	joint
jointing	joint
joints	joint
joisted	joist
joists	joist
joked	joke
jokers	joker
jokes	joke
joking	joke
jollied	jolly
jollier	jolly
jollies	jolly
jolliest	jolly
jollities	jollity
jollying	jolly
jolted	jolt
jolting	jolt
jolts	jolt
jongleurs	jongleur
jonquils	jonquil
jordanians	jordanian
joshed	josh
joshes	josh
joshing	josh
jostled	jostle
jostles	jostle
jostling	jostle
jostlings	jostling
jots	jot
jotted	jot
jotting	jot
jounced	jounce
jounces	jounce
jouncing	jounce
journalists	journalist
journals	journal
journeyed	journey
journeying	journey
journeyings	journeying
journeymen	journeyman
journeys	journey
jousted	joust
jousting	joust
joustings	jousting
jousts	joust
jowls	jowl
joyed	joy
joying	joy
joyrided	joyride
joyrides	joyride
joyriding	joyride
joys	joy
joysticks	joystick
jubilations	jubilation
jubilees	jubilee
judged	judge
judgements	judgement
judges	judge
judgeships	judgeship
judging	judge
judgments	judgment
judiciaries	judiciary
jugged	jug
juggernauts	juggernaut
jugging	jug
juggled	juggle
jugglers	juggler
juggles	juggle
juggling	juggle
jugs	jug
jugulars	jugular
juices	juice
juicier	juicy
juiciest	juicy
jukeboxes	jukebox
jukes	juke
juleps	julep
jumbled	jumble
jumbles	jumble
jumbling	jumble
jumbos	jumbo
jumped	jump
jumpers	jumper
jumping	jump
jumps	jump
jumpstarted	jumpstart
jumpstarting	jumpstart
jumpstarts	jumpstart
jumpsuits	jumpsuit
junctions	junction
junctures	juncture
jungians	jungian
jungles	jungle
juniors	junior
junipers	juniper
junked	junk
junker	junk
junkers	junker
junketed	junket
junketing	junket
junkets	junket
junkies	junky
junking	junk
junks	junk
juntas	junta
juries	jury
jurisdictionals	jurisdictional
jurisdictions	jurisdiction
jurists	jurist
jurors	juror
justices	justice
justifications	justification
justified	justify
justifies	justify
justifying	justify
jutes	jute
juts	jut
jutted	jut
jutting	jut
juveniles	juvenile
juxtaposed	juxtapose
juxtaposes	juxtapose
juxtaposing	juxtapose
juxtapositions	juxtaposition
kaffirs	kaffir
kaisers	kaiser
kaled	kale
kaleidoscoped	kaleidoscope
kaleidoscopes	kaleidoscope
kangaroos	kangaroo
karaokes	karaoke
karmas	karma
karting	kart
karts	kart
katas	kata
katydids	katydid
kavas	kava
kayaks	kayak
kazoos	kazoo
kebabs	kebab
keelboats	keelboat
keeled	keel
keeling	keel
keels	keel
keened	keen
keener	keen
keenest	keen
keening	keen
keenings	keening
keens	keen
keepers	keeper
keeping	keep
keeps	keep
keepsakes	keepsake
kegging	keg
kegs	keg
kelping	kelp
kennelled	kennel
kennelling	kennel
kennels	kennel
kenyans	kenyan
kept	keep
kerbed	kerb
kerbing	kerb
kerbs	kerb
kerchiefs	kerchief
kerfed	kerf
kerfing	kerf
kerfs	kerf
kernels	kernel
kestrels	kestrel
ketches	ketch
ketchups	ketchup
ketones	ketone
kettled	kettle
kettledrums	kettledrum
kettles	kettle
keyboarded	keyboard
keyboarding	keyboard
keyboardists	keyboardist
keyboards	keyboard
keyed	key
keyholes	keyhole
keying	key
keynesians	keynesian
keynoted	keynote
keynotes	keynote
keynoting	keynote
keypads	keypad
keys	key
keystones	keystone
keystrokes	keystroke
keywording	keyword
keywords	keyword
khakis	khaki
khans	khan
kibbles	kibble
kibitzed	kibitz
kibitzes	kibitz
kibitzing	kibitz
kiboshed	kibosh
kiboshes	kibosh
kiboshing	kibosh
kickbacks	kickback
kicked	kick
kickers	kicker
kicking	kick
kickoffs	kickoff
kicks	kick
kidded	kid
kiddies	kiddy
kidding	kid
kiddos	kiddo
kidnapped	kidnap
kidnappers	kidnapper
kidnapping	kidnap
kidnappings	kidnapping
kidnaps	kidnap
kidneys	kidney
kids	kid
kilims	kilim
killed	kill
killers	killer
killing	kill
killings	killing
killjoys	killjoy
kills	kill
kilns	kiln
kilograms	kilogram
kilometers	kilometer
kilometres	kilometre
kilos	kilo
kilotons	kiloton
kilowatts	kilowatt
kilted	kilt
kilts	kilt
kimberlites	kimberlite
kimonos	kimono
kinased	kinase
kinases	kinase
kinasing	kinase
kinder	kind
kindergartens	kindergarten
kindest	kind
kindled	kindle
kindles	kindle
kindlier	kindly
kindling	kindle
kindnesses	kindness
kindreds	kindred
kinds	kind
kinematics	kinematic
kingdoms	kingdom
kingfishers	kingfisher
kingmakers	kingmaker
kingpins	kingpin
kings	king
kingships	kingship
kinked	kink
kinkier	kinky
kinkies	kinky
kinking	kink
kinks	kink
kinships	kinship
kinsmen	kinsman
kinswomen	kinswoman
kiosks	kiosk
kipped	kip
kippered	kipper
kippering	kipper
kippers	kipper
kipping	kip
kips	kip
kirtles	kirtle
kirtling	kirtle
kissed	kiss
kissers	kisser
kisses	kiss
kissing	kiss
kissings	kissing
kitchenettes	kitchenette
kitchens	kitchen
kited	kite
kites	kite
kiting	kite
kits	kit
kitted	kit
kittened	kitten
kittening	kitten
kittens	kitten
kitting	kit
kivas	kiva
kiwis	kiwi
klatches	klatch
klaxoning	klaxon
klaxons	klaxon
klicks	klick
klingons	klingon
knacked	knack
knacks	knack
knapsacks	knapsack
knaves	knave
kneaded	knead
kneading	knead
kneads	knead
kneecapped	kneecap
kneecapping	kneecap
kneecaps	kneecap
kneeing	knee
kneelers	kneeler
kneeling	kneel
kneels	kneel
knees	knee
knelled	knell
knelling	knell
knells	knell
knelt	kneel
knew	know
knifed	knife
knifes	knife
knifing	knife
knighted	knight
knighthoods	knighthood
knighting	knight
knights	knight
knits	knit
knitted	knit
knitteds	knitted
knitters	knitter
knitting	knit
knives	knife
knobbed	knob
knobbing	knob
knobs	knob
knockabouts	knockabout
knockdowns	knockdown
knocked	knock
knockers	knocker
knocking	knock
knockings	knocking
knockouts	knockout
knocks	knock
knolled	knoll
knolls	knoll
knotholes	knothole
knots	knot
knotted	knot
knottier	knotty
knottiest	knotty
knotting	knot
knowers	knower
knowing	know
knowledges	knowledge
known	know
knows	know
knuckled	knuckle
knuckleheads	knucklehead
knuckles	knuckle
knuckling	knuckle
koalas	koala
kooks	kook
kopecks	kopeck
kopjes	kopje
korans	koran
koreans	korean
koshered	kosher
kowtowed	kowtow
kowtowing	kowtow
kowtows	kowtow
kraits	krait
krakens	kraken
krauts	kraut
kudus	kudu
kulaks	kulak
kumquats	kumquat
kurds	kurd
kuwaitis	kuwaiti
labelled	label
labelling	label
labellings	labelling
labels	label
labials	labial
laboratories	laboratory
labored	labor
laborers	laborer
laboring	labor
labors	labor
laboured	labour
labourers	labourer
labouring	labour
labours	labour
labs	lab
labyrinths	labyrinth
laced	lace
lacerated	lacerate
lacerates	lacerate
lacerating	lacerate
lacerations	laceration
laces	lace
lacewings	lacewing
lacing	lace
lacings	lacing
lacked	lack
lackeys	lackey
lacking	lack
lackings	lacking
lacks	lack
lacquered	lacquer
lacquering	lacquer
lacquers	lacquer
lactated	lactate
lactates	lactate
lactating	lactate
laddered	ladder
laddering	ladder
ladders	ladder
laded	laden
lades	laden
ladies	lady
lading	laden
ladings	lading
ladled	ladle
ladles	ladle
ladling	ladle
lads	lad
ladybirds	ladybird
lagered	lager
lagers	lager
laggards	laggard
lagged	lag
lagging	lag
lagoons	lagoon
lags	lag
laid	lay
lain	lie
lairds	laird
lairs	lair
lakes	lake
lamarckians	lamarckian
lamas	lama
lambasted	lambast
lambasting	lambast
lambasts	lambast
lambed	lamb
lambing	lamb
lambings	lambing
lambs	lamb
lambskins	lambskin
lamed	lame
lamentations	lamentation
lamented	lament
lamenting	lament
laments	lament
lamer	lame
lames	lame
lamest	lame
laminas	lamina
laminated	laminate
laminates	laminate
laminating	laminate
laminations	lamination
laming	lame
lammed	lam
lamming	lam
lampooned	lampoon
lampooning	lampoon
lampoons	lampoon
lampposts	lamppost
lampreys	lamprey
lamps	lamp
lampshades	lampshade
lams	lam
lanced	lance
lancers	lancer
lances	lance
lancets	lancet
lancing	lance
landaus	landau
landed	land
landers	lander
landfalls	landfall
landfills	landfill
landforms	landform
landholders	landholder
landholdings	landholding
landing	land
landings	landing
landladies	landlady
landlines	landline
landlords	landlord
landlubbers	landlubber
landmarking	landmark
landmarks	landmark
landmasses	landmass
landmines	landmine
landowners	landowner
lands	land
landscaped	landscape
landscapers	landscaper
landscapes	landscape
landscaping	landscape
landslides	landslide
landsliding	landslide
landsmen	landsman
lanes	lane
langoustines	langoustine
languages	language
languished	languish
languishes	languish
languishing	languish
langurs	langur
lanterns	lantern
lanyards	lanyard
laotians	laotian
laparoscopies	laparoscopy
laparotomies	laparotomy
lapdogs	lapdog
lapels	lapel
lapidaries	lapidary
lapped	lap
lapping	lap
lappings	lapping
laps	lap
lapsed	lapse
lapses	lapse
lapsing	lapse
laptops	laptop
larcenies	larceny
larches	larch
larded	lard
larders	larder
larding	lard
lards	lard
larger	large
largesses	largess
largest	large
larked	lark
larking	lark
larks	lark
larkspurs	larkspur
larvae	larva
lasagnas	lasagna
lasagnes	lasagne
lasered	laser
lasering	laser
lasers	laser
lashed	lash
lashes	lash
lashing	lash
lashings	lashing
lasses	lass
lassoed	lasso
lassoing	lasso
lassos	lasso
lasted	last
lasting	last
lasts	last
latched	latch
latches	latch
latching	latch
latecomers	latecomer
latelier	lately
latencies	latency
later	late
laterals	lateral
latest	late
latexes	latex
lathered	lather
lathering	lather
lathers	lather
lathes	lathe
laths	lath
latinos	latino
latins	latin
latitudes	latitude
latkes	latke
latrines	latrine
lats	lat
latticed	lattice
lattices	lattice
latvians	latvian
lauded	laud
lauding	laud
lauds	laud
laughed	laugh
laughing	laugh
laughingstocks	laughingstock
laughs	laugh
launched	launch
launchers	launcher
launches	launch
launching	launch
laundered	launder
launderers	launderer
launderettes	launderette
laundering	launder
launders	launder
laundresses	laundress
laundrettes	laundrette
laundries	laundry
laundromats	laundromat
laundrymen	laundryman
laureates	laureate
laurels	laurel
laurentians	laurentian
lavas	lava
lavatories	lavatory
laved	lave
lavenders	lavender
lavering	laver
laves	lave
laving	lave
lavished	lavish
lavishes	lavish
lavishing	lavish
lawbreakers	lawbreaker
lawgivers	lawgiver
lawmakers	lawmaker
lawmen	lawman
lawnmowers	lawnmower
lawns	lawn
laws	law
lawsuits	lawsuit
lawyers	lawyer
laxatives	laxative
lay	lie
layabouts	layabout
layaways	layaway
layered	layer
layering	layer
layerings	layering
layers	layer
laying	lay
laymen	layman
layoffs	layoff
layouts	layout
lays	lay
laywomen	laywoman
lazed	laze
lazes	laze
lazier	lazy
laziest	lazy
lazing	laze
lcds	lcd
leachates	leachate
leached	leach
leaches	leach
leaching	leach
leadening	leaden
leaderboards	leaderboard
leaders	leader
leaderships	leadership
leading	lead
leads	lead
leafed	leaf
leafhoppers	leafhopper
leafier	leafy
leafing	leaf
leaflets	leaflet
leafs	leaf
leagued	league
leaguers	leaguer
leagues	league
leaguing	league
leakages	leakage
leaked	leak
leakiest	leaky
leaking	leak
leakings	leaking
leaks	leak
leaned	lean
leaner	lean
leaning	lean
leanings	leaning
leans	lean
leapers	leaper
leapfrogged	leapfrog
leapfrogging	leapfrog
leapfrogs	leapfrog
leaping	leap
leaps	leap
leapt	leap
learned	learn
learners	learner
learning	learn
learns	learn
leased	lease
leaseholders	leaseholder
leaseholding	leasehold
leaseholds	leasehold
leases	lease
leashed	leash
leashes	leash
leashing	leash
leasing	lease
leasings	leasing
leathered	leather
leathering	leather
leathers	leather
leavened	leaven
leavening	leaven
leavens	leaven
leavers	leaver
leaves	leaf
leaving	leave
leavings	leaving
lechers	lecher
lecithins	lecithin
lecterns	lectern
lectors	lector
lectured	lecture
lecturers	lecturer
lectures	lecture
lectureships	lectureship
lecturing	lecture
led	lead
ledged	ledge
ledgered	ledger
ledgering	ledger
ledgers	ledger
ledges	ledge
leds	led
leeched	leech
leeches	leech
leeching	leech
leeks	leek
leered	leer
leeries	leery
leering	leer
leers	leer
left	leave
lefties	lefty
leftists	leftist
leftovers	leftover
legacies	legacy
legalities	legality
legalized	legalize
legalizes	legalize
legalizing	legalize
legated	legate
legatees	legatee
legates	legate
legations	legation
legends	legend
leggier	leggy
leggings	legging
leggys	leggy
leghorns	leghorn
legionaries	legionary
legionnaires	legionnaire
legions	legion
legislated	legislate
legislates	legislate
legislating	legislate
legislations	legislation
legislators	legislator
legislatures	legislature
legitimated	legitimate
legitimates	legitimate
legitimating	legitimate
legitimations	legitimation
legitimized	legitimize
legitimizes	legitimize
legitimizing	legitimize
legs	leg
legumes	legume
leisured	leisure
leitmotifs	leitmotif
lemmas	lemma
lemmings	lemming
lemonades	lemonade
lemons	lemon
lemurs	lemur
lenders	lender
lending	lend
lendings	lending
lends	lend
lengthened	lengthen
lengthening	lengthen
lengthens	lengthen
lengthier	lengthy
lengthiest	lengthy
lengths	length
leninists	leninist
lensmen	lensman
lent	lend
leopards	leopard
leotards	leotard
lepers	leper
lepidopterists	lepidopterist
leprechauns	leprechaun
leptons	lepton
lesbians	lesbian
lesioned	lesion
lesioning	lesion
lesions	lesion
lessees	lessee
lessened	lessen
lessening	lessen
lessens	lessen
lessons	lesson
lessors	lessor
lethals	lethal
lets	let
letterboxes	letterbox
lettered	letter
letterheading	letterhead
letterheads	letterhead
lettering	letter
letterings	lettering
letters	letter
letting	let
lettings	letting
lettuces	lettuce
leucocytes	leucocyte
leukaemias	leukaemia
leukocytes	leukocyte
leukotrienes	leukotriene
levators	levator
levees	levee
levelled	level
levelling	level
levels	level
leveraged	leverage
leverages	leverage
leveraging	leverage
levered	lever
levering	lever
levers	lever
leviathans	leviathan
levied	levy
levies	levy
levitated	levitate
levitates	levitate
levitating	levitate
levying	levy
lexicographers	lexicographer
lexicons	lexicon
leys	ley
liabilities	liability
liaised	liaise
liaises	liaise
liaising	liaise
liaisons	liaison
lianas	liana
liars	liar
libations	libation
libbing	lib
libelled	libel
libelling	libel
libels	libel
liberalized	liberalize
liberalizes	liberalize
liberalizing	liberalize
liberals	liberal
liberated	liberate
liberates	liberate
liberating	liberate
liberators	liberator
liberians	liberian
liberos	libero
libertarians	libertarian
liberties	liberty
libertines	libertine
libidos	libido
librarians	librarian
libraries	library
librations	libration
librettists	librettist
librettos	libretto
libs	lib
libyans	libyan
lice	louse
licenced	licence
licences	licence
licencing	licence
licensed	license
licensees	licensee
licenses	license
licensing	license
lichens	lichen
licked	lick
licking	lick
lickings	licking
licks	lick
lidded	lid
lids	lid
lieges	liege
liens	lien
lies	lie
lieutenants	lieutenant
lifeboats	lifeboat
lifeguarding	lifeguard
lifeguards	lifeguard
lifelines	lifeline
lifers	lifer
lifesavers	lifesaver
lifespans	lifespan
lifestyles	lifestyle
lifetimes	lifetime
lifted	lift
lifters	lifter
lifting	lift
liftings	lifting
lifts	lift
ligaments	ligament
ligands	ligand
ligated	ligate
ligates	ligate
ligating	ligate
ligations	ligation
ligatures	ligature
lightened	lighten
lightening	lighten
lightenings	lightening
lightens	lighten
lighter	light
lighters	lighter
lightest	light
lighthouses	lighthouse
lighting	light
lightnesses	lightness
lightnings	lightning
lights	light
lightships	lightship
lightweights	lightweight
lignins	lignin
lignites	lignite
ligurians	ligurian
liked	like
likeliest	likely
likelihoods	likelihood
likened	liken
likenesses	likeness
likening	liken
likens	liken
likes	like
liking	like
likings	liking
lilacs	lilac
lilies	lily
lilliputians	lilliputian
lilted	lilt
lilting	lilt
lilts	lilt
limbed	limb
limbered	limber
limbering	limber
limbers	limber
limbos	limbo
limbs	limb
limed	lime
limericks	limerick
limes	lime
limestones	limestone
limeys	limey
liming	lime
limitations	limitation
limited	limit
limiters	limiter
limiting	limit
limits	limit
limned	limn
limners	limner
limning	limn
limns	limn
limos	limo
limousines	limousine
limped	limp
limpest	limp
limpets	limpet
limping	limp
limps	limp
linacs	linac
linchpins	linchpin
lindens	linden
lineages	lineage
lineaments	lineament
linebackers	linebacker
lined	line
linemen	lineman
linens	linen
liners	liner
lines	line
linesmen	linesman
lineups	lineup
lingered	linger
lingering	linger
lingers	linger
lings	ling
linguists	linguist
liniments	liniment
lining	line
linings	lining
linkages	linkage
linked	link
linking	link
linkings	linking
links	link
linocuts	linocut
lintels	lintel
lionesses	lioness
lionized	lionize
lionizes	lionize
lionizing	lionize
lions	lion
lipids	lipid
lipoproteins	lipoprotein
lipped	lip
lips	lip
lipsticked	lipstick
lipsticking	lipstick
lipsticks	lipstick
liquefied	liquefy
liquefies	liquefy
liquefying	liquefy
liqueurs	liqueur
liquidated	liquidate
liquidates	liquidate
liquidating	liquidate
liquidations	liquidation
liquidators	liquidator
liquids	liquid
liquified	liquify
liquifies	liquify
liquifying	liquify
liquors	liquor
lisped	lisp
lisping	lisp
lisps	lisp
listed	list
listened	listen
listeners	listener
listening	listen
listenings	listening
listens	listen
listing	list
listings	listing
lists	list
lit	light
litanies	litany
literacies	literacy
literalized	literalize
literalizes	literalize
literalizing	literalize
literals	literal
literates	literate
literatures	literature
lites	lite
lithiums	lithium
lithographed	lithograph
lithographers	lithographer
lithographics	lithographic
lithographing	lithograph
lithographs	lithograph
lithuanians	lithuanian
litigants	litigant
litigated	litigate
litigates	litigate
litigating	litigate
litigations	litigation
litigators	litigator
litres	litre
lits	lit
littered	litter
littering	litter
littermates	littermate
litters	litter
liturgies	liturgy
liturgists	liturgist
lived	live
livelier	lively
liveliest	lively
livelihoods	livelihood
livened	liven
livening	liven
livens	liven
liveried	livery
liveries	livery
livers	liver
lives	life
living	live
living-rooms	living-room
livings	living
lizards	lizard
llamas	llama
loaded	load
loaders	loader
loading	load
loadings	loading
loads	load
loafed	loaf
loafers	loafer
loafing	loaf
loafs	loaf
loams	loam
loaned	loan
loaning	loan
loans	loan
loathed	loathe
loathes	loathe
loathing	loathe
loaths	loath
loathsomest	loathsome
loaves	loaf
lobbed	lob
lobbied	lobby
lobbies	lobby
lobbing	lob
lobbying	lobby
lobbyists	lobbyist
lobed	lobe
lobelias	lobelia
lobes	lobe
lobotomies	lobotomy
lobs	lob
lobsters	lobster
lobules	lobule
locales	locale
localities	locality
localized	localize
localizes	localize
localizing	localize
locals	local
located	locate
locates	locate
locating	locate
locations	location
locators	locator
lochs	loch
locked	lock
lockers	locker
lockets	locket
locking	lock
lockings	locking
lockouts	lockout
locks	lock
locksmiths	locksmith
locomoted	locomote
locomotes	locomote
locomoting	locomote
locomotives	locomotive
locos	loco
locusts	locust
locutions	locution
lodes	lode
lodestars	lodestar
lodestones	lodestone
lodged	lodge
lodgers	lodger
lodges	lodge
lodging	lodge
lofted	loft
loftier	lofty
loftiest	lofty
lofting	loft
lofts	loft
logarithms	logarithm
logbooks	logbook
logged	log
loggerheads	loggerhead
loggers	logger
loggias	loggia
logging	log
logicals	logical
logicians	logician
logics	logic
logjams	logjam
logos	logo
logs	log
loincloths	loincloth
loined	loin
loins	loin
loitered	loiter
loiterers	loiterer
loitering	loiter
loiters	loiter
lolled	loll
lollies	lolly
lolling	loll
lollipops	lollipop
lolls	loll
lonelier	lonely
loneliest	lonely
lonelinesses	loneliness
loners	loner
longboats	longboat
longbows	longbow
longed	long
longer	long
longest	long
longhands	longhand
longhorns	longhorn
longhouses	longhouse
longing	long
longings	longing
longitudes	longitude
longitudinals	longitudinal
longlines	longline
longlining	longline
longs	long
longshoremen	longshoreman
loofahs	loofah
looing	loo
looked	look
lookers	looker
looking	look
lookings	looking
lookouts	lookout
looks	look
loomed	loom
looming	loom
looms	loom
loonies	loony
looniest	loony
looning	loon
loons	loon
looped	loop
loopers	looper
loopholed	loophole
loopholes	loophole
loopier	loopy
looping	loop
loops	loop
loos	loo
loosed	loose
loosened	loosen
loosening	loosen
loosens	loosen
looses	loose
loosing	loose
looted	loot
looters	looter
looting	loot
lootings	looting
loots	loot
loped	lope
lopes	lope
loping	lope
lopped	lop
loppers	lopper
lopping	lop
lops	lop
loquats	loquat
lorded	lord
lording	lord
lordliest	lordly
lords	lord
lordships	lordship
lores	lore
lorries	lorry
losers	loser
loses	lose
losing	lose
losses	loss
lost	lose
lotharios	lothario
lotioned	lotion
lotions	lotion
lots	lot
lotted	lot
lotteries	lottery
lotting	lot
louder	loud
loudest	loud
loudmouths	loudmouth
loudspeakered	loudspeaker
loudspeakering	loudspeaker
loudspeakers	loudspeaker
lounged	lounge
loungers	lounger
lounges	lounge
lounging	lounge
loured	lour
louring	lour
lours	lour
loused	louse
lousier	lousy
lousing	louse
louting	lout
louts	lout
lovebirds	lovebird
loved	love
lovelier	lovely
lovelies	lovely
loveliest	lovely
lovers	lover
loves	love
loveys	lovey
loving	love
lovings	loving
lowbrows	lowbrow
lowed	low
lower	low
lowered	lower
lowering	lower
lowerings	lowering
lowers	lower
lowest	low
lowing	low
lowings	lowing
lowlands	lowland
lowlier	lowly
lowliest	lowly
lowlifes	lowlife
lows	low
loyalists	loyalist
loyalties	loyalty
lozenges	lozenge
lubes	lube
lubricants	lubricant
lubricated	lubricate
lubricates	lubricate
lubricating	lubricate
lubrications	lubrication
lucidities	lucidity
luckier	lucky
luckiest	lucky
lucubrated	lucubrate
lucubrates	lucubrate
lucubrating	lucubrate
luddites	luddite
luffed	luff
luffing	luff
luffs	luff
lugers	luger
luges	luge
luggaged	luggage
lugged	lug
luggers	lugger
lugging	lug
lugs	lug
lullabies	lullaby
lulled	lull
lulling	lull
lulls	lull
lumbered	lumber
lumbering	lumber
lumberjacking	lumberjack
lumberjacks	lumberjack
lumbermen	lumberman
lumbers	lumber
lumens	lumen
luminaries	luminary
luminosities	luminosity
lumped	lump
lumpers	lumper
lumpier	lumpy
lumping	lump
lumps	lump
lunacies	lunacy
lunatics	lunatic
lunchboxes	lunchbox
lunched	lunch
luncheons	luncheon
lunches	lunch
lunching	lunch
lunchtimes	lunchtime
lunettes	lunette
lunged	lunge
lungeing	lunge
lunges	lunge
lungfuls	lungful
lunging	lung
lungs	lung
lurched	lurch
lurches	lurch
lurching	lurch
lured	lure
lures	lure
luring	lure
lurked	lurk
lurkers	lurker
lurking	lurk
lurks	lurk
lusher	lush
lushes	lush
lushest	lush
lusted	lust
lustier	lusty
lusting	lust
lustres	lustre
lusts	lust
lutes	lute
lutherans	lutheran
luvs	luv
luxuriated	luxuriate
luxuriates	luxuriate
luxuriating	luxuriate
luxuries	luxury
lychees	lychee
lying	lie
lymphatics	lymphatic
lymphocytes	lymphocyte
lymphomas	lymphoma
lynched	lynch
lynches	lynch
lynching	lynch
lynchings	lynching
lynchpins	lynchpin
lynxes	lynx
lyres	lyre
lyricists	lyricist
lyrics	lyric
lysines	lysine
macadams	macadam
macaques	macaque
macaronis	macaroni
macaroons	macaroon
macaws	macaw
macerated	macerate
macerates	macerate
macerating	macerate
maces	mace
machetes	machete
machinations	machination
machined	machine
machineries	machinery
machines	machine
machining	machine
machinists	machinist
mackerelled	mackerel
mackerels	mackerel
mackintoshes	mackintosh
macrobiotics	macrobiotic
macroeconomics	macroeconomic
macroeconomists	macroeconomist
macrophages	macrophage
macros	macro
macs	mac
maculated	maculate
maculates	maculate
maculating	maculate
madames	madame
madams	madam
maddened	madden
maddening	madden
maddens	madden
madder	mad
madders	madder
maddest	mad
made	make
madhouses	madhouse
madmen	madman
madnesses	madness
madrigals	madrigal
mads	mad
madwomen	madwoman
maelstroms	maelstrom
maestros	maestro
mafias	mafia
magazines	magazine
maged	mage
magentas	magenta
mages	mage
maggots	maggot
magicians	magician
magics	magic
magistrates	magistrate
magmas	magma
magnates	magnate
magnesiums	magnesium
magnetics	magnetic
magnetites	magnetite
magnetizations	magnetization
magnetized	magnetize
magnetizes	magnetize
magnetizing	magnetize
magnetometers	magnetometer
magnetos	magneto
magnetospheres	magnetosphere
magnetrons	magnetron
magnets	magnet
magnifications	magnification
magnified	magnify
magnifiers	magnifier
magnifies	magnify
magnifying	magnify
magnitudes	magnitude
magnolias	magnolia
magnums	magnum
magpies	magpie
mags	mag
maharajahs	maharajah
maharajas	maharaja
mahoganies	mahogany
mahouts	mahout
maidenheads	maidenhead
maidens	maiden
maids	maid
maidservants	maidservant
mailbags	mailbag
mailboxes	mailbox
mailed	mail
mailers	mailer
mailing	mail
mailings	mailing
mailmen	mailman
mails	mail
maimed	maim
maiming	maim
maimings	maiming
maims	maim
mainframes	mainframe
mainlined	mainline
mainlines	mainline
mainlining	mainline
mainsails	mainsail
mainsprings	mainspring
mainstays	mainstay
mainstreaming	mainstream
mainstreams	mainstream
maintained	maintain
maintainers	maintainer
maintaining	maintain
maintains	maintain
majesties	majesty
majored	major
majorettes	majorette
majoring	major
majorities	majority
majors	major
makeovers	makeover
makers	maker
makes	make
makeshifts	makeshift
making	make
makings	making
maladies	malady
maladjustments	maladjustment
malapropisms	malapropism
malarias	malaria
malas	mala
malawians	malawian
malays	malay
malaysians	malaysian
malcontents	malcontent
malefactors	malefactor
males	male
malevolences	malevolence
malfeasances	malfeasance
malformations	malformation
malfunctioned	malfunction
malfunctioning	malfunction
malfunctions	malfunction
malians	malian
malices	malice
malignancies	malignancy
malignants	malignant
maligned	malign
maligning	malign
maligns	malign
malingered	malinger
malingering	malinger
malingers	malinger
mallards	mallard
mallets	mallet
malling	mall
mallows	mallow
malls	mall
malpractices	malpractice
malted	malt
malteser	maltese
malthusians	malthusian
malties	malty
malting	malt
maltreated	maltreat
maltreating	maltreat
maltreats	maltreat
malts	malt
mamas	mama
mambas	mamba
mamboed	mambo
mamboing	mambo
mambos	mambo
mamluks	mamluk
mammals	mammal
mammaries	mammary
mammas	mamma
mammies	mammy
mammograms	mammogram
mammoths	mammoth
mams	mam
manacled	manacle
manacles	manacle
manacling	manacle
managed	manage
managements	management
managers	manager
manages	manage
managing	manage
manatees	manatee
manchurians	manchurian
mandalas	mandala
mandarins	mandarin
mandated	mandate
mandates	mandate
mandating	mandate
mandibles	mandible
mandolines	mandoline
mandolins	mandolin
mandrels	mandrel
manes	mane
maneuvered	maneuver
maneuvering	maneuver
maneuvers	maneuver
mangers	manger
mangled	mangle
mangles	mangle
mangling	mangle
mangoes	mango
mangroves	mangrove
manhandled	manhandle
manhandles	manhandle
manhandling	manhandle
manholes	manhole
manhoods	manhood
manhunts	manhunt
maniacs	maniac
manias	mania
manics	manic
manicured	manicure
manicures	manicure
manicuring	manicure
manicurists	manicurist
manifestations	manifestation
manifested	manifest
manifesting	manifest
manifestos	manifesto
manifests	manifest
manifolded	manifold
manifolding	manifold
manifolds	manifold
manikins	manikin
manillas	manilla
manipulated	manipulate
manipulates	manipulate
manipulating	manipulate
manipulations	manipulation
manipulatives	manipulative
manipulators	manipulator
manlier	manly
manliest	manly
manned	man
mannequins	mannequin
mannerisms	mannerism
manners	manner
manning	man
manoeuvred	manoeuvre
manoeuvres	manoeuvre
manoeuvring	manoeuvre
manors	manor
mans	man
manses	manse
mansions	mansion
manslaughters	manslaughter
mantelpieces	mantelpiece
mantels	mantel
mantillas	mantilla
mantled	mantle
mantles	mantle
mantling	mantle
mantras	mantra
manuals	manual
manufactories	manufactory
manufactured	manufacture
manufacturers	manufacturer
manufactures	manufacture
manufacturing	manufacture
manumits	manumit
manumitted	manumit
manumitting	manumit
manured	manure
manures	manure
manuring	manure
manuscripts	manuscript
maoisms	maoism
maoists	maoist
maples	maple
mapmakers	mapmaker
mapped	map
mappers	mapper
mapping	map
mappings	mapping
maps	map
maquettes	maquette
maquiladoras	maquiladora
maracas	maraca
marathoners	marathoner
marathons	marathon
marauded	maraud
marauders	marauder
marauding	maraud
marauds	maraud
maravillas	maravilla
marbled	marble
marbles	marble
marbling	marble
marcelled	marcel
marcelling	marcel
marcels	marcel
marched	march
marchers	marcher
marches	march
marching	march
mares	mare
margarines	margarine
margaritas	margarita
marginalized	marginalize
marginalizes	marginalize
marginalizing	marginalize
marginals	marginal
margins	margin
marguerites	marguerite
marigolds	marigold
marimbas	marimba
marinaded	marinade
marinades	marinade
marinading	marinade
marinas	marina
marinated	marinate
marinates	marinate
marinating	marinate
mariners	mariner
marines	marine
marionettes	marionette
maritimes	maritime
marjorams	marjoram
marked	mark
markers	marker
marketed	market
marketeers	marketeer
marketers	marketer
marketing	market
marketplaces	marketplace
markets	market
marking	mark
markings	marking
marks	mark
marksmen	marksman
markups	markup
marled	marl
marls	marl
marmalades	marmalade
marmosets	marmoset
marmots	marmot
maronites	maronite
marooned	maroon
marooning	maroon
maroons	maroon
marquees	marquee
marques	marque
marquesses	marquess
marquises	marquise
marred	mar
marriages	marriage
married	marry
marries	marry
marring	mar
marrows	marrow
marrying	marry
mars	mar
marshalled	marshal
marshalling	marshal
marshalls	marshall
marshals	marshal
marshes	marsh
marshlands	marshland
marshmallows	marshmallow
marsupials	marsupial
martens	marten
martialled	martial
martials	martial
martians	martian
martinets	martinet
martinis	martini
marts	mart
martyrdoms	martyrdom
martyred	martyr
martyring	martyr
martyrs	martyr
marvelled	marvel
marvelling	marvel
marvels	marvel
marxisms	marxism
marxists	marxist
mascaras	mascara
mascots	mascot
masculines	masculine
masculinities	masculinity
masculinized	masculinize
masculinizes	masculinize
masculinizing	masculinize
masers	maser
mashed	mash
mashers	masher
mashes	mash
mashing	mash
masked	mask
maskers	masker
masking	mask
masks	mask
masochists	masochist
masonics	masonic
masonries	masonry
masons	mason
masqueraded	masquerade
masquerades	masquerade
masquerading	masquerade
masques	masque
massacred	massacre
massacres	massacre
massacring	massacre
massaged	massage
massagers	massager
massages	massage
massaging	massage
massed	mass
masses	mass
masseurs	masseur
masseuses	masseuse
massifs	massif
massing	mass
massings	massing
masted	mast
mastered	master
mastering	master
masterminded	mastermind
masterminding	mastermind
masterminds	mastermind
masterpieces	masterpiece
masters	master
masterstrokes	masterstroke
masterworks	masterwork
mastheads	masthead
masticated	masticate
masticates	masticate
masticating	masticate
mastics	mastic
mastiffs	mastiff
mastodons	mastodon
mastoids	mastoid
masts	mast
masturbated	masturbate
masturbates	masturbate
masturbating	masturbate
masturbators	masturbator
matadors	matador
matchbooks	matchbook
matchboxes	matchbox
matched	match
matches	match
matching	match
matchings	matching
matchmakers	matchmaker
matchsticks	matchstick
mated	mate
materialists	materialist
materialities	materiality
materialized	materialize
materializes	materialize
materializing	materialize
materials	material
maternities	maternity
maters	mater
mates	mate
mathematicians	mathematician
matinees	matinee
mating	mate
matings	mating
matriarchs	matriarch
matrices	matrix
matriculated	matriculate
matriculates	matriculate
matriculating	matriculate
matrilineages	matrilineage
matrons	matron
mats	mat
matted	mat
mattered	matter
matters	matter
mattes	matte
matting	mat
mattocks	mattock
mattresses	mattress
matts	matt
maturations	maturation
matured	mature
maturer	mature
matures	mature
maturing	mature
maturities	maturity
matzos	matzo
mauled	maul
mauling	maul
maulings	mauling
mauls	maul
mausoleums	mausoleum
mauves	mauve
mavens	maven
mavericks	maverick
maws	maw
maxima	maximum
maximalists	maximalist
maximized	maximize
maximizes	maximize
maximizing	maximize
maxims	maxim
mayans	mayan
mayas	maya
maydays	mayday
mayflies	mayfly
mayonnaises	mayonnaise
mayoralties	mayoralty
mayors	mayor
mayorships	mayorship
maypoles	maypole
mazed	maze
mazes	maze
mazing	maze
mazurkas	mazurka
mbas	mba
meadows	meadow
meads	mead
mealies	mealie
mealiest	mealy
meals	meal
mealtimes	mealtime
mealworms	mealworm
mealybugs	mealybug
meandered	meander
meandering	meander
meanderings	meandering
meanders	meander
meanies	meany
meaning	mean
meanings	meaning
meannesses	meanness
means	mean
meant	mean
measured	measure
measurements	measurement
measures	measure
measuring	measure
meatballs	meatball
meatier	meaty
meats	meat
meccas	mecca
mechanicals	mechanical
mechanics	mechanic
mechanisms	mechanism
mechanized	mechanize
mechanizes	mechanize
mechanizing	mechanize
med	m
medalists	medalist
medallions	medallion
medals	medal
meddled	meddle
meddlers	meddler
meddles	meddle
meddling	meddle
meddlings	meddling
medians	median
mediated	mediate
mediates	mediate
mediating	mediate
mediations	mediation
mediators	mediator
medicals	medical
medicaments	medicament
medicated	medicate
medicates	medicate
medicating	medicate
medications	medication
medicines	medicine
medicos	medico
medics	medic
medievalists	medievalist
medinas	medina
mediocres	mediocre
mediocrities	mediocrity
meditated	meditate
meditates	meditate
meditating	meditate
meditations	meditation
meditators	meditator
mediums	medium
medlars	medlar
medleys	medley
meeker	meek
meekest	meek
meerkats	meerkat
meerschaums	meerschaum
meeting	meet
meetings	meeting
meets	meet
megabucks	megabuck
megacities	megacity
megaliths	megalith
megalomaniacs	megalomaniac
megaparsecs	megaparsec
megaphones	megaphone
megas	mega
megastars	megastar
megastores	megastore
megatons	megaton
megawatts	megawatt
melancholias	melancholia
melancholics	melancholic
melanesians	melanesian
melanins	melanin
melanocytes	melanocyte
melanomas	melanoma
melded	meld
melding	meld
melds	meld
melees	melee
mellowed	mellow
mellower	mellow
mellowing	mellow
mellows	mellow
melodies	melody
melodramas	melodrama
melons	melon
melted	melt
melting	melt
melts	melt
meltwaters	meltwater
members	member
memberships	membership
membranes	membrane
mementoes	memento
memoirists	memoirist
memoirs	memoir
memoranda	memorandum
memorialized	memorialize
memorializes	memorialize
memorializing	memorialize
memorials	memorial
memories	memory
memorised	memorise
memorises	memorise
memorising	memorise
memorized	memorize
memorizes	memorize
memorizing	memorize
memos	memo
men	man
menaced	menace
menaces	menace
menacing	menace
mended	mend
mendelians	mendelian
menders	mender
mendicants	mendicant
mending	mend
mends	mend
menials	menial
mennonites	mennonite
menservants	manservant
menstruated	menstruate
menstruates	menstruate
menstruating	menstruate
menstruations	menstruation
mentalities	mentality
mentioned	mention
mentioning	mention
mentions	mention
mentored	mentor
mentoring	mentor
mentors	mentor
menus	menu
meowed	meow
meowing	meow
meows	meow
mercenaries	mercenary
merchandised	merchandise
merchandisers	merchandiser
merchandising	merchandise
merchanting	merchant
merchantmen	merchantman
merchants	merchant
mercies	mercy
mercurials	mercurial
meres	mere
merest	mere
mergansers	merganser
merged	merge
mergers	merger
merges	merge
merging	merge
meridians	meridian
meringues	meringue
merinos	merino
meristems	meristem
merited	merit
meriting	merit
meritocracies	meritocracy
merits	merit
mermaids	mermaid
mermen	merman
merovingians	merovingian
merrier	merry
merriest	merry
merrymakers	merrymaker
mes	me
mesas	mesa
meshed	mesh
meshes	mesh
meshing	mesh
meshs	mesh
mesmerized	mesmerize
mesmerizes	mesmerize
mesmerizing	mesmerize
mesomorphs	mesomorph
mesons	meson
mesopotamians	mesopotamian
mesotheliomas	mesothelioma
messaged	message
messages	message
messaging	message
messed	mess
messengers	messenger
messes	mess
messiahs	messiah
messier	messy
messing	mess
mestizos	mestizo
met	meet
metabolisms	metabolism
metabolites	metabolite
metabolized	metabolize
metabolizes	metabolize
metabolizing	metabolize
metacarpals	metacarpal
metalanguages	metalanguage
metaled	metal
metalheads	metalhead
metaling	metal
metallics	metallic
metallurgists	metallurgist
metals	metal
metalwares	metalware
metalworkers	metalworker
metalworks	metalwork
metamorphosed	metamorphose
metamorphoses	metamorphose
metamorphosing	metamorphose
metanarratives	metanarrative
metaphors	metaphor
metaphysicals	metaphysical
metaphysicians	metaphysician
metastasized	metastasize
metastasizes	metastasize
metastasizing	metastasize
metatarsals	metatarsal
meted	mete
meteorites	meteorite
meteorologists	meteorologist
meteors	meteor
metered	meter
metering	meter
meters	meter
metes	mete
methanes	methane
methionines	methionine
methodists	methodist
methodologies	methodology
methods	method
meths	meth
meting	mete
metres	metre
metrics	metric
metronomes	metronome
metropoles	metropole
metropolises	metropolis
metropolitans	metropolitan
metros	metro
mewed	mew
mewing	mew
mewled	mewl
mewling	mewl
mewls	mewl
mews	mew
mexicanos	mexicano
mexicans	mexican
mezzanines	mezzanine
mezzotinting	mezzotint
mezzotints	mezzotint
miasmas	miasma
micas	mica
mice	mouse
microbes	microbe
microbiologists	microbiologist
microbreweries	microbrewery
microchips	microchip
microclimates	microclimate
microcomputers	microcomputer
microcontrollers	microcontroller
microcosms	microcosm
microeconomics	microeconomic
microenvironments	microenvironment
microfilmed	microfilm
microfilming	microfilm
microfilms	microfilm
microfloras	microflora
micrograms	microgram
micrographs	micrograph
microhabitats	microhabitat
micrometeorites	micrometeorite
micrometers	micrometer
micronesians	micronesian
microns	micron
micronutrients	micronutrient
microorganisms	microorganism
microphones	microphone
microprobes	microprobe
microprocessors	microprocessor
micros	micro
microscopes	microscope
microscoping	microscope
microscopists	microscopist
microseconds	microsecond
microspheres	microsphere
microstructures	microstructure
microswitches	microswitch
microtubules	microtubule
microwaved	microwave
microwaves	microwave
microwaving	microwave
microworlds	microworld
mics	mic
middens	midden
middled	middle
middlemen	middleman
middles	middle
middleweights	middleweight
middling	middle
midfielders	midfielder
midfields	midfield
midges	midge
midgets	midget
midlands	midland
midnights	midnight
midpoints	midpoint
midriffs	midriff
mids	mid
midsections	midsection
midshipmen	midshipman
midsummers	midsummer
midwaters	midwater
midways	midway
miffed	miff
miffing	miff
miffs	miff
mightier	mighty
mightiest	mighty
mignons	mignon
migraines	migraine
migrants	migrant
migrated	migrate
migrates	migrate
migrating	migrate
migrations	migration
mikes	mike
milder	mild
mildest	mild
mildewed	mildew
mildewing	mildew
mildews	mildew
milds	mild
mileages	mileage
mileposts	milepost
milers	miler
miles	mile
milestones	milestone
milfoils	milfoil
milieus	milieu
militants	militant
militarists	militarist
militarized	militarize
militarizes	militarize
militarizing	militarize
militated	militate
militates	militate
militating	militate
militiamen	militiaman
militias	militia
milked	milk
milkers	milker
milking	milk
milkings	milking
milkmaids	milkmaid
milkmen	milkman
milks	milk
milkshakes	milkshake
milkweeds	milkweed
milled	mill
millenarians	millenarian
millenniums	millennium
millers	miller
millets	millet
millibars	millibar
millimetres	millimetre
milliners	milliner
milling	mill
millings	milling
millionaires	millionaire
millionths	millionth
millipedes	millipede
milliseconds	millisecond
millivolts	millivolt
mills	mill
millstones	millstone
millwrights	millwright
milords	milord
mils	mil
mimed	mime
mimeographed	mimeograph
mimeographing	mimeograph
mimeographs	mimeograph
mimes	mime
mimicked	mimic
mimicking	mimic
mimicries	mimicry
mimics	mimic
miming	mime
mimosas	mimosa
minarets	minaret
minas	mina
minced	mince
minces	mince
mincing	mince
minded	mind
minders	minder
minding	mind
minds	mind
mined	mine
minefields	minefield
mineralogies	mineralogy
minerals	mineral
miners	miner
mines	mine
mineshafts	mineshaft
minesweepers	minesweeper
mineworkers	mineworker
mingled	mingle
mingles	mingle
mingling	mingle
miniatures	miniature
miniaturists	miniaturist
miniaturized	miniaturize
miniaturizes	miniaturize
miniaturizing	miniaturize
minicars	minicar
minicomputers	minicomputer
minima	minimum
minimalists	minimalist
minimized	minimize
minimizes	minimize
minimizing	minimize
mining	mine
minions	minion
minis	mini
miniscules	miniscule
miniskirts	miniskirt
ministered	minister
ministering	minister
ministers	minister
ministrations	ministration
ministries	ministry
minivans	minivan
minks	mink
minnows	minnow
minoans	minoan
minorities	minority
minors	minor
minotaurs	minotaur
mins	min
minsters	minster
minstrels	minstrel
minted	mint
minting	mint
mints	mint
minuets	minuet
minuscules	minuscule
minuses	minus
minutemen	minuteman
minutes	minute
minutiae	minutia
minxes	minx
miracles	miracle
mirages	mirage
mired	mire
mires	mire
miring	mire
mirrored	mirror
mirroring	mirror
mirrors	mirror
misadventures	misadventure
misalignments	misalignment
misanthropes	misanthrope
misapplications	misapplication
misapplied	misapply
misapplies	misapply
misapplying	misapply
misapprehensions	misapprehension
misappropriated	misappropriate
misappropriates	misappropriate
misappropriating	misappropriate
misappropriations	misappropriation
misbehaved	misbehave
misbehaves	misbehave
misbehaving	misbehave
miscalculated	miscalculate
miscalculates	miscalculate
miscalculating	miscalculate
miscalculations	miscalculation
miscarriages	miscarriage
miscarried	miscarry
miscarries	miscarry
miscarrying	miscarry
miscasting	miscast
miscasts	miscast
miscellanies	miscellany
mischances	mischance
mischiefing	mischief
mischiefs	mischief
misclassifications	misclassification
miscommunications	miscommunication
misconceived	misconceive
misconceives	misconceive
misconceiving	misconceive
misconceptions	misconception
misconducted	misconduct
misconducting	misconduct
misconducts	misconduct
misconstrued	misconstrue
misconstrues	misconstrue
misconstruing	misconstrue
miscreants	miscreant
miscued	miscue
miscues	miscue
misdeeds	misdeed
misdemeanors	misdemeanor
misdirected	misdirect
misdirecting	misdirect
misdirections	misdirection
misdirects	misdirect
miseries	misery
misers	miser
misfired	misfire
misfires	misfire
misfiring	misfire
misfits	misfit
misfitting	misfit
misfortunes	misfortune
misgivings	misgiving
mishandled	mishandle
mishandles	mishandle
mishandling	mishandle
mishaps	mishap
mishearing	mishear
misidentified	misidentify
misidentifies	misidentify
misinformations	misinformation
misinformed	misinform
misinforming	misinform
misinforms	misinform
misinterpretations	misinterpretation
misinterpreted	misinterpret
misinterpreting	misinterpret
misinterprets	misinterpret
misjudged	misjudge
misjudges	misjudge
misjudging	misjudge
misjudgments	misjudgment
mislaid	mislay
mislaying	mislay
mislays	mislay
misleading	mislead
misleads	mislead
misled	mislead
mismanaged	mismanage
mismanages	mismanage
mismanaging	mismanage
mismatched	mismatch
mismatches	mismatch
mismatching	mismatch
misnamed	misname
misnames	misname
misnaming	misname
misnomers	misnomer
misogynists	misogynist
misperceived	misperceive
misperceiving	misperceive
misperceptions	misperception
misplaced	misplace
misplaces	misplace
misplacing	misplace
misprinted	misprint
misprinting	misprint
misprints	misprint
mispronounced	mispronounce
mispronounces	mispronounce
mispronouncing	mispronounce
mispronunciations	mispronunciation
misquoted	misquote
misquotes	misquote
misquoting	misquote
misreading	misread
misreadings	misreading
misreads	misread
misremembered	misremember
misremembering	misremember
misremembers	misremember
misreported	misreport
misreporting	misreport
misreports	misreport
misrepresentations	misrepresentation
misrepresented	misrepresent
misrepresenting	misrepresent
misrepresents	misrepresent
misruled	misrule
missals	missal
missed	miss
misses	miss
missiles	missile
missing	miss
missionaries	missionary
missions	mission
missives	missive
misspelling	misspell
misspellings	misspelling
misspells	misspell
misspelt	misspell
misspending	misspend
misspends	misspend
misspent	misspend
misstated	misstate
misstatements	misstatement
misstates	misstate
misstating	misstate
mistaken	mistake
mistakes	mistake
mistaking	mistake
misted	mist
mistier	misty
mistimed	mistime
mistimes	mistime
mistiming	mistime
misting	mist
mistletoes	mistletoe
mistook	mistake
mistranslations	mistranslation
mistreated	mistreat
mistreating	mistreat
mistreats	mistreat
mistresses	mistress
mistrials	mistrial
mistrusted	mistrust
mistrusting	mistrust
mistrusts	mistrust
mists	mist
misunderstanding	misunderstand
misunderstandings	misunderstanding
misunderstands	misunderstand
misunderstood	misunderstand
misused	misuse
misuses	misuse
misusing	misuse
mites	mite
mitigated	mitigate
mitigates	mitigate
mitigating	mitigate
mitreing	mitre
mitres	mitre
mittened	mitten
mittens	mitten
mitts	mitt
mixed	mix
mixers	mixer
mixes	mix
mixing	mix
mixings	mixing
mixtures	mixture
mnemonics	mnemonic
moaned	moan
moaning	moan
moanings	moaning
moans	moan
moas	moa
moats	moat
mobbed	mob
mobbing	mob
mobiles	mobile
mobilities	mobility
mobilizations	mobilization
mobilized	mobilize
mobilizes	mobilize
mobilizing	mobilize
mobs	mob
mobsters	mobster
moccasins	moccasin
mocked	mock
mockeries	mockery
mocking	mock
mockings	mocking
mocks	mock
modalities	modality
modals	modal
modded	mod
modding	mod
modelled	model
modelling	model
models	model
modems	modem
moderated	moderate
moderates	moderate
moderating	moderate
moderations	moderation
moderators	moderator
modernisms	modernism
modernists	modernist
modernities	modernity
modernizations	modernization
modernized	modernize
modernizers	modernizer
modernizes	modernize
modernizing	modernize
moderns	modern
modes	mode
modesties	modesty
modifications	modification
modified	modify
modifiers	modifier
modifies	modify
modifying	modify
mods	mod
modulated	modulate
modulates	modulate
modulating	modulate
modulations	modulation
modulators	modulator
modules	module
moduli	modulus
moguls	mogul
mohairs	mohair
mohawks	mohawk
moieties	moiety
moires	moire
moistened	moisten
moistening	moisten
moistens	moisten
moister	moist
moisturized	moisturize
moisturizers	moisturizer
moisturizes	moisturize
moisturizing	moisturize
mojos	mojo
molars	molar
moldavians	moldavian
molded	mold
molding	mold
moldovans	moldovan
molds	mold
molecules	molecule
molehills	molehill
moles	mole
moleskins	moleskin
molestations	molestation
molested	molest
molesters	molester
molesting	molest
molests	molest
mollified	mollify
mollifies	mollify
mollifying	mollify
molls	moll
mollycoddled	mollycoddle
mollycoddles	mollycoddle
mollycoddling	mollycoddle
mols	mol
molted	molt
molting	molt
molts	molt
moments	moment
mommies	mommy
moms	mom
monads	monad
monarchies	monarchy
monarchists	monarchist
monarchs	monarch
monasteries	monastery
monastics	monastic
mondays	monday
monetarists	monetarist
monetized	monetize
monetizes	monetize
monetizing	monetize
moneylenders	moneylender
moneymakers	moneymaker
moneymen	moneyman
moneys	money
mongering	monger
mongers	monger
mongolians	mongolian
mongoloids	mongoloid
mongols	mongol
mongooses	mongoose
mongrels	mongrel
monikered	moniker
monitored	monitor
monitoring	monitor
monitorings	monitoring
monitors	monitor
monkeyed	monkey
monkeying	monkey
monkeys	monkey
monks	monk
monoamines	monoamine
monochromed	monochrome
monochromes	monochrome
monocles	monocle
monoclonals	monoclonal
monocultures	monoculture
monogrammed	monogram
monograms	monogram
monographics	monographic
monographs	monograph
monolayers	monolayer
monolinguals	monolingual
monoliths	monolith
monologues	monologue
monologuing	monologue
monomers	monomer
monoplanes	monoplane
monopoles	monopole
monopolies	monopoly
monopolists	monopolist
monopolized	monopolize
monopolizes	monopolize
monopolizing	monopolize
monorails	monorail
monosyllables	monosyllable
monotheists	monotheist
monotones	monotone
monotonies	monotony
monotypes	monotype
monoxided	monoxide
monsignors	monsignor
monsoons	monsoon
monsters	monster
monstrosities	monstrosity
montages	montage
montaner	montane
monthlies	monthly
months	month
monuments	monument
mooched	mooch
moochers	moocher
mooches	mooch
mooching	mooch
moodier	moody
moodiest	moody
moods	mood
moodys	moody
mooed	moo
mooing	moo
moonbeams	moonbeam
mooned	moon
moonflowers	moonflower
moonies	moony
mooning	moon
moonlets	moonlet
moonlighted	moonlight
moonlighting	moonlight
moonlights	moonlight
moons	moon
moonshots	moonshot
moonstones	moonstone
moored	moor
mooring	moor
moorings	mooring
moorlands	moorland
moors	moor
moos	moo
mooses	moose
mooted	moot
mooter	moot
mooting	moot
moots	moot
moped	mope
mopeds	moped
mopes	mope
moping	mope
mopped	mop
moppets	moppet
mopping	mop
mops	mop
moraines	moraine
morales	morale
moralisms	moralism
moralists	moralist
moralities	morality
moralized	moralize
moralizes	moralize
moralizing	moralize
morals	moral
morasses	morass
moratoriums	moratorium
moravians	moravian
morays	moray
morbids	morbid
mordants	mordant
more replete	replete
morels	morel
morgues	morgue
mormons	mormon
mornings	morning
moroccans	moroccan
morons	moron
morphed	morph
morphemes	morpheme
morphing	morph
morphologies	morphology
morphologists	morphologist
morphs	morph
morrows	morrow
morsels	morsel
mortalities	mortality
mortals	mortal
mortared	mortar
mortaring	mortar
mortars	mortar
mortgaged	mortgage
mortgages	mortgage
mortgaging	mortgage
morticians	mortician
mortifications	mortification
mortified	mortify
mortifies	mortify
mortifying	mortify
mortised	mortise
mortises	mortise
mortising	mortise
mortuaries	mortuary
mosaicists	mosaicist
mosaics	mosaic
moseyed	mosey
moseying	mosey
moseys	mosey
moshed	mosh
moshes	mosh
moshing	mosh
moslems	moslem
mosques	mosque
mosquitos	mosquito
mosses	moss
mossies	mossy
most replete	replete
moted	mote
motels	motel
moter	mote
motes	mote
motets	motet
mothballed	mothball
mothballing	mothball
mothballs	mothball
motherboards	motherboard
mothered	mother
motherfuckers	motherfucker
motherhoods	motherhood
mothering	mother
motherlands	motherland
mothers	mother
moths	moth
motifs	motif
motilities	motility
motioned	motion
motioning	motion
motions	motion
motivated	motivate
motivates	motivate
motivating	motivate
motivations	motivation
motivators	motivator
motives	motive
motleyed	motley
motleys	motley
motlier	motley
motliest	motley
motorbikes	motorbike
motorbiking	motorbike
motorboats	motorboat
motorcaded	motorcade
motorcades	motorcade
motorcars	motorcar
motorcycled	motorcycle
motorcycles	motorcycle
motorcycling	motorcycle
motorcyclists	motorcyclist
motored	motor
motorhomes	motorhome
motoring	motor
motorists	motorist
motormen	motorman
motors	motor
motorsports	motorsport
motorways	motorway
mots	mot
mottled	mottle
mottles	mottle
mottling	mottle
mottlings	mottling
mottos	motto
moulded	mould
moulding	mould
mouldings	moulding
moulds	mould
mounded	mound
mounding	mound
mounds	mound
mountaineered	mountaineer
mountaineering	mountaineer
mountaineers	mountaineer
mountains	mountain
mountainsides	mountainside
mountaintops	mountaintop
mountebanks	mountebank
mounted	mount
mounting	mount
mountings	mounting
mounts	mount
mourned	mourn
mourners	mourner
mourning	mourn
mournings	mourning
mourns	mourn
moused	mouse
mouses	mouse
mousetraps	mousetrap
mousing	mouse
moussakas	moussaka
moussed	mousse
mousses	mousse
moussing	mousse
moustaches	moustache
mouthed	mouth
mouthfuls	mouthful
mouthing	mouth
mouthings	mouthing
mouthparts	mouthpart
mouthpieces	mouthpiece
mouths	mouth
mouthwashes	mouthwash
movables	movable
moveables	moveable
moved	move
movements	movement
movers	mover
moves	move
moviegoers	moviegoer
moviemakers	moviemaker
movies	movie
moving	move
mowed	mow
mowers	mower
mowing	mow
mows	mow
mozambicans	mozambican
mps	mp
msecs	msec
muchachos	muchacho
mucins	mucin
mucked	muck
muckier	mucky
mucking	muck
muckrakers	muckraker
mucks	muck
mucosae	mucosa
mudded	mud
muddied	muddy
muddier	muddy
muddies	muddy
muddiest	muddy
mudding	mud
muddled	muddle
muddles	muddle
muddling	muddle
muddying	muddy
mudflats	mudflat
mudflows	mudflow
mudholes	mudhole
muds	mud
mudslides	mudslide
mudstones	mudstone
mueslis	muesli
muezzins	muezzin
muffed	muff
muffing	muff
muffins	muffin
muffled	muffle
mufflers	muffler
muffles	muffle
muffling	muffle
muffs	muff
muftis	mufti
mugged	mug
muggers	mugger
muggies	muggy
mugging	mug
muggings	mugging
mugs	mug
mugshots	mugshot
mulberries	mulberry
mulched	mulch
mulches	mulch
mulching	mulch
mulcted	mulct
mulcting	mulct
mulcts	mulct
mules	mule
mullahs	mullah
mulled	mull
mulleins	mullein
mullets	mullet
mulligans	mulligan
mulling	mull
mullioned	mullion
mullions	mullion
mulls	mull
multiculturalisms	multiculturalism
multiculturalists	multiculturalist
multilaterals	multilateral
multilevelled	multilevel
multinationals	multinational
multiples	multiple
multiplexed	multiplex
multiplexers	multiplexer
multiplexing	multiplex
multiplications	multiplication
multiplicities	multiplicity
multiplied	multiply
multipliers	multiplier
multiplies	multiply
multiplying	multiply
multipointed	multipoint
multiprocessors	multiprocessor
multitudes	multitude
multivitamins	multivitamin
mumbled	mumble
mumbles	mumble
mumbling	mumble
mumblings	mumbling
mummers	mummer
mummies	mummy
mummified	mummify
mummifies	mummify
mummifying	mummify
mums	mum
munched	munch
munchers	muncher
munches	munch
munching	munch
munchings	munching
munchkins	munchkin
mundanities	mundanity
municipalities	municipality
municipals	municipal
munitioned	munition
munitioning	munition
munitions	munition
muons	muon
muralists	muralist
murals	mural
murdered	murder
murderers	murderer
murdering	murder
murders	murder
murkier	murky
murkiest	murky
murks	murk
murmured	murmur
murmuring	murmur
murmurings	murmuring
murmurs	murmur
murres	murre
muscatels	muscatel
muscled	muscle
musclemen	muscleman
muscles	muscle
muscling	muscle
muscovites	muscovite
mused	muse
muses	muse
museums	museum
mushed	mush
mushers	musher
mushes	mush
mushies	mushy
mushing	mush
mushroomed	mushroom
mushrooming	mushroom
mushrooms	mushroom
musicales	musicale
musicals	musical
musicians	musician
musicologists	musicologist
musics	music
musing	muse
musings	musing
musketeers	musketeer
muskets	musket
muskier	musky
muskrats	muskrat
musks	musk
muslims	muslim
muslins	muslin
mussed	muss
musses	muss
mussing	muss
mustangs	mustang
mustarded	mustard
mustards	mustard
mustelids	mustelid
mustered	muster
mustering	muster
musters	muster
mustiest	musty
mutabilities	mutability
mutagens	mutagen
mutants	mutant
mutated	mutate
mutates	mutate
mutating	mutate
mutations	mutation
muted	mute
mutes	mute
mutilated	mutilate
mutilates	mutilate
mutilating	mutilate
mutilations	mutilation
mutineers	mutineer
muting	mute
mutinied	mutiny
mutinies	mutiny
mutinying	mutiny
muttered	mutter
muttering	mutter
mutterings	muttering
mutters	mutter
muttons	mutton
mutts	mutt
mutualities	mutuality
mutuals	mutual
muzzled	muzzle
muzzles	muzzle
muzzling	muzzle
mycenaeans	mycenaean
mycologists	mycologist
mycotoxins	mycotoxin
myelomas	myeloma
mynahs	mynah
myocytes	myocyte
myoglobins	myoglobin
myopics	myopic
myriads	myriad
myrtles	myrtle
mysteries	mystery
mystics	mystic
mystifications	mystification
mystified	mystify
mystifies	mystify
mystifying	mystify
mystiques	mystique
mythologies	mythology
mythologists	mythologist
mythologized	mythologize
mythologizes	mythologize
mythologizing	mythologize
myths	myth
naans	naan
nabbed	nab
nabbing	nab
nabobs	nabob
nabs	nab
nacelles	nacelle
nachos	nacho
nadirs	nadir
nagged	nag
nagging	nag
naggings	nagging
nags	nag
nailed	nail
nailers	nailer
nailing	nail
nails	nail
naiveties	naivety
named	name
nameplates	nameplate
names	name
namesakes	namesake
nametags	nametag
namibians	namibian
naming	name
namings	naming
nanas	nana
nannied	nanny
nannies	nanny
nanning	nan
nannying	nanny
nanograms	nanogram
nanoseconds	nanosecond
nanotubes	nanotube
nans	nan
napalmed	napalm
napalms	napalm
napes	nape
napkins	napkin
napped	nap
nappies	nappy
napping	nap
naps	nap
narcissists	narcissist
narcotics	narcotic
narrated	narrate
narrates	narrate
narrating	narrate
narrations	narration
narratives	narrative
narrators	narrator
narrowed	narrow
narrower	narrow
narrowest	narrow
narrowing	narrow
narrowings	narrowing
narrows	narrow
narwhals	narwhal
nasals	nasal
nastier	nasty
nasties	nasty
nastiest	nasty
nasturtiums	nasturtium
nationalisms	nationalism
nationalists	nationalist
nationalities	nationality
nationalizations	nationalization
nationalized	nationalize
nationalizes	nationalize
nationalizing	nationalize
nationals	national
nations	nation
natives	native
nativists	nativist
nattered	natter
nattering	natter
natters	natter
nattier	natty
naturalists	naturalist
naturalizations	naturalization
naturalized	naturalize
naturalizes	naturalize
naturalizing	naturalize
natures	nature
naturopaths	naturopath
naughtier	naughty
naughties	naughty
naughtiest	naughty
nauseated	nauseate
nauseates	nauseate
nauseating	nauseate
navajos	navajo
navels	navel
naves	nave
navies	navy
navigated	navigate
navigates	navigate
navigating	navigate
navigations	navigation
navigators	navigator
naysayers	naysayer
nazis	nazi
neanderthals	neanderthal
neapolitans	neapolitan
neaps	neap
neared	near
nearer	near
nearest	near
nearing	near
nearnesses	nearness
nears	near
neatened	neaten
neatening	neaten
neatens	neaten
neater	neat
neatest	neat
nebbishes	nebbish
nebulae	nebula
nebulosities	nebulosity
necessaries	necessary
necessitated	necessitate
necessitates	necessitate
necessitating	necessitate
necessities	necessity
neckbands	neckband
necked	neck
neckerchiefs	neckerchief
necking	neck
necklaced	necklace
necklaces	necklace
necklacing	necklace
necklines	neckline
necks	neck
necromancers	necromancer
necropsies	necropsy
nectarines	nectarine
nectars	nectar
needed	need
neediest	needy
needing	need
needled	needle
needlepoints	needlepoint
needles	needle
needling	needle
needs	need
negated	negate
negates	negate
negating	negate
negations	negation
negatived	negative
negatives	negative
negativing	negative
neglected	neglect
neglecting	neglect
neglects	neglect
negligees	negligee
negligenter	negligent
negotiated	negotiate
negotiates	negotiate
negotiating	negotiate
negotiations	negotiation
negotiators	negotiator
negresses	negress
negros	negro
neighbored	neighbor
neighborhoods	neighborhood
neighboring	neighbor
neighbors	neighbor
neighboured	neighbour
neighbourhoods	neighbourhood
neighbouring	neighbour
neighbours	neighbour
neighed	neigh
neighing	neigh
neighs	neigh
nematodes	nematode
neoliberals	neoliberal
neologisms	neologism
neonates	neonate
neons	neon
neophytes	neophyte
neoplasias	neoplasia
neoplasms	neoplasm
nephews	nephew
nephrologists	nephrologist
nerds	nerd
nerved	nerve
nerves	nerve
nerving	nerve
nesses	ness
nested	nest
nesters	nester
nesting	nest
nestings	nesting
nestled	nestle
nestles	nestle
nestling	nestle
nestlings	nestling
nests	nest
nethers	nether
nets	net
netted	net
netters	netter
netting	net
nettings	netting
nettled	nettle
nettles	nettle
nettling	nettle
networked	network
networking	network
networks	network
neuralgias	neuralgia
neurobiologies	neurobiology
neurobiologists	neurobiologist
neurologists	neurologist
neurons	neuron
neuropathies	neuropathy
neuropeptides	neuropeptide
neurophysiologists	neurophysiologist
neuropsychologists	neuropsychologist
neurosciences	neuroscience
neuroscientists	neuroscientist
neuroses	neurosis
neurosurgeons	neurosurgeon
neurotics	neurotic
neurotoxins	neurotoxin
neurotransmitters	neurotransmitter
neutered	neuter
neutering	neuter
neuters	neuter
neutralizations	neutralization
neutralized	neutralize
neutralizes	neutralize
neutralizing	neutralize
neutrals	neutral
neutrinos	neutrino
neutrons	neutron
neutrophils	neutrophil
newborns	newborn
newcomers	newcomer
newels	newel
newer	new
newest	new
newlyweds	newlywed
newsboys	newsboy
newscasters	newscaster
newscasts	newscast
newsdesks	newsdesk
newshounds	newshound
newsletters	newsletter
newsmen	newsman
newspapermen	newspaperman
newspapers	newspaper
newsreaders	newsreader
newsreels	newsreel
newsrooms	newsroom
newsstands	newsstand
newtonians	newtonian
newts	newt
nibbled	nibble
nibblers	nibbler
nibbles	nibble
nibbling	nibble
niblicks	niblick
nibs	nib
nicaraguans	nicaraguan
nicer	nice
nicest	nice
niceties	nicety
nicked	nick
nickelled	nickel
nickelling	nickel
nickels	nickel
nickered	nicker
nickering	nicker
nickers	nicker
nicking	nick
nicknamed	nickname
nicknames	nickname
nicknaming	nickname
nicks	nick
nicotined	nicotine
nieces	niece
niftiest	nifty
nigerians	nigerian
niggers	nigger
nightcaps	nightcap
nightclubbing	nightclub
nightclubs	nightclub
nightdresses	nightdress
nightgowns	nightgown
nighthawks	nighthawk
nighties	nightie
nightingales	nightingale
nightmares	nightmare
nights	night
nightshades	nightshade
nightshirts	nightshirt
nightspots	nightspot
nightsticks	nightstick
nihilists	nihilist
nils	nil
nimbled	nimble
nincompoops	nincompoop
ninnies	ninny
nipped	nip
nippers	nipper
nippier	nippy
nipping	nip
nippled	nipple
nipples	nipple
nips	nip
nirvanas	nirvana
nitpicking	nitpick
nitrated	nitrate
nitrates	nitrate
nitrating	nitrate
nitriding	nitride
nitrites	nitrite
nitrogens	nitrogen
nitrosamines	nitrosamine
nitwits	nitwit
nixed	nix
nixes	nix
nobilities	nobility
noblemen	nobleman
nobles	noble
nobodies	nobody
nobs	nob
nocked	nock
nocking	nock
nocks	nock
nocturnals	nocturnal
nocturnes	nocturne
nodded	nod
nodding	nod
noddings	nodding
noded	node
nodes	node
nods	nod
nodules	nodule
noggins	noggin
nogs	nog
noised	noise
noises	noise
noisettes	noisette
noisier	noisy
noisiest	noisy
noising	noise
nomads	nomad
nomes	nome
nominals	nominal
nominated	nominate
nominates	nominate
nominating	nominate
nominations	nomination
nominators	nominator
nominees	nominee
non-drinkers	non-drinker
nonagenarians	nonagenarian
nonces	nonce
nonconformists	nonconformist
nondescripts	nondescript
nonentities	nonentity
nonmembers	nonmember
nonplussed	nonplus
nonplusses	nonplus
nonplussing	nonplus
nonprofessionals	nonprofessional
nonsenses	nonsense
nonstops	nonstop
noodled	noodle
noodles	noodle
noodling	noodle
nooks	nook
noons	noon
noosed	noose
nooses	noose
noosing	noose
nordics	nordic
normalities	normality
normalized	normalize
normalizes	normalize
normalizing	normalize
normals	normal
normans	norman
norms	norm
norsemen	norseman
northerners	northerner
northlands	northland
norwegians	norwegian
nosebleeds	nosebleed
nosed	nose
nosedived	nosedive
nosedives	nosedive
nosediving	nosedive
nosegays	nosegay
noses	nose
noseyed	nosey
noshed	nosh
noshes	nosh
noshing	nosh
nosing	nose
nostalgias	nostalgia
nostrilling	nostril
nostrils	nostril
nostrums	nostrum
notabilities	notability
notables	notable
notaries	notary
notated	notate
notates	notate
notating	notate
notations	notation
notched	notch
notches	notch
notching	notch
notebooks	notebook
noted	note
notepads	notepad
notepapers	notepaper
notes	note
noticed	notice
notices	notice
noticing	notice
notifications	notification
notified	notify
notifies	notify
notifying	notify
noting	note
notions	notion
noughts	nought
nouns	noun
nourished	nourish
nourishes	nourish
nourishing	nourish
novas	nova
novelettes	novelette
novelists	novelist
novellas	novella
novels	novel
novelties	novelty
novenas	novena
novices	novice
novitiates	novitiate
nozzles	nozzle
nuanced	nuance
nuances	nuance
nuancing	nuance
nubbins	nubbin
nubians	nubian
nubiles	nubile
nubs	nub
nucleated	nucleate
nucleates	nucleate
nucleating	nucleate
nucleations	nucleation
nuclei	nucleus
nucleons	nucleon
nucleosides	nucleoside
nucleotides	nucleotide
nuclides	nuclide
nuder	nude
nudes	nude
nudged	nudge
nudges	nudge
nudging	nudge
nudists	nudist
nuggets	nugget
nuisances	nuisance
nuked	nuke
nukes	nuke
nuking	nuke
nulled	null
nullified	nullify
nullifies	nullify
nullifying	nullify
nulling	null
nulls	null
numbed	numb
number	numb
numbered	number
numbering	number
numbers	number
numbing	numb
numbs	numb
numbskulls	numbskull
numerals	numeral
numerators	numerator
numerics	numeric
numismatists	numismatist
nuncios	nuncio
nunneries	nunnery
nuns	nun
nuptials	nuptial
nursed	nurse
nursemaiding	nursemaid
nursemaids	nursemaid
nurseries	nursery
nurserymen	nurseryman
nurses	nurse
nursing	nurse
nurtured	nurture
nurturers	nurturer
nurtures	nurture
nurturing	nurture
nutcases	nutcase
nutcrackers	nutcracker
nuthatches	nuthatch
nutmegged	nutmeg
nutmegs	nutmeg
nutrients	nutrient
nutritionists	nutritionist
nuts	nut
nutshells	nutshell
nutted	nut
nutters	nutter
nutties	nutty
nutting	nut
nuzzled	nuzzle
nuzzles	nuzzle
nuzzling	nuzzle
nylons	nylon
nymphets	nymphet
nymphomaniacs	nymphomaniac
nymphs	nymph
oafs	oaf
oaks	oak
oakwoods	oakwood
oarlocks	oarlock
oars	oar
oarsmen	oarsman
oases	oasis
oaths	oath
obediences	obedience
obeisances	obeisance
obelisks	obelisk
obeyed	obey
obeying	obey
obeys	obey
obfuscated	obfuscate
obfuscates	obfuscate
obfuscating	obfuscate
obfuscations	obfuscation
obits	obit
obituaries	obituary
objected	object
objectifications	objectification
objectified	objectify
objectifies	objectify
objectifying	objectify
objecting	object
objections	objection
objectives	objective
objectivities	objectivity
objectors	objector
objects	object
oblasts	oblast
oblations	oblation
obligated	obligate
obligates	obligate
obligating	obligate
obligations	obligation
obliged	oblige
obliges	oblige
obliging	oblige
obliques	oblique
obliquities	obliquity
obliterated	obliterate
obliterates	obliterate
obliterating	obliterate
oblivions	oblivion
oblongs	oblong
oboes	oboe
oboists	oboist
obscenities	obscenity
obscured	obscure
obscurer	obscure
obscures	obscure
obscuring	obscure
obscurities	obscurity
observables	observable
observances	observance
observations	observation
observatories	observatory
observed	observe
observers	observer
observes	observe
observing	observe
obsessed	obsess
obsesses	obsess
obsessing	obsess
obsessionals	obsessional
obsessions	obsession
obsessives	obsessive
obsidians	obsidian
obsoleted	obsolete
obsoleting	obsolete
obstacles	obstacle
obstetricians	obstetrician
obstructed	obstruct
obstructing	obstruct
obstructionists	obstructionist
obstructions	obstruction
obstructs	obstruct
obtained	obtain
obtaining	obtain
obtains	obtain
obtruded	obtrude
obtrudes	obtrude
obtruding	obtrude
obviated	obviate
obviates	obviate
obviating	obviate
occasioned	occasion
occasioning	occasion
occasions	occasion
occluded	occlude
occludes	occlude
occluding	occlude
occlusions	occlusion
occultations	occultation
occulted	occult
occulting	occult
occultists	occultist
occults	occult
occupancies	occupancy
occupants	occupant
occupations	occupation
occupied	occupy
occupiers	occupier
occupies	occupy
occupying	occupy
occurred	occur
occurrences	occurrence
occurring	occur
occurs	occur
oceanics	oceanic
oceanographers	oceanographer
oceans	ocean
ocelots	ocelot
ochres	ochre
octagons	octagon
octaves	octave
octogenarians	octogenarian
odalisques	odalisque
oddballs	oddball
oddities	oddity
oddments	oddment
odes	ode
odometers	odometer
odorants	odorant
odors	odor
odours	odour
odysseys	odyssey
oestrogens	oestrogen
oeuvres	oeuvre
offals	offal
offed	off
offences	offence
offended	offend
offenders	offender
offending	offend
offends	offend
offenses	offense
offensives	offensive
offered	offer
offering	offer
offerings	offering
offers	offer
officeholders	officeholder
officered	officer
officering	officer
officers	officer
offices	office
officials	official
officiants	officiant
officiated	officiate
officiates	officiate
officiating	officiate
offing	off
offs	off
offsets	offset
offsetting	offset
offshoots	offshoot
offsides	offside
offsprings	offspring
ogled	ogle
oglers	ogler
ogles	ogle
ogling	ogle
ogres	ogre
ohms	ohm
ohps	ohp
oiled	oil
oilfields	oilfield
oilier	oily
oilies	oily
oiliest	oily
oiling	oil
oilmen	oilman
oils	oil
oilseeds	oilseed
oilskins	oilskin
oinked	oink
oinking	oink
oinks	oink
ointments	ointment
okayed	okay
okaying	okay
okays	okay
olas	ola
older	old
oldest	old
olds	old
oldsters	oldster
oleanders	oleander
olefins	olefin
oligarchies	oligarchy
oligarchs	oligarch
oligonucleotides	oligonucleotide
oligopolies	oligopoly
olives	olive
olivines	olivine
olympians	olympian
olympics	olympic
ombudsmen	ombudsman
omelettes	omelette
omened	omen
omening	omen
omens	omen
omissions	omission
omits	omit
omitted	omit
omitting	omit
omnivores	omnivore
oncogenes	oncogene
oncologists	oncologist
ones	one
onions	onion
onlookers	onlooker
onrushing	onrush
onslaughts	onslaught
ontologies	ontology
ontos	onto
oocytes	oocyte
oohs	ooh
oos	oo
oozed	ooze
oozes	ooze
oozing	ooze
oozings	oozing
opacities	opacity
opals	opal
opaqued	opaque
opaques	opaque
opened	open
openers	opener
opening	open
openings	opening
opens	open
operands	operand
operas	opera
operated	operate
operates	operate
operatics	operatic
operating	operate
operationalized	operationalize
operationalizing	operationalize
operations	operation
operatives	operative
operators	operator
operettas	operetta
ophthalmologists	ophthalmologist
opiates	opiate
opined	opine
opines	opine
opining	opine
opinions	opinion
opioids	opioid
opossums	opossum
opped	op
opponents	opponent
opportunists	opportunist
opportunities	opportunity
opposed	oppose
opposes	oppose
opposing	oppose
opposites	opposite
oppositionists	oppositionist
oppositions	opposition
oppressed	oppress
oppresses	oppress
oppressing	oppress
oppressions	oppression
oppressors	oppressor
ops	op
opted	opt
opticals	optical
opticians	optician
optimists	optimist
optimized	optimize
optimizes	optimize
optimizing	optimize
opting	opt
options	option
optoelectronics	optoelectronic
optometrists	optometrist
opts	opt
oracles	oracle
orals	oral
oranges	orange
orangs	orang
orangutans	orangutan
orations	oration
oratories	oratory
oratorios	oratorio
orators	orator
orbed	orb
orbing	orb
orbitals	orbital
orbited	orbit
orbiters	orbiter
orbiting	orbit
orbits	orbit
orbs	orb
orcas	orca
orchards	orchard
orchestras	orchestra
orchestrated	orchestrate
orchestrates	orchestrate
orchestrating	orchestrate
orchestrations	orchestration
orchestrators	orchestrator
orchids	orchid
ordained	ordain
ordaining	ordain
ordains	ordain
ordeals	ordeal
ordered	order
ordering	order
orderings	ordering
orderlies	orderly
orders	order
ordinals	ordinal
ordinances	ordinance
ordinaries	ordinary
ordinations	ordination
ordnances	ordnance
ores	ore
organelles	organelle
organics	organic
organised	organise
organisers	organiser
organises	organise
organising	organise
organisms	organism
organists	organist
organizations	organization
organized	organize
organizers	organizer
organizes	organize
organizing	organize
organochlorines	organochlorine
organophosphates	organophosphate
organs	organ
orgasmed	orgasm
orgasms	orgasm
orgies	orgy
orientalists	orientalist
orientals	oriental
orientated	orientate
orientates	orientate
orientating	orientate
orientations	orientation
oriented	orient
orienteering	orienteer
orienteers	orienteer
orienting	orient
orients	orient
orifices	orifice
originalities	originality
originals	original
originated	originate
originates	originate
originating	originate
originations	origination
originators	originator
origins	origin
orioles	oriole
ornamentals	ornamental
ornamentations	ornamentation
ornamented	ornament
ornamenting	ornament
ornaments	ornament
ornithologists	ornithologist
orphanages	orphanage
orphaned	orphan
orphaning	orphan
orphans	orphan
orthodontics	orthodontic
orthodoxies	orthodoxy
orthogonals	orthogonal
orthographies	orthography
orthopaedics	orthopaedic
orthopedics	orthopedic
oryxes	oryx
oscars	oscar
oscillated	oscillate
oscillates	oscillate
oscillating	oscillate
oscillations	oscillation
oscillators	oscillator
oscilloscopes	oscilloscope
ospreys	osprey
ossicles	ossicle
ossified	ossify
ossifies	ossify
ossifying	ossify
ossuaries	ossuary
osteopaths	osteopath
ostinatos	ostinato
ostracized	ostracize
ostracizes	ostracize
ostracizing	ostracize
ostriches	ostrich
others	other
otters	otter
ottomans	ottoman
oubliettes	oubliette
ouches	ouch
ounces	ounce
ousted	oust
ousters	ouster
ousting	oust
ousts	oust
outages	outage
outbidding	outbid
outbids	outbid
outboards	outboard
outbreaks	outbreak
outbuildings	outbuilding
outbursts	outburst
outcasts	outcast
outclassed	outclass
outclasses	outclass
outclassing	outclass
outcomes	outcome
outcried	outcry
outcries	outcry
outcropped	outcrop
outcropping	outcrop
outcroppings	outcropping
outcrops	outcrop
outcrying	outcry
outdid	outdo
outdistanced	outdistance
outdistances	outdistance
outdistancing	outdistance
outdoes	outdo
outdoing	outdo
outdone	outdo
outdoorsmen	outdoorsman
outed	out
outers	outer
outfalls	outfall
outfielders	outfielder
outfields	outfield
outfighting	outfight
outfights	outfight
outfits	outfit
outfitted	outfit
outfitters	outfitter
outfitting	outfit
outflanked	outflank
outflanking	outflank
outflanks	outflank
outflowing	outflow
outflows	outflow
outfought	outfight
outfoxed	outfox
outfoxes	outfox
outfoxing	outfox
outgoings	outgoing
outgrew	outgrow
outgrowing	outgrow
outgrown	outgrow
outgrows	outgrow
outgrowths	outgrowth
outguessed	outguess
outguesses	outguess
outguessing	outguess
outhoused	outhouse
outhouses	outhouse
outing	out
outings	outing
outlaid	outlay
outlasted	outlast
outlasting	outlast
outlasts	outlast
outlawed	outlaw
outlawing	outlaw
outlaws	outlaw
outlays	outlay
outlets	outlet
outliers	outlier
outlined	outline
outlines	outline
outlining	outline
outlived	outlive
outlives	outlive
outliving	outlive
outlooks	outlook
outmaneuvered	outmaneuver
outmaneuvering	outmaneuver
outmaneuvers	outmaneuver
outmatched	outmatch
outmatches	outmatch
outmatching	outmatch
outnumbered	outnumber
outnumbering	outnumber
outnumbers	outnumber
outpaced	outpace
outpaces	outpace
outpacing	outpace
outpatients	outpatient
outperformed	outperform
outperforming	outperform
outperforms	outperform
outplayed	outplay
outplaying	outplay
outplays	outplay
outpointed	outpoint
outpointing	outpoint
outpoints	outpoint
outposted	outpost
outposts	outpost
outpourings	outpouring
outputs	output
outputting	output
outraged	outrage
outrages	outrage
outraging	outrage
outran	outrun
outranked	outrank
outranking	outrank
outranks	outrank
outreached	outreach
outreaches	outreach
outreaching	outreach
outriders	outrider
outriggers	outrigger
outrights	outright
outrunning	outrun
outruns	outrun
outs	out
outscored	outscore
outscores	outscore
outscoring	outscore
outselling	outsell
outsells	outsell
outshines	outshine
outshining	outshine
outshone	outshine
outsiders	outsider
outsized	outsize
outsizes	outsize
outsmarted	outsmart
outsmarting	outsmart
outsmarts	outsmart
outsold	outsell
outsoles	outsole
outsourced	outsource
outsources	outsource
outsourcing	outsource
outstripped	outstrip
outstripping	outstrip
outstrips	outstrip
outvoted	outvote
outvotes	outvote
outvoting	outvote
outweighed	outweigh
outweighing	outweigh
outweighs	outweigh
outwits	outwit
outwitted	outwit
outwitting	outwit
outworking	outwork
outworks	outwork
ovals	oval
ovaries	ovary
ovations	ovation
ovens	oven
overalls	overall
overate	overeat
overawed	overawe
overawes	overawe
overawing	overawe
overbalanced	overbalance
overbalances	overbalance
overbalancing	overbalance
overbooked	overbook
overbooking	overbook
overbooks	overbook
overbuilding	overbuild
overburdened	overburden
overburdening	overburden
overburdens	overburden
overcame	overcome
overcasting	overcast
overcasts	overcast
overcharged	overcharge
overcharges	overcharge
overcharging	overcharge
overcoated	overcoat
overcoats	overcoat
overcomes	overcome
overcoming	overcome
overcompensated	overcompensate
overcompensates	overcompensate
overcompensating	overcompensate
overcooked	overcook
overcooking	overcook
overcooks	overcook
overcrowded	overcrowd
overcrowding	overcrowd
overcrowds	overcrowd
overdid	overdo
overdoes	overdo
overdoing	overdo
overdone	overdo
overdosed	overdose
overdoses	overdose
overdosing	overdose
overdrafts	overdraft
overdrawing	overdraw
overdrawn	overdraw
overdraws	overdraw
overdressed	overdress
overdresses	overdress
overdressing	overdress
overdrew	overdraw
overdriven	overdrive
overdrives	overdrive
overdriving	overdrive
overdrove	overdrive
overdubbed	overdub
overdubbing	overdub
overdubs	overdub
overdues	overdue
overeaten	overeat
overeating	overeat
overeats	overeat
overemphasized	overemphasize
overemphasizes	overemphasize
overemphasizing	overemphasize
overestimated	overestimate
overestimates	overestimate
overestimating	overestimate
overexposed	overexpose
overexposes	overexpose
overexposing	overexpose
overextended	overextend
overextending	overextend
overextends	overextend
overfed	overfeed
overfeeding	overfeed
overfeeds	overfeed
overflights	overflight
overflowed	overflow
overflowing	overflow
overflows	overflow
overgeneralizations	overgeneralization
overgrew	overgrow
overgrowing	overgrow
overgrown	overgrow
overgrows	overgrow
overgrowths	overgrowth
overhanging	overhang
overhangs	overhang
overhauled	overhaul
overhauling	overhaul
overhauls	overhaul
overheads	overhead
overheard	overhear
overheards	overheard
overhearing	overhear
overhears	overhear
overheated	overheat
overheating	overheat
overheats	overheat
overhung	overhang
overindulged	overindulge
overindulges	overindulge
overindulging	overindulge
overlaid	overlay
overlain	overlie
overlapped	overlap
overlapping	overlap
overlaps	overlap
overlay	overlie
overlaying	overlay
overlays	overlay
overlies	overlie
overloaded	overload
overloading	overload
overloads	overload
overlooked	overlook
overlooking	overlook
overlooks	overlook
overlords	overlord
overlying	overlie
overnights	overnight
overpaid	overpay
overpasses	overpass
overpaying	overpay
overpayments	overpayment
overpays	overpay
overplayed	overplay
overplaying	overplay
overplays	overplay
overpopulated	overpopulate
overpopulating	overpopulate
overpowered	overpower
overpowering	overpower
overpowers	overpower
overpressuring	overpressure
overpriced	overprice
overprices	overprice
overpricing	overprice
overproduced	overproduce
overproduces	overproduce
overproducing	overproduce
overprotected	overprotect
overprotecting	overprotect
overprotects	overprotect
overran	overrun
overrated	overrate
overrates	overrate
overrating	overrate
overreached	overreach
overreaches	overreach
overreaching	overreach
overreacted	overreact
overreacting	overreact
overreacts	overreact
overridden	override
overrides	override
overriding	override
overridings	overriding
overrode	override
overruled	overrule
overrules	overrule
overruling	overrule
overrunning	overrun
overruns	overrun
overs	over
oversaw	oversee
overseeing	oversee
overseen	oversee
overseers	overseer
oversees	oversee
overshadowed	overshadow
overshadowing	overshadow
overshadows	overshadow
overshoes	overshoe
overshooting	overshoot
overshoots	overshoot
overshot	overshoot
oversighted	oversight
oversights	oversight
oversimplifications	oversimplification
oversimplified	oversimplify
oversimplifies	oversimplify
oversimplifying	oversimplify
oversized	oversize
oversleeping	oversleep
oversleeps	oversleep
overslept	oversleep
overspending	overspend
overspends	overspend
overspent	overspend
overstated	overstate
overstatements	overstatement
overstates	overstate
overstating	overstate
overstayed	overstay
overstaying	overstay
overstays	overstay
overstepped	overstep
overstepping	overstep
oversteps	overstep
overstocked	overstock
overstocking	overstock
overstocks	overstock
overstressed	overstress
overstressing	overstress
overstretched	overstretch
overstretches	overstretch
overstretching	overstretch
overstuffed	overstuff
overstuffing	overstuff
overstuffs	overstuff
oversupplied	oversupply
oversupplies	oversupply
oversupplying	oversupply
overtaken	overtake
overtakes	overtake
overtaking	overtake
overtaxed	overtax
overtaxes	overtax
overtaxing	overtax
overthrew	overthrow
overthrowing	overthrow
overthrown	overthrow
overthrows	overthrow
overtired	overtire
overtires	overtire
overtiring	overtire
overtones	overtone
overtook	overtake
overtopped	overtop
overtopping	overtop
overtops	overtop
overtures	overture
overturned	overturn
overturning	overturn
overturns	overturn
overused	overuse
overuses	overuse
overusing	overuse
overvaluations	overvaluation
overvalued	overvalue
overvalues	overvalue
overvaluing	overvalue
overviewed	overview
overviewing	overview
overviews	overview
overwatered	overwater
overwatering	overwater
overweighted	overweight
overweights	overweight
overwhelmed	overwhelm
overwhelming	overwhelm
overwhelms	overwhelm
overwintered	overwinter
overwintering	overwinter
overwinters	overwinter
overworked	overwork
overworking	overwork
overworks	overwork
overwrites	overwrite
overwriting	overwrite
overwritten	overwrite
overwrote	overwrite
ovoids	ovoid
ovulated	ovulate
ovulates	ovulate
ovulating	ovulate
ovulations	ovulation
ovules	ovule
owed	owe
owes	owe
owing	owe
owings	owing
owlets	owlet
owls	owl
owned	own
owners	owner
ownerships	ownership
owning	own
owns	own
oxalates	oxalate
oxbows	oxbow
oxcarts	oxcart
oxen	ox
oxer	ox
oxidants	oxidant
oxidations	oxidation
oxides	oxide
oxidized	oxidize
oxidizes	oxidize
oxidizing	oxidize
oxtails	oxtail
oxygenated	oxygenate
oxygenates	oxygenate
oxygenating	oxygenate
oxygens	oxygen
oyer	oy
oys	oy
oystercatchers	oystercatcher
oystered	oyster
oystering	oyster
oystermen	oysterman
oysters	oyster
paced	pace
pacemakers	pacemaker
paces	pace
pacesetters	pacesetter
pachyderms	pachyderm
pacified	pacify
pacifiers	pacifier
pacifies	pacify
pacifists	pacifist
pacifying	pacify
pacing	pace
pacings	pacing
packaged	package
packagers	packager
packages	package
packaging	package
packed	pack
packers	packer
packets	packet
packhorses	packhorse
packing	pack
packings	packing
packs	pack
pacts	pact
padded	pad
paddies	paddy
padding	pad
paddings	padding
paddled	paddle
paddlers	paddler
paddles	paddle
paddling	paddle
paddocked	paddock
paddocks	paddock
padlocked	padlock
padlocking	padlock
padlocks	padlock
padres	padre
pads	pad
paeans	paean
paediatricians	paediatrician
paediatrics	paediatric
paellas	paella
pagans	pagan
pageants	pageant
pageboys	pageboy
paged	page
pagers	pager
pages	page
paging	page
pagings	paging
pagodas	pagoda
pahs	pah
paid	pay
pails	pail
pained	pain
paining	pain
painkillers	painkiller
pains	pain
paintballs	paintball
paintbrushes	paintbrush
painted	paint
painters	painter
painting	paint
paintings	painting
paints	paint
paired	pair
pairing	pair
pairings	pairing
pairs	pair
pakistanis	pakistani
pakoras	pakora
palaces	palace
paladins	paladin
palanquins	palanquin
palatals	palatal
palates	palate
palavered	palaver
palavering	palaver
palavers	palaver
paled	pale
paleontologists	paleontologist
paler	pale
pales	pale
palest	pale
palestinians	palestinian
palettes	palette
palfreys	palfrey
palimpsests	palimpsest
palindromes	palindrome
paling	pale
palings	paling
palisaded	palisade
palisades	palisade
palisading	palisade
pallbearers	pallbearer
palled	pal
pallets	pallet
palliated	palliate
palliates	palliate
palliating	palliate
palliatives	palliative
palling	pal
palls	pall
palmed	palm
palmettes	palmette
palmettos	palmetto
palmier	palmy
palming	palm
palms	palm
palmtops	palmtop
palominos	palomino
palookas	palooka
palpated	palpate
palpates	palpate
palpating	palpate
palping	palp
palpitated	palpitate
palpitates	palpitate
palpitating	palpitate
palpitations	palpitation
palps	palp
pals	pal
palsied	palsy
palsies	palsy
palsying	palsy
paltered	palter
paltering	palter
palters	palter
pampered	pamper
pampering	pamper
pampers	pamper
pamphleteering	pamphleteer
pamphleteers	pamphleteer
pamphlets	pamphlet
panaceas	panacea
panamanians	panamanian
pancaked	pancake
pancakes	pancake
pandas	panda
pandemics	pandemic
pandered	pander
pandering	pander
panders	pander
panegyrics	panegyric
panelists	panelist
panelled	panel
panelling	panel
panellings	panelling
panels	panel
panes	pane
pangas	panga
pangolins	pangolin
pangs	pang
panhandled	panhandle
panhandlers	panhandler
panhandles	panhandle
panhandling	panhandle
panicked	panic
panicking	panic
panics	panic
panned	pan
panniers	pannier
panning	pan
panoramas	panorama
pans	pan
pansies	pansy
pansying	pansy
pantechnicons	pantechnicon
panted	pant
pantheons	pantheon
panthers	panther
panties	panty
panting	pant
pantings	panting
pantomimed	pantomime
pantomimes	pantomime
pantomiming	pantomime
pantries	pantry
pants	pant
pantsuits	pantsuit
panzers	panzer
papas	papa
papayas	papaya
paperbacked	paperback
paperbacks	paperback
paperclipped	paperclip
paperclips	paperclip
papered	paper
papering	paper
papermakers	papermaker
papers	paper
paperweights	paperweight
paperworks	paperwork
papillas	papilla
papillomas	papilloma
papists	papist
papooses	papoose
papuans	papuan
papyri	papyrus
parables	parable
parabolas	parabola
paraboloids	paraboloid
paracetamols	paracetamol
parachuted	parachute
parachutes	parachute
parachuting	parachute
parachutists	parachutist
paraded	parade
parades	parade
paradigms	paradigm
parading	parade
paradises	paradise
paradoxes	paradox
paraffins	paraffin
parafoils	parafoil
paragliders	paraglider
paragons	paragon
paragraphed	paragraph
paragraphing	paragraph
paragraphs	paragraph
paraguayans	paraguayan
parakeets	parakeet
paralegals	paralegal
parallaxes	parallax
paralleling	parallel
parallelisms	parallelism
parallelled	parallel
parallelograms	parallelogram
parallels	parallel
paralympics	paralympic
paralysed	paralyse
paralyses	paralyse
paralysing	paralyse
paralyzed	paralyze
paralyzes	paralyze
paralyzing	paralyze
paramedics	paramedic
parameters	parameter
parametrics	parametric
paramilitaries	paramilitary
paramours	paramour
paranoiacs	paranoiac
paranoias	paranoia
paranoids	paranoid
parapets	parapet
paraphrased	paraphrase
paraphrases	paraphrase
paraphrasing	paraphrase
paraprofessionals	paraprofessional
parapsychologists	parapsychologist
paras	para
parasites	parasite
parasitized	parasitize
parasitizing	parasitize
parasitoids	parasitoid
parasols	parasol
parastatals	parastatal
parathas	paratha
paratroopers	paratrooper
paratroops	paratroop
parboiled	parboil
parboiling	parboil
parboils	parboil
parcelled	parcel
parcelling	parcel
parcels	parcel
parched	parch
parches	parch
parching	parch
parchments	parchment
pardners	pardner
pardoned	pardon
pardoning	pardon
pardons	pardon
pared	pare
parentheses	parenthesis
parentheticals	parenthetical
parents	parent
pares	pare
pariahs	pariah
parietals	parietal
paring	pare
parings	paring
parishes	parish
parishioners	parishioner
parisians	parisian
parities	parity
parkas	parka
parked	park
parking	park
parklands	parkland
parks	park
parkways	parkway
parlayed	parlay
parlaying	parlay
parlays	parlay
parleyed	parley
parleying	parley
parleys	parley
parliamentarians	parliamentarian
parliaments	parliament
parlors	parlor
parmesans	parmesan
parochials	parochial
parodied	parody
parodies	parody
parodying	parody
paroled	parole
paroles	parole
paroling	parole
parotids	parotid
paroxysms	paroxysm
parred	par
parricides	parricide
parried	parry
parries	parry
parring	par
parroted	parrot
parroting	parrot
parrots	parrot
parrying	parry
pars	par
parsecs	parsec
parsed	parse
parses	parse
parsing	parse
parsings	parsing
parsnips	parsnip
parsonages	parsonage
parsons	parson
partaken	partake
partakes	partake
partaking	partake
parted	part
parterres	parterre
parthians	parthian
partials	partial
participants	participant
participated	participate
participates	participate
participating	participate
participations	participation
participles	participle
particles	particle
particularisms	particularism
particularities	particularity
particularized	particularize
particularizes	particularize
particularizing	particularize
particulates	particulate
partied	party
parties	party
parting	part
partings	parting
partisans	partisan
partisanships	partisanship
partitas	partita
partitioned	partition
partitioning	partition
partitions	partition
partnered	partner
partnering	partner
partners	partner
partnerships	partnership
partook	partake
partridges	partridge
parts	part
parturitions	parturition
partying	party
parvenus	parvenu
pashas	pasha
passages	passage
passageways	passageway
passbooks	passbook
passed	pass
passengers	passenger
passers	passer
passes	pass
passing	pass
passions	passion
passives	passive
passports	passport
passwords	password
pastas	pasta
pasted	paste
pastels	pastel
pastes	paste
pasteurized	pasteurize
pasteurizes	pasteurize
pasteurizing	pasteurize
pasties	pasty
pastimes	pastime
pasting	paste
pastings	pasting
pastorales	pastorale
pastoralists	pastoralist
pastorals	pastoral
pastorates	pastorate
pastors	pastor
pastries	pastry
pastured	pasture
pasturelands	pastureland
pastures	pasture
pasturing	pasture
patched	patch
patches	patch
patchier	patchy
patching	patch
patchworks	patchwork
patented	patent
patentees	patentee
patenting	patent
patents	patent
paters	pater
pates	pate
pathetics	pathetic
pathfinders	pathfinder
pathogens	pathogen
pathologicals	pathological
pathologies	pathology
pathologists	pathologist
paths	path
pathways	pathway
patients	patient
patinas	patina
patios	patio
patriarchates	patriarchate
patriarchs	patriarch
patricians	patrician
patrimonies	patrimony
patriots	patriot
patristics	patristic
patrolled	patrol
patrolling	patrol
patrolmen	patrolman
patrols	patrol
patronages	patronage
patronesses	patroness
patronized	patronize
patronizes	patronize
patronizing	patronize
patrons	patron
patronymics	patronymic
pats	pat
patsies	patsy
patted	pat
pattered	patter
pattering	patter
patterned	pattern
patterning	pattern
patternings	patterning
patterns	pattern
patters	patter
patties	patty
patting	pat
paunches	paunch
paupered	pauper
paupers	pauper
paused	pause
pauses	pause
pausing	pause
paved	pave
pavements	pavement
pavers	paver
paves	pave
pavilions	pavilion
paving	pave
pavings	paving
pawed	paw
pawing	paw
pawnbrokers	pawnbroker
pawned	pawn
pawning	pawn
pawns	pawn
pawnshops	pawnshop
pawpaws	pawpaw
paws	paw
payables	payable
paybacks	payback
payees	payee
payers	payer
paying	pay
payloads	payload
paymasters	paymaster
payments	payment
payoffs	payoff
payouts	payout
payphones	payphone
payrolls	payroll
pays	pay
pcs	pc
pdas	pda
peacekeepers	peacekeeper
peacemakers	peacemaker
peaceniks	peacenik
peached	peach
peaches	peach
peaching	peach
peacocking	peacock
peacocks	peacock
peahens	peahen
peaked	peak
peaking	peak
peaks	peak
pealed	peal
pealing	peal
peals	peal
peanuts	peanut
pearled	pearl
pearlescents	pearlescent
pearliest	pearly
pearling	pearl
pearls	pearl
pears	pear
peas	pea
peasantries	peasantry
peasants	peasant
peating	peat
peats	peat
pebbles	pebble
pecans	pecan
peccadillos	peccadillo
peccaries	peccary
pecked	peck
peckers	pecker
pecking	peck
pecks	peck
pecs	pec
pectins	pectin
pectorals	pectoral
peculated	peculate
peculates	peculate
peculating	peculate
peculiarities	peculiarity
peculiars	peculiar
pedagogies	pedagogy
pedalled	pedal
pedalling	pedal
pedals	pedal
pedantries	pedantry
pedants	pedant
peddled	peddle
peddlers	peddler
peddles	peddle
peddling	peddle
pederasts	pederast
pedestals	pedestal
pedestrians	pedestrian
pediatricians	pediatrician
pedicled	pedicle
pedicured	pedicure
pedicures	pedicure
pedigrees	pedigree
pediments	pediment
pedipalps	pedipalp
pedlars	pedlar
pedometers	pedometer
peed	pee
peeing	pee
peeinging	peeing
peeked	peek
peeking	peek
peeks	peek
peeled	peel
peelers	peeler
peeling	peel
peelings	peeling
peels	peel
peeped	peep
peepers	peeper
peepholes	peephole
peeping	peep
peepings	peeping
peeps	peep
peepshows	peepshow
peerages	peerage
peered	peer
peering	peer
peers	peer
pees	pee
peeved	peeve
peeves	peeve
peeving	peeve
pegged	peg
pegging	peg
pegs	peg
pejoratives	pejorative
pelargoniums	pelargonium
pelicans	pelican
pellets	pellet
peloponnesians	peloponnesian
pelted	pelt
pelting	pelt
pelts	pelt
pelvises	pelvis
penalized	penalize
penalizes	penalize
penalizing	penalize
penalties	penalty
penances	penance
pences	pence
penchants	penchant
pencilled	pencil
pencilling	pencil
pencils	pencil
pendants	pendant
pendulums	pendulum
penetrated	penetrate
penetrates	penetrate
penetrating	penetrate
penetrations	penetration
penguins	penguin
penicillins	penicillin
peninsulas	peninsula
penitentials	penitential
penitents	penitent
penlights	penlight
pennants	pennant
penned	pen
pennies	penny
penning	pen
pens	pen
pensioned	pension
pensioners	pensioner
pensioning	pension
pensions	pension
penstemons	penstemon
pentagons	pentagon
pentagrams	pentagram
pentameters	pentameter
pentatonics	pentatonic
pentecostals	pentecostal
penthouses	penthouse
penumbras	penumbra
peonies	peony
peons	peon
peopled	people
peoples	people
peopling	people
pepped	pep
peppercorns	peppercorn
peppered	pepper
peppering	pepper
pepperminted	peppermint
peppermints	peppermint
peppers	pepper
pepping	pep
peps	pep
peptides	peptide
perambulated	perambulate
perambulates	perambulate
perambulating	perambulate
perambulations	perambulation
perceived	perceive
perceivers	perceiver
perceives	perceive
perceiving	perceive
percentages	percentage
percentiles	percentile
perceptions	perception
percepts	percept
perchanced	perchance
perched	perch
perches	perch
perching	perch
percolated	percolate
percolates	percolate
percolating	percolate
percolators	percolator
percussionists	percussionist
percussions	percussion
peregrinations	peregrination
peregrines	peregrine
perennials	perennial
perfected	perfect
perfecting	perfect
perfectionists	perfectionist
perfections	perfection
perfects	perfect
perforated	perforate
perforates	perforate
perforating	perforate
perforations	perforation
performances	performance
performatives	performative
performed	perform
performers	performer
performing	perform
performs	perform
perfumed	perfume
perfumeries	perfumery
perfumers	perfumer
perfumes	perfume
perfuming	perfume
perfused	perfuse
perfuses	perfuse
perfusing	perfuse
perfusions	perfusion
pergolas	pergola
periled	peril
periling	peril
perils	peril
perimeters	perimeter
perineums	perineum
periodicals	periodical
periodicities	periodicity
periodizations	periodization
periods	period
peripatetics	peripatetic
peripherals	peripheral
peripheries	periphery
periscoped	periscope
periscopes	periscope
perishables	perishable
perished	perish
perishes	perish
perishing	perish
peristyles	peristyle
periwinkles	periwinkle
perjured	perjure
perjurers	perjurer
perjures	perjure
perjuries	perjury
perjuring	perjure
perked	perk
perkier	perky
perking	perk
perks	perk
permeabilities	permeability
permeated	permeate
permeates	permeate
permeating	permeate
permed	perm
perming	perm
permissions	permission
permissives	permissive
permits	permit
permitted	permit
permitting	permit
perms	perm
permutations	permutation
peronists	peronist
perorations	peroration
peroxided	peroxide
peroxides	peroxide
peroxiding	peroxide
perpetrated	perpetrate
perpetrates	perpetrate
perpetrating	perpetrate
perpetrators	perpetrator
perpetuals	perpetual
perpetuated	perpetuate
perpetuates	perpetuate
perpetuating	perpetuate
perpetuations	perpetuation
perpetuities	perpetuity
perplexed	perplex
perplexes	perplex
perplexing	perplex
perplexities	perplexity
perquisites	perquisite
pers	per
persecuted	persecute
persecutes	persecute
persecuting	persecute
persecutions	persecution
persecutors	persecutor
persevered	persevere
perseveres	persevere
persevering	persevere
persians	persian
persisted	persist
persisting	persist
persists	persist
personages	personage
personalities	personality
personalized	personalize
personalizes	personalize
personalizing	personalize
personas	persona
personifications	personification
personified	personify
personifies	personify
personifying	personify
persons	person
perspectives	perspective
perspired	perspire
perspires	perspire
perspiring	perspire
persuaded	persuade
persuaders	persuader
persuades	persuade
persuading	persuade
persuasions	persuasion
pertained	pertain
pertaining	pertain
pertains	pertain
perturbations	perturbation
perturbed	perturb
perturbing	perturb
perturbs	perturb
perusals	perusal
perused	peruse
peruses	peruse
perusing	peruse
peruvians	peruvian
pervaded	pervade
pervades	pervade
pervading	pervade
perversest	perverse
perversions	perversion
perversities	perversity
perverted	pervert
perverting	pervert
perverts	pervert
pes	pe
peskiest	pesky
pessimists	pessimist
pestered	pester
pestering	pester
pesters	pester
pesticides	pesticide
pestilences	pestilence
pestled	pestle
pestles	pestle
pestling	pestle
pests	pest
petalled	petal
petalling	petal
petals	petal
petarding	petard
petards	petard
petered	peter
peters	peter
petioles	petiole
petites	petite
petitioned	petition
petitioners	petitioner
petitioning	petition
petitions	petition
petrels	petrel
petrified	petrify
petrifies	petrify
petrifying	petrify
petrochemicals	petrochemical
petroglyphs	petroglyph
petrols	petrol
pets	pet
petted	pet
petticoats	petticoat
pettier	petty
pettiest	petty
petting	pet
pettys	petty
petulances	petulance
petunias	petunia
pews	pew
pewtered	pewter
phaetons	phaeton
phages	phage
phalanxes	phalanx
phalaropes	phalarope
phantasied	phantasy
phantasies	phantasy
phantasmagorias	phantasmagoria
phantasmagoricals	phantasmagorical
phantasms	phantasm
phantoms	phantom
pharaohs	pharaoh
pharisees	pharisee
pharmaceuticals	pharmaceutical
pharmacies	pharmacy
pharmacists	pharmacist
pharmacokinetics	pharmacokinetic
pharmacologists	pharmacologist
pharyngeals	pharyngeal
phased	phase
phasers	phaser
phases	phase
phasing	phase
phasings	phasing
phds	phd
pheasants	pheasant
phenolics	phenolic
phenols	phenol
phenomena	phenomenon
phenomenologists	phenomenologist
phenotypes	phenotype
pheromones	pheromone
phials	phial
philadelphians	philadelphian
philandered	philander
philandering	philander
philanders	philander
philanthropies	philanthropy
philanthropists	philanthropist
philatelists	philatelist
philistines	philistine
philodendrons	philodendron
philologists	philologist
philosophers	philosopher
philosophes	philosophe
philosophies	philosophy
philosophized	philosophize
philosophizes	philosophize
philosophizing	philosophize
phloxes	phlox
phobias	phobia
phobics	phobic
phoenicians	phoenician
phoenixes	phoenix
phone-ins	phone-in
phonebooks	phonebook
phoned	phone
phonemes	phoneme
phones	phone
phoneys	phoney
phonics	phonic
phonies	phony
phoniest	phony
phoning	phone
phonographs	phonograph
phonologies	phonology
phosphatases	phosphatase
phosphates	phosphate
phosphating	phosphate
phospholipids	phospholipid
phosphors	phosphor
photocells	photocell
photochemicals	photochemical
photocopied	photocopy
photocopiers	photocopier
photocopies	photocopy
photocopying	photocopy
photodiodes	photodiode
photographed	photograph
photographers	photographer
photographing	photograph
photographs	photograph
photojournalists	photojournalist
photometers	photometer
photomicrographs	photomicrograph
photomontages	photomontage
photonics	photonic
photons	photon
photoreceptors	photoreceptor
photos	photo
photostats	photostat
photostatted	photostat
photostatting	photostat
photosynthesized	photosynthesize
photosynthesizing	photosynthesize
photovoltaics	photovoltaic
phrased	phrase
phraseologies	phraseology
phrases	phrase
phrasing	phrase
phrasings	phrasing
phrenologists	phrenologist
phylacteries	phylactery
phylogenies	phylogeny
physicians	physician
physicists	physicist
physiognomies	physiognomy
physiologists	physiologist
physiotherapists	physiotherapist
physiques	physique
phytoliths	phytolith
pianissimos	pianissimo
pianists	pianist
pianofortes	pianoforte
pianos	piano
piazzas	piazza
picas	pica
piccolos	piccolo
pickaxes	pickax
picked	pick
pickering	picker
pickers	picker
picketed	picket
picketing	picket
pickets	picket
picketted	picket
picking	pick
pickings	picking
pickled	pickle
pickles	pickle
pickling	pickle
pickpockets	pickpocket
picks	pick
pickups	pickup
picnicked	picnic
picnickers	picnicker
picnicking	picnic
picnics	picnic
picoseconds	picosecond
pics	pic
pictograms	pictogram
pictorials	pictorial
pictured	picture
pictures	picture
picturing	picture
piddled	piddle
piddles	piddle
piddling	piddle
pidgins	pidgin
piebalds	piebald
pieced	piece
pieces	piece
piecing	piece
pieds	pied
pierced	pierce
pierces	pierce
piercing	pierce
piercings	piercing
piers	pier
pies	pie
pietas	pieta
pieties	piety
pigeonholed	pigeonhole
pigeonholes	pigeonhole
pigeonholing	pigeonhole
pigeons	pigeon
pigged	pig
piggies	piggy
pigging	pig
piggybacked	piggyback
piggybacking	piggyback
piggybacks	piggyback
piglets	piglet
pigmenting	pigment
pigments	pigment
pigs	pig
pigsties	pigsty
pigtails	pigtail
pikas	pika
piked	pike
pikes	pike
piking	pike
pilafs	pilaf
pilastered	pilaster
pilasters	pilaster
piled	pile
piles	pile
pilfered	pilfer
pilfering	pilfer
pilfers	pilfer
pilgrimages	pilgrimage
pilgrims	pilgrim
piling	pile
pillaged	pillage
pillages	pillage
pillaging	pillage
pillagings	pillaging
pillars	pillar
pillboxes	pillbox
pilloried	pillory
pillories	pillory
pillorying	pillory
pillowcases	pillowcase
pillowed	pillow
pillowing	pillow
pillows	pillow
pills	pill
piloted	pilot
piloting	pilot
pilots	pilot
pimentos	pimento
pimientos	pimiento
pimped	pimp
pimping	pimp
pimples	pimple
pimpliest	pimply
pimps	pimp
pinafored	pinafore
pinafores	pinafore
pinballs	pinball
pinched	pinch
pinches	pinch
pinching	pinch
pincushions	pincushion
pineapples	pineapple
pinecones	pinecone
pined	pine
pines	pine
pinewoods	pinewood
pinged	ping
pinging	ping
pings	ping
pinholes	pinhole
pining	pine
pinioned	pinion
pinioning	pinion
pinions	pinion
pinked	pink
pinker	pink
pinkies	pinky
pinking	pink
pinks	pink
pinnaces	pinnace
pinnacled	pinnacle
pinnacles	pinnacle
pinnacling	pinnacle
pinned	pin
pinning	pin
pinpointed	pinpoint
pinpointing	pinpoint
pinpoints	pinpoint
pinpricks	pinprick
pins	pin
pinstriped	pinstripe
pinstripes	pinstripe
pintails	pintail
pintos	pinto
pints	pint
pinwheels	pinwheel
pioneered	pioneer
pioneering	pioneer
pioneers	pioneer
pions	pion
piped	pipe
pipefishes	pipefish
pipelined	pipeline
pipelines	pipeline
pipelining	pipeline
pipers	piper
pipes	pipe
pipettes	pipette
piping	pipe
pipings	piping
pipsqueaks	pipsqueak
piqued	pique
piques	pique
piquing	pique
piracies	piracy
piranhas	piranha
pirated	pirate
pirates	pirate
pirating	pirate
pirogues	pirogue
pirouetted	pirouette
pirouettes	pirouette
pirouetting	pirouette
pis	pi
pissed	piss
pisses	piss
pissing	piss
pissings	pissing
pistachios	pistachio
pistes	piste
pistils	pistil
pistols	pistol
pistoned	piston
pistoning	piston
pistons	piston
pitched	pitch
pitchers	pitcher
pitches	pitch
pitchforked	pitchfork
pitchforking	pitchfork
pitchforks	pitchfork
pitching	pitch
pitchmen	pitchman
pitfalls	pitfall
pithed	pith
pithiest	pithy
pithing	pith
piths	pith
pitied	pity
pities	pity
pitons	piton
pits	pit
pittances	pittance
pitted	pit
pitting	pit
pituitaries	pituitary
pitying	pity
pivoted	pivot
pivoting	pivot
pivots	pivot
pixels	pixel
pixies	pixy
pizzas	pizza
pizzerias	pizzeria
placarded	placard
placarding	placard
placards	placard
placated	placate
placates	placate
placating	placate
placebos	placebo
placed	place
placemats	placemat
placements	placement
placentals	placental
placentas	placenta
placers	placer
places	place
placing	place
placings	placing
plages	plage
plagiarisms	plagiarism
plagiarists	plagiarist
plagiarized	plagiarize
plagiarizes	plagiarize
plagiarizing	plagiarize
plagued	plague
plagues	plague
plaguing	plague
plaids	plaid
plained	plain
plainer	plain
plainest	plain
plaining	plain
plains	plain
plaintiffs	plaintiff
plaints	plaint
plaited	plait
plaiting	plait
plaits	plait
planed	plane
planeloads	planeload
planers	planer
planes	plane
planetaries	planetary
planetariums	planetarium
planetesimals	planetesimal
planetoids	planetoid
planets	planet
planing	plane
planings	planing
planked	plank
planking	plank
planks	plank
planned	plan
planners	planner
planning	plan
plans	plan
plantains	plantain
plantations	plantation
planted	plant
planters	planter
planting	plant
plantings	planting
plantlets	plantlet
plants	plant
plantsmen	plantsman
plaques	plaque
plashed	plash
plashes	plash
plashing	plash
plasmas	plasma
plasmids	plasmid
plasms	plasm
plasterboards	plasterboard
plastered	plaster
plasterers	plasterer
plastering	plaster
plasters	plaster
plasticizers	plasticizer
plastics	plastic
plastiques	plastique
plateaus	plateau
plated	plate
platefuls	plateful
platelets	platelet
plates	plate
platforms	platform
plating	plate
platinums	platinum
platitudes	platitude
platonics	platonic
platoons	platoon
plats	plat
platters	platter
plaudits	plaudit
plausibilities	plausibility
playacted	playact
playacting	playact
playacts	playact
playbacks	playback
playbills	playbill
playbooks	playbook
playboys	playboy
played	play
playeds	played
players	player
playgoers	playgoer
playgrounds	playground
playgroups	playgroup
playhouses	playhouse
playing	play
playings	playing
playlisted	playlist
playlisting	playlist
playlists	playlist
playmakers	playmaker
playmates	playmate
playoffs	playoff
playpens	playpen
playrooms	playroom
plays	play
playthings	plaything
playtimes	playtime
playwrighting	playwright
playwrights	playwright
plazas	plaza
plcs	plc
pleaded	plead
pleaders	pleader
pleading	plead
pleadings	pleading
pleads	plead
pleas	plea
pleasanter	pleasant
pleasantest	pleasant
pleasantries	pleasantry
pleased	please
pleasers	pleaser
pleases	please
pleasing	please
pleasures	pleasure
pleasuring	pleasure
pleated	pleat
pleating	pleat
pleats	pleat
plebeians	plebeian
plebiscites	plebiscite
plebs	pleb
pledged	pledge
pledges	pledge
pledging	pledge
plenaries	plenary
plenipotentiaries	plenipotentiary
plesiosaurs	plesiosaur
plied	ply
plies	ply
plighted	plight
plighting	plight
plights	plight
plinths	plinth
plodded	plod
plodders	plodder
plodding	plod
plods	plod
plonked	plonk
plonking	plonk
plonks	plonk
plopped	plop
plopping	plop
plops	plop
plotlines	plotline
plots	plot
plotted	plot
plotters	plotter
plotting	plot
ploughed	plough
ploughing	plough
ploughmen	ploughman
ploughs	plough
plovers	plover
plowed	plow
plowing	plow
plows	plow
ployed	ploy
ploys	ploy
plucked	pluck
pluckiest	plucky
plucking	pluck
pluckings	plucking
plucks	pluck
plugged	plug
pluggers	plugger
plugging	plug
plugs	plug
plumaged	plumage
plumages	plumage
plumbed	plumb
plumbers	plumber
plumbing	plumb
plumbings	plumbing
plumbs	plumb
plumed	plume
plumes	plume
pluming	plume
plummeted	plummet
plummeting	plummet
plummets	plummet
plummetted	plummet
plumped	plump
plumper	plump
plumpest	plump
plumping	plump
plumps	plump
plums	plum
plundered	plunder
plunderers	plunderer
plundering	plunder
plunderings	plundering
plunders	plunder
plunged	plunge
plungers	plunger
plunges	plunge
plunging	plunge
plungings	plunging
plunked	plunk
plunking	plunk
plunks	plunk
pluralisms	pluralism
pluralists	pluralist
pluralities	plurality
plurals	plural
pluses	plus
plusher	plush
plushest	plush
plutocrats	plutocrat
plying	ply
plywoods	plywood
pms	pm
pneumatics	pneumatic
pneumonias	pneumonia
poached	poach
poachers	poacher
poaches	poach
poaching	poach
pocked	pock
pocketed	pocket
pocketfuls	pocketful
pocketing	pocket
pockets	pocket
pockmarked	pockmark
pockmarking	pockmark
pockmarks	pockmark
pocks	pock
podded	pod
podding	pod
podiums	podium
pods	pod
poems	poem
poetesses	poetess
poetics	poetic
poets	poet
pogroms	pogrom
poing	po
poinsettias	poinsettia
pointed	point
pointers	pointer
pointes	pointe
pointier	pointy
pointing	point
pointings	pointing
points	point
poised	poise
poises	poise
poising	poise
poisoned	poison
poisoners	poisoner
poisoning	poison
poisonings	poisoning
poisons	poison
poked	poke
pokers	poker
pokes	poke
poking	poke
pokings	poking
polarities	polarity
polarizations	polarization
polarized	polarize
polarizers	polarizer
polarizes	polarize
polarizing	polarize
polars	polar
polecats	polecat
poled	pole
polemicists	polemicist
polemics	polemic
poles	pole
policed	police
policemen	policeman
polices	police
policewomen	policewoman
policies	policy
policing	police
policyholders	policyholder
policymakers	policymaker
poling	pole
polios	polio
polished	polish
polishers	polisher
polishes	polish
polishing	polish
politburos	politburo
politenesses	politeness
politer	polite
politest	polite
politicians	politician
politicizations	politicization
politicized	politicize
politicizes	politicize
politicizing	politicize
politicos	politico
polities	polity
polkaed	polka
polkaing	polka
polkas	polka
polled	poll
pollens	pollen
pollinated	pollinate
pollinates	pollinate
pollinating	pollinate
pollinators	pollinator
polling	poll
pollocks	pollock
polls	poll
pollsters	pollster
pollutants	pollutant
polluted	pollute
polluters	polluter
pollutes	pollute
polluting	pollute
pollutions	pollution
polonaises	polonaise
polos	polo
pols	pol
poltergeists	poltergeist
poltroons	poltroon
polyamides	polyamide
polycarbonates	polycarbonate
polychaetes	polychaete
polychromed	polychrome
polychromes	polychrome
polychroming	polychrome
polyesters	polyester
polyethylenes	polyethylene
polygamists	polygamist
polygons	polygon
polygraphs	polygraph
polyhedrons	polyhedron
polymaths	polymath
polymerases	polymerase
polymerizations	polymerization
polymers	polymer
polymorphisms	polymorphism
polynesians	polynesian
polynomials	polynomial
polypeptides	polypeptide
polyps	polyp
polyptychs	polyptych
polys	poly
polysaccharides	polysaccharide
polystyrenes	polystyrene
polytechnics	polytechnic
polytheisms	polytheism
polyurethanes	polyurethane
pomaded	pomade
pomades	pomade
pomading	pomade
pomegranates	pomegranate
pommelled	pommel
pommelling	pommel
pommels	pommel
pompeians	pompeian
pompons	pompon
pomposities	pomposity
pomps	pomp
ponces	ponce
ponchos	poncho
poncing	ponce
pondered	ponder
pondering	ponder
ponders	ponder
ponds	pond
pongs	pong
ponies	pony
pontiffs	pontiff
pontificals	pontifical
pontificated	pontificate
pontificates	pontificate
pontificating	pontificate
pontooning	pontoon
pontoons	pontoon
ponytails	ponytail
pooches	pooch
poodled	poodle
poodles	poodle
poodling	poodle
poofs	poof
pooing	poo
pooled	pool
pooling	pool
poolrooms	poolroom
pools	pool
poolsides	poolside
pooped	poop
pooping	poop
poops	poop
poorer	poor
poorest	poor
poorhouses	poorhouse
poos	poo
popes	pope
poplars	poplar
popped	pop
poppers	popper
poppets	poppet
poppies	poppy
poppiest	poppy
popping	pop
pops	pop
popsicles	popsicle
popularizations	popularization
popularized	popularize
popularizers	popularizer
popularizes	popularize
popularizing	popularize
populars	popular
populated	populate
populates	populate
populating	populate
populations	population
populisms	populism
populists	populist
porcelains	porcelain
porches	porch
porcupined	porcupine
porcupines	porcupine
pored	pore
pores	pore
poring	pore
porkers	porker
porkies	porky
porking	pork
pornographers	pornographer
pornos	porno
porosities	porosity
porpoised	porpoise
porpoises	porpoise
porpoising	porpoise
porridges	porridge
portables	portable
portaged	portage
portages	portage
portals	portal
ported	port
portended	portend
portending	portend
portends	portend
portents	portent
porters	porter
portfolios	portfolio
portholes	porthole
porticos	portico
porting	port
portioned	portion
portioning	portion
portions	portion
portmanteaus	portmanteau
portraitists	portraitist
portraits	portrait
portrayals	portrayal
portrayed	portray
portraying	portray
portrays	portray
ports	port
pos	po
posed	pose
posers	poser
poses	pose
poseurs	poseur
poshed	posh
posher	posh
poshest	posh
posies	posy
posing	pose
posited	posit
positing	posit
positioned	position
positioning	position
positionings	positioning
positions	position
positives	positive
positivists	positivist
positrons	positron
posits	posit
possessed	possess
possesses	possess
possessing	possess
possessions	possession
possessives	possessive
possessors	possessor
possibilities	possibility
possums	possum
postages	postage
postals	postal
postboxes	postbox
postcards	postcard
postcoded	postcode
postcodes	postcode
postcoding	postcode
postdated	postdate
postdates	postdate
postdating	postdate
postdoctorals	postdoctoral
posted	post
posteriors	posterior
posterns	postern
posters	poster
postgraduates	postgraduate
postholes	posthole
posting	post
postings	posting
postmarked	postmark
postmarks	postmark
postmasters	postmaster
postmen	postman
postmistresses	postmistress
postmodernists	postmodernist
postponed	postpone
postponements	postponement
postpones	postpone
postponing	postpone
posts	post
postscripts	postscript
postulants	postulant
postulated	postulate
postulates	postulate
postulating	postulate
postured	posture
postures	posture
posturing	posture
posturings	posturing
potations	potation
potatoes	potato
potbellied	potbelly
potboilers	potboiler
potencies	potency
potentates	potentate
potentialities	potentiality
potentials	potential
potentiated	potentiate
potentiates	potentiate
potentiating	potentiate
potentillas	potentilla
potentiometers	potentiometer
potholders	potholder
potholed	pothole
potholes	pothole
potholing	pothole
potions	potion
potpourris	potpourri
pots	pot
potsherds	potsherd
potshots	potshot
pottages	pottage
potted	pot
pottered	potter
potteries	pottery
pottering	potter
potters	potter
potties	potty
potting	pot
pouched	pouch
pouches	pouch
pouching	pouch
poufs	pouf
poulticed	poultice
poultices	poultice
poulticing	poultice
poultries	poultry
pounced	pounce
pounces	pounce
pouncing	pounce
poundages	poundage
pounded	pound
pounders	pounder
pounding	pound
poundings	pounding
pounds	pound
poured	pour
pouring	pour
pours	pour
pouted	pout
pouting	pout
pouts	pout
powdered	powder
powdering	powder
powders	powder
powerboating	powerboat
powerboats	powerboat
powered	power
powerhouses	powerhouse
powering	power
powers	power
pows	pow
powwowed	powwow
powwowing	powwow
powwows	powwow
poxed	pox
practicalities	practicality
practicals	practical
practiced	practice
practices	practice
practicing	practice
practised	practise
practises	practise
practising	practise
practitioners	practitioner
praetorians	praetorian
pragmatists	pragmatist
praised	praise
praises	praise
praising	praise
pralines	praline
prammed	pram
prams	pram
pranced	prance
prances	prance
prancing	prance
prancings	prancing
prangs	prang
pranked	prank
pranking	prank
pranks	prank
pranksters	prankster
prated	prate
prater	prate
prates	prate
pratfalls	pratfall
prating	prate
prattled	prattle
prattles	prattle
prattling	prattle
prawns	prawn
prayed	pray
prayers	prayer
praying	pray
prays	pray
preached	preach
preachers	preacher
preaches	preach
preaching	preach
preachings	preaching
preambles	preamble
preamplifiers	preamplifier
precautions	precaution
preceded	precede
precedences	precedence
precedents	precedent
precedes	precede
preceding	precede
precepted	precept
precepting	precept
preceptors	preceptor
precepts	precept
precincted	precinct
precincts	precinct
precipices	precipice
precipitants	precipitant
precipitated	precipitate
precipitates	precipitate
precipitating	precipitate
precipitations	precipitation
precised	precis
precises	precis
precising	precis
precisions	precision
precluded	preclude
precludes	preclude
precluding	preclude
precognitions	precognition
preconceptions	preconception
preconditioned	precondition
preconditioning	precondition
preconditions	precondition
precooked	precook
precooking	precook
precooks	precook
precursors	precursor
predated	predate
predates	predate
predating	predate
predations	predation
predators	predator
predeceased	predecease
predeceases	predecease
predeceasing	predecease
predecessors	predecessor
predestined	predestine
predestines	predestine
predestining	predestine
predetermined	predetermine
predetermines	predetermine
predetermining	predetermine
predicaments	predicament
predicated	predicate
predicates	predicate
predicating	predicate
predications	predication
predicted	predict
predicting	predict
predictions	prediction
predictors	predictor
predicts	predict
predilections	predilection
predisposed	predispose
predisposes	predispose
predisposing	predispose
predispositions	predisposition
predominated	predominate
predominates	predominate
predominating	predominate
preempted	preempt
preempting	preempt
preempts	preempt
preened	preen
preening	preen
preens	preen
preexisted	preexist
preexisting	preexist
preexists	preexist
prefabs	prefab
prefaced	preface
prefaces	preface
prefacing	preface
prefects	prefect
prefectures	prefecture
preferences	preference
preferments	preferment
preferred	prefer
preferring	prefer
prefers	prefer
prefigurations	prefiguration
prefigured	prefigure
prefigures	prefigure
prefiguring	prefigure
prefixed	prefix
prefixes	prefix
prefixing	prefix
preformed	preform
preforming	preform
preforms	preform
pregnancies	pregnancy
preheated	preheat
preheating	preheat
preheats	preheat
prejudged	prejudge
prejudges	prejudge
prejudging	prejudge
prejudgments	prejudgment
prejudiced	prejudice
prejudices	prejudice
prejudicing	prejudice
prelates	prelate
preliminaries	preliminary
prelims	prelim
preloaded	preload
preloading	preload
preluded	prelude
preludes	prelude
preluding	prelude
premeditated	premeditate
premeditates	premeditate
premeditating	premeditate
premiered	premier
premieres	premiere
premiering	premier
premiers	premier
premierships	premiership
premised	premise
premises	premise
premising	premise
premiums	premium
premonitions	premonition
preoccupations	preoccupation
preoccupied	preoccupy
preoccupies	preoccupy
preoccupying	preoccupy
preordained	preordain
preordaining	preordain
preordains	preordain
prepaid	prepay
preparations	preparation
prepared	prepare
preparers	preparer
prepares	prepare
preparing	prepare
prepaying	prepay
prepayments	prepayment
prepays	prepay
preponderated	preponderate
preponderates	preponderate
preponderating	preponderate
prepositions	preposition
prepped	prep
prepping	prep
preps	prep
prequels	prequel
prerecorded	prerecord
prerecording	prerecord
prerecords	prerecord
prerequisites	prerequisite
prerogatives	prerogative
presaged	presage
presages	presage
presaging	presage
presbyterians	presbyterian
presbyteries	presbytery
presbyters	presbyter
preschoolers	preschooler
prescribed	prescribe
prescribes	prescribe
prescribing	prescribe
prescriptions	prescription
prescriptives	prescriptive
presences	presence
presentations	presentation
presented	present
presenters	presenter
presentiments	presentiment
presenting	present
presentments	presentment
presents	present
preservationists	preservationist
preservations	preservation
preservatives	preservative
preserved	preserve
preservers	preserver
preserves	preserve
preserving	preserve
presets	preset
presetting	preset
presided	preside
presidencies	presidency
presidents	president
presides	preside
presiding	preside
presidiums	presidium
pressed	press
pressers	presser
presses	press
pressing	press
pressings	pressing
pressmen	pressman
pressured	pressure
pressures	pressure
pressuring	pressure
pressurized	pressurize
pressurizes	pressurize
pressurizing	pressurize
presumed	presume
presumes	presume
presuming	presume
presumptions	presumption
presupposed	presuppose
presupposes	presuppose
presupposing	presuppose
presuppositions	presupposition
pretences	pretence
pretended	pretend
pretenders	pretender
pretending	pretend
pretends	pretend
pretenses	pretense
pretensions	pretension
pretexts	pretext
prettier	pretty
prettiest	pretty
prettinesses	prettiness
pretzels	pretzel
prevailed	prevail
prevailing	prevail
prevails	prevail
prevalences	prevalence
prevaricated	prevaricate
prevaricates	prevaricate
prevaricating	prevaricate
prevarications	prevarication
prevented	prevent
preventers	preventer
preventing	prevent
preventions	prevention
preventives	preventive
prevents	prevent
previewed	preview
previewing	preview
previews	preview
preyed	prey
preying	prey
preys	prey
priced	price
prices	price
pricier	pricy
priciest	pricy
pricing	price
pricked	prick
pricking	prick
prickings	pricking
prickled	prickle
prickles	prickle
pricklier	prickly
prickling	prickle
pricks	prick
prided	pride
prides	pride
priding	pride
pried	pry
priestesses	priestess
priesthoods	priesthood
priests	priest
prigs	prig
primacies	primacy
primaries	primary
primas	prima
primates	primate
primatologists	primatologist
primed	prime
primers	primer
primes	prime
priming	prime
primitives	primitive
primmed	prim
primmer	prim
primmest	prim
primming	prim
primos	primo
primped	primp
primping	primp
primps	primp
primroses	primrose
prims	prim
primulas	primula
princedoms	princedom
princeliest	princely
princelings	princeling
princes	prince
princesses	princess
principalities	principality
principals	principal
principles	principle
printed	print
printers	printer
printing	print
printings	printing
printmakers	printmaker
printouts	printout
prints	print
prions	prion
priories	priory
priorities	priority
prioritized	prioritize
prioritizes	prioritize
prioritizing	prioritize
priors	prior
prised	prise
prises	prise
prising	prise
prisms	prism
prisoners	prisoner
prisons	prison
privacies	privacy
privateering	privateer
privateers	privateer
privates	private
privations	privation
privatizations	privatization
privatized	privatize
privatizes	privatize
privatizing	privatize
privets	privet
privies	privy
privileged	privilege
privileges	privilege
privileging	privilege
prized	prize
prizefighters	prizefighter
prizefighting	prizefight
prizefights	prizefight
prizes	prize
prizing	prize
probabilities	probability
probables	probable
probated	probate
probates	probate
probating	probate
probationers	probationer
probations	probation
probed	probe
probes	probe
probing	probe
probings	probing
problematics	problematic
problems	problem
procedurals	procedural
procedures	procedure
proceeded	proceed
proceeding	proceed
proceedings	proceeding
proceeds	proceed
processed	process
processes	process
processing	process
processions	procession
processors	processor
proclaimed	proclaim
proclaiming	proclaim
proclaims	proclaim
proclamations	proclamation
proclivities	proclivity
proconsuls	proconsul
procrastinated	procrastinate
procrastinates	procrastinate
procrastinating	procrastinate
procrastinations	procrastination
procrastinators	procrastinator
procreated	procreate
procreates	procreate
procreating	procreate
proctored	proctor
proctoring	proctor
proctors	proctor
procurators	procurator
procured	procure
procurements	procurement
procurers	procurer
procures	procure
procuring	procure
prodded	prod
prodding	prod
proddings	prodding
prodigies	prodigy
prods	prod
produced	produce
producers	producer
produces	produce
producing	produce
productions	production
productivities	productivity
products	product
profaned	profane
profanes	profane
profaning	profane
profanities	profanity
professed	profess
professes	profess
professing	profess
professionalisms	professionalism
professionals	professional
professions	profession
professors	professor
professorships	professorship
proffered	proffer
proffering	proffer
proffers	proffer
proficiencies	proficiency
profiled	profile
profiles	profile
profiling	profile
profitabilities	profitability
profited	profit
profiteered	profiteer
profiteering	profiteer
profiteers	profiteer
profiteroles	profiterole
profiting	profit
profits	profit
profligates	profligate
profounder	profound
profoundest	profound
profundities	profundity
progenies	progeny
progenitors	progenitor
progged	prog
prognosticated	prognosticate
prognosticates	prognosticate
prognosticating	prognosticate
prognostications	prognostication
programmed	program
programmers	programmer
programmes	programme
programming	program
programs	program
progressed	progress
progresses	progress
progressing	progress
progressions	progression
progressives	progressive
progs	prog
prohibited	prohibit
prohibiting	prohibit
prohibitionists	prohibitionist
prohibitions	prohibition
prohibits	prohibit
projected	project
projectiles	projectile
projecting	project
projectionists	projectionist
projections	projection
projectors	projector
projects	project
prokaryotes	prokaryote
prolapsed	prolapse
prolapses	prolapse
prolapsing	prolapse
proles	prole
proletarians	proletarian
proletariats	proletariat
proliferated	proliferate
proliferates	proliferate
proliferating	proliferate
proliferations	proliferation
prolines	proline
prologues	prologue
prolongations	prolongation
prolonged	prolong
prolonging	prolong
prolongs	prolong
promenaded	promenade
promenades	promenade
promenading	promenade
prominences	prominence
prominents	prominent
promised	promise
promises	promise
promising	promise
promontories	promontory
promos	promo
promoted	promote
promoters	promoter
promotes	promote
promoting	promote
promotionals	promotional
promotions	promotion
prompted	prompt
prompter	prompt
prompting	prompt
promptings	prompting
prompts	prompt
proms	prom
promulgated	promulgate
promulgates	promulgate
promulgating	promulgate
promulgations	promulgation
prongs	prong
pronounced	pronounce
pronouncements	pronouncement
pronounces	pronounce
pronouncing	pronounce
pronouns	pronoun
pronunciations	pronunciation
proofed	proof
proofing	proof
proofreaders	proofreader
proofreading	proofread
proofreads	proofread
proofs	proof
propagandists	propagandist
propagandized	propagandize
propagandizes	propagandize
propagandizing	propagandize
propagated	propagate
propagates	propagate
propagating	propagate
propagations	propagation
propagators	propagator
propellants	propellant
propelled	propel
propellers	propeller
propelling	propel
propels	propel
propensities	propensity
properties	property
prophecies	prophecy
prophesied	prophesy
prophesies	prophesy
prophesying	prophesy
prophetesses	prophetess
prophets	prophet
prophylactics	prophylactic
propitiated	propitiate
propitiates	propitiate
propitiating	propitiate
proponents	proponent
proportionalities	proportionality
proportioned	proportion
proportioning	proportion
proportions	proportion
proposals	proposal
proposed	propose
proposers	proposer
proposes	propose
proposing	propose
propositioned	proposition
propositioning	proposition
propositions	proposition
propounded	propound
propounding	propound
propounds	propound
propped	prop
propping	prop
proprieties	propriety
proprietors	proprietor
proprietorships	proprietorship
proprietresses	proprietress
props	prop
prorogued	prorogue
prorogues	prorogue
proroguing	prorogue
pros	pro
proscribed	proscribe
proscribes	proscribe
proscribing	proscribe
proscriptions	proscription
prosecuted	prosecute
prosecutes	prosecute
prosecuting	prosecute
prosecutions	prosecution
prosecutors	prosecutor
proselytized	proselytize
proselytizers	proselytizer
proselytizes	proselytize
proselytizing	proselytize
proses	prose
prosing	prose
prosodics	prosodic
prosodies	prosody
prospected	prospect
prospecting	prospect
prospectives	prospective
prospectors	prospector
prospects	prospect
prospered	prosper
prospering	prosper
prosperities	prosperity
prospers	prosper
prostaglandins	prostaglandin
prostatectomies	prostatectomy
prostates	prostate
prosthetics	prosthetic
prosthetists	prosthetist
prostituted	prostitute
prostitutes	prostitute
prostituting	prostitute
prostrated	prostrate
prostrates	prostrate
prostrating	prostrate
prostrations	prostration
protagonists	protagonist
proteases	protease
protected	protect
protecting	protect
protectionists	protectionist
protections	protection
protectorates	protectorate
protectors	protector
protects	protect
proteges	protege
proteinases	proteinase
proteins	protein
protestants	protestant
protestations	protestation
protested	protest
protesters	protester
protesting	protest
protestors	protestor
protests	protest
protists	protist
protocols	protocol
protons	proton
protostars	protostar
prototypes	prototype
protozoans	protozoan
protracted	protract
protracting	protract
protractors	protractor
protracts	protract
protruded	protrude
protrudes	protrude
protruding	protrude
protrusions	protrusion
protuberances	protuberance
prouder	proud
proudest	proud
proved	prove
provenanced	provenance
provenances	provenance
provenancing	provenance
proverbials	proverbial
proverbs	proverb
proves	prove
provided	provide
providences	providence
providers	provider
provides	provide
providing	provide
provinces	province
provincials	provincial
proving	prove
provings	proving
provisionals	provisional
provisioned	provision
provisioning	provision
provisions	provision
provisos	proviso
provocations	provocation
provoked	provoke
provokes	provoke
provoking	provoke
provosts	provost
prowled	prowl
prowlers	prowler
prowling	prowl
prowlings	prowling
prowls	prowl
prows	prow
proxied	proxy
proxies	proxy
proximities	proximity
prudenter	prudent
prudes	prude
pruned	prune
pruners	pruner
prunes	prune
pruning	prune
prunings	pruning
prussians	prussian
prying	pry
prys	pry
psalmists	psalmist
psalms	psalm
psalters	psalter
pseudonyms	pseudonym
pseudopods	pseudopod
pseudosciences	pseudoscience
psis	psi
psyched	psych
psychedelics	psychedelic
psyches	psych
psychiatrics	psychiatric
psychiatrists	psychiatrist
psychics	psychic
psyching	psych
psychoanalysts	psychoanalyst
psychoanalyzed	psychoanalyze
psychoanalyzes	psychoanalyze
psychoanalyzing	psychoanalyze
psychodramas	psychodrama
psychodynamics	psychodynamic
psycholinguistics	psycholinguistic
psycholinguists	psycholinguist
psychologies	psychology
psychologists	psychologist
psychometrics	psychometric
psychopaths	psychopath
psychos	psycho
psychotherapies	psychotherapy
psychotherapists	psychotherapist
psychotics	psychotic
psychotropics	psychotropic
pterodactyls	pterodactyl
pterosaurs	pterosaur
ptolemaics	ptolemaic
publicans	publican
publications	publication
publicists	publicist
publicized	publicize
publicizes	publicize
publicizing	publicize
published	publish
publishers	publisher
publishes	publish
publishing	publish
pubs	pub
puces	puce
puckered	pucker
puckering	pucker
puckers	pucker
puddings	pudding
puddled	puddle
puddles	puddle
puddling	puddle
pudgier	pudgy
puds	pud
pueblos	pueblo
puffballs	puffball
puffed	puff
puffers	puffer
puffier	puffy
puffing	puff
puffings	puffing
puffins	puffin
puffs	puff
pugging	pug
pugilists	pugilist
pugs	pug
pujas	puja
puked	puke
pukes	puke
puking	puke
pulitzers	pulitzer
pulled	pull
pullers	puller
pullets	pullet
pulleys	pulley
pulling	pull
pullings	pulling
pullovers	pullover
pulls	pull
pullulated	pullulate
pullulates	pullulate
pullulating	pullulate
pulped	pulp
pulping	pulp
pulpits	pulpit
pulps	pulp
pulsars	pulsar
pulsated	pulsate
pulsates	pulsate
pulsating	pulsate
pulsations	pulsation
pulsed	pulse
pulses	pulse
pulsing	pulse
pulsings	pulsing
pulverized	pulverize
pulverizes	pulverize
pulverizing	pulverize
pumas	puma
pumiced	pumice
pumices	pumice
pumicing	pumice
pummelled	pummel
pummelling	pummel
pummels	pummel
pumped	pump
pumping	pump
pumpkins	pumpkin
pumps	pump
punchbowls	punchbowl
punched	punch
punchers	puncher
punches	punch
punchier	punchy
punching	punch
punchlines	punchline
punctuated	punctuate
punctuates	punctuate
punctuating	punctuate
punctuations	punctuation
punctured	puncture
punctures	puncture
puncturing	puncture
pundits	pundit
punier	puny
puniest	puny
punished	punish
punishers	punisher
punishes	punish
punishing	punish
punishments	punishment
punjabis	punjabi
punkier	punky
punks	punk
punned	pun
punning	pun
puns	pun
punted	punt
punters	punter
punting	punt
punts	punt
pupated	pupate
pupates	pupate
pupating	pupate
pupils	pupil
pupped	pup
puppeteers	puppeteer
puppets	puppet
puppies	puppy
pupping	pup
pups	pup
purchased	purchase
purchasers	purchaser
purchases	purchase
purchasing	purchase
purebreds	purebred
pureed	puree
pureeing	puree
purees	puree
purer	pure
purest	pure
purgatives	purgative
purged	purge
purges	purge
purging	purge
purgings	purging
purifications	purification
purified	purify
purifiers	purifier
purifies	purify
purifying	purify
purines	purine
purists	purist
puritans	puritan
purities	purity
purled	purl
purling	purl
purloined	purloin
purloining	purloin
purloins	purloin
purls	purl
purpled	purple
purpler	purple
purples	purple
purplest	purple
purpling	purple
purported	purport
purporting	purport
purports	purport
purposed	purpose
purposes	purpose
purposing	purpose
purred	purr
purring	purr
purrings	purring
purrs	purr
pursed	purse
pursers	purser
purses	purse
pursing	purse
pursued	pursue
pursuers	pursuer
pursues	pursue
pursuing	pursue
pursuits	pursuit
purveyed	purvey
purveying	purvey
purveyors	purveyor
purveys	purvey
pushed	push
pushers	pusher
pushes	push
pushiest	pushy
pushing	push
pushings	pushing
pushovers	pushover
pushrods	pushrod
pusses	puss
pussies	pussy
pussycats	pussycat
pustules	pustule
putrefactions	putrefaction
putrefied	putrefy
putrefies	putrefy
putrefying	putrefy
putrescibles	putrescible
puts	put
putsches	putsch
putted	putt
puttered	putter
puttering	putter
putters	putter
puttied	putty
putties	putty
putting	put
putts	putt
puttying	putty
puzzled	puzzle
puzzlements	puzzlement
puzzlers	puzzler
puzzles	puzzle
puzzling	puzzle
pvcs	pvc
pygmies	pygmy
pylons	pylon
pylori	pylorus
pyramided	pyramid
pyramiding	pyramid
pyramids	pyramid
pyres	pyre
pyrites	pyrite
pyroclastics	pyroclastic
pyromaniacs	pyromaniac
pyrotechnics	pyrotechnic
pythagoreans	pythagorean
pythons	python
quacked	quack
quacking	quack
quacks	quack
quadrangles	quadrangle
quadrants	quadrant
quadratics	quadratic
quadrilaterals	quadrilateral
quadrilles	quadrille
quadriplegics	quadriplegic
quadrupeds	quadruped
quadrupled	quadruple
quadruples	quadruple
quadruplets	quadruplet
quadrupling	quadruple
quadrupoles	quadrupole
quads	quad
quaffed	quaff
quaffing	quaff
quaffs	quaff
quagmires	quagmire
quailed	quail
quailing	quail
quails	quail
quainter	quaint
quaked	quake
quakers	quaker
quakes	quake
quaking	quake
qualifications	qualification
qualified	qualify
qualifiers	qualifier
qualifies	qualify
qualifying	qualify
qualities	quality
qualms	qualm
quandaries	quandary
quantifications	quantification
quantified	quantify
quantifiers	quantifier
quantifies	quantify
quantifying	quantify
quantities	quantity
quantized	quantize
quantizes	quantize
quantizing	quantize
quarantined	quarantine
quarantines	quarantine
quarantining	quarantine
quarks	quark
quarrelled	quarrel
quarrelling	quarrel
quarrels	quarrel
quarried	quarry
quarries	quarry
quarrying	quarry
quarterbacks	quarterback
quarterdecks	quarterdeck
quartered	quarter
quarterfinals	quarterfinal
quartering	quarter
quarterlies	quarterly
quartermasters	quartermaster
quarters	quarter
quartets	quartet
quartiers	quartier
quartiles	quartile
quartos	quarto
quarts	quart
quartzites	quartzite
quasars	quasar
quashed	quash
quashes	quash
quashing	quash
quatrains	quatrain
quavered	quaver
quavering	quaver
quavers	quaver
quays	quay
quaysides	quayside
queasier	queasy
queened	queen
queening	queen
queens	queen
queered	queer
queerer	queer
queerest	queer
queering	queer
queers	queer
quelled	quell
quelling	quell
quells	quell
quenched	quench
quenches	quench
quenching	quench
quenelles	quenelle
queried	query
queries	query
querying	query
quested	quest
questing	quest
questioned	question
questioners	questioner
questioning	question
questionings	questioning
questionnaires	questionnaire
questions	question
quests	quest
queued	queue
queues	queue
queuing	queue
quibbled	quibble
quibbles	quibble
quibbling	quibble
quickened	quicken
quickening	quicken
quickenings	quickening
quickens	quicken
quicker	quick
quickest	quick
quicksands	quicksand
quids	quid
quieted	quiet
quietened	quieten
quietening	quieten
quietens	quieten
quieter	quiet
quietest	quiet
quieting	quiet
quietists	quietist
quiets	quiet
quilling	quill
quills	quill
quilted	quilt
quilters	quilter
quilting	quilt
quilts	quilt
quinces	quince
quins	quin
quintets	quintet
quintupled	quintuple
quintuples	quintuple
quintuplets	quintuplet
quintupling	quintuple
quipped	quip
quipping	quip
quips	quip
quires	quire
quiring	quire
quirked	quirk
quirkier	quirky
quirkiest	quirky
quirking	quirk
quirks	quirk
quislings	quisling
quits	quit
quitters	quitter
quitting	quit
quivered	quiver
quivering	quiver
quiverings	quivering
quivers	quiver
quizzed	quiz
quizzes	quiz
quizzing	quiz
quotas	quota
quotations	quotation
quoted	quote
quotes	quote
quotients	quotient
quoting	quote
rabbeted	rabbet
rabbeting	rabbet
rabbets	rabbet
rabbinates	rabbinate
rabbis	rabbi
rabbited	rabbit
rabbiting	rabbit
rabbits	rabbit
raccoons	raccoon
racecourses	racecourse
raced	race
racehorses	racehorse
racers	racer
races	race
racetracks	racetrack
racialists	racialist
racier	racy
raciest	racy
racing	race
racisms	racism
racists	racist
racked	rack
racketeered	racketeer
racketeering	racketeer
racketeers	racketeer
rackets	racket
racking	rack
racks	rack
raconteurs	raconteur
racoons	racoon
racquets	racquet
radars	radar
radials	radial
radiances	radiance
radians	radian
radiated	radiate
radiates	radiate
radiating	radiate
radiations	radiation
radiators	radiator
radicalized	radicalize
radicalizes	radicalize
radicalizing	radicalize
radicals	radical
radii	radius
radioactivities	radioactivity
radioed	radio
radiographed	radiograph
radiographing	radiograph
radiographs	radiograph
radioing	radio
radioisotopes	radioisotope
radiologists	radiologist
radiometers	radiometer
radiometrics	radiometric
radionuclides	radionuclide
radios	radio
radishes	radish
rads	rad
raffled	raffle
raffles	raffle
raffling	raffle
rafted	raft
raftered	rafter
raftering	rafter
rafters	rafter
rafting	raft
rafts	raft
ragamuffins	ragamuffin
ragbags	ragbag
raged	rage
rages	rage
ragged	rag
raggies	raggy
ragging	rag
raging	rage
ragouts	ragout
rags	rag
raided	raid
raiders	raider
raiding	raid
raids	raid
railcars	railcar
railed	rail
railheads	railhead
railing	rail
railings	railing
railroaded	railroad
railroading	railroad
railroads	railroad
rails	rail
railways	railway
raiments	raiment
rainbows	rainbow
raincoated	raincoat
raincoats	raincoat
raindrops	raindrop
rained	rain
rainfalls	rainfall
rainforests	rainforest
rainiest	rainy
raining	rain
rains	rain
rainstorms	rainstorm
raised	raise
raisers	raiser
raises	raise
raising	raise
raisings	raising
raisins	raisin
rajahs	rajah
rajas	raja
raked	rake
rakes	rake
raking	rake
rakings	raking
rallied	rally
rallies	rally
rallying	rally
rambled	ramble
ramblers	rambler
rambles	ramble
rambling	ramble
ramblings	rambling
ramekins	ramekin
ramifications	ramification
ramified	ramify
ramifies	ramify
ramifying	ramify
rammed	ram
ramming	ram
rampaged	rampage
rampages	rampage
rampaging	rampage
ramparts	rampart
ramped	ramp
ramping	ramp
ramps	ramp
ramrodded	ramrod
ramrods	ramrod
rams	ram
ramshackled	ramshackle
ran	run
ranched	ranch
ranchers	rancher
ranches	ranch
ranching	ranch
randiest	randy
randomized	randomize
randomizes	randomize
randomizing	randomize
rang	ring
ranged	range
rangelands	rangeland
rangers	ranger
ranges	range
rangier	rangy
ranging	range
ranked	rank
ranking	rank
rankings	ranking
rankled	rankle
rankles	rankle
rankling	rankle
ranks	rank
ransacked	ransack
ransacking	ransack
ransacks	ransack
ransomed	ransom
ransoming	ransom
ransoms	ransom
ranted	rant
ranters	ranter
ranting	rant
rantings	ranting
rants	rant
raped	rape
rapes	rape
raphes	raphe
rapids	rapid
rapiered	rapier
rapiers	rapier
raping	rape
rapists	rapist
rapped	rap
rappelled	rappel
rappelling	rappel
rappels	rappel
rappers	rapper
rapping	rap
rapporteurs	rapporteur
rapports	rapport
raps	rap
raptors	raptor
raptured	rapture
raptures	rapture
rarefactions	rarefaction
rarefied	rarefy
rarefies	rarefy
rarefying	rarefy
rarer	rare
rarest	rare
raring	rare
rarities	rarity
rascals	rascal
rashers	rasher
rashes	rash
raspberries	raspberry
raspberrying	raspberry
rasped	rasp
rasping	rasp
rasps	rasp
rastafarians	rastafarian
rastered	raster
rasters	raster
ratcheted	ratchet
ratcheting	ratchet
ratchets	ratchet
rated	rate
ratepayers	ratepayer
raters	rater
rates	rate
ratifications	ratification
ratified	ratify
ratifies	ratify
ratifying	ratify
rating	rate
ratings	rating
rationales	rationale
rationalists	rationalist
rationalities	rationality
rationalizations	rationalization
rationalized	rationalize
rationalizes	rationalize
rationalizing	rationalize
rationed	ration
rationing	ration
rations	ration
ratios	ratio
rats	rat
rattans	rattan
ratted	rat
ratting	rat
rattled	rattle
rattlers	rattler
rattles	rattle
rattlesnakes	rattlesnake
rattling	rattle
rattlings	rattling
raunchier	raunchy
raunchiest	raunchy
raunching	raunch
ravaged	ravage
ravages	ravage
ravaging	ravage
raved	rave
ravelled	ravel
ravelling	ravel
ravels	ravel
ravened	raven
ravening	raven
ravens	raven
ravers	raver
raves	rave
ravines	ravine
raving	rave
ravings	raving
ravished	ravish
ravishes	ravish
ravishing	ravish
rawest	raw
rayed	ray
raying	ray
rayons	rayon
rays	ray
razed	raze
razes	raze
razing	raze
razors	razor
razzed	razz
razzes	razz
razzing	razz
reabsorbed	reabsorb
reabsorbing	reabsorb
reabsorbs	reabsorb
reached	reach
reaches	reach
reaching	reach
reachings	reaching
reacquainted	reacquaint
reacquired	reacquire
reactances	reactance
reactants	reactant
reacted	react
reacting	react
reactionaries	reactionary
reactions	reaction
reactivated	reactivate
reactivates	reactivate
reactivating	reactivate
reactivities	reactivity
reactors	reactor
reacts	react
readdressed	readdress
readers	reader
readerships	readership
readied	ready
readier	ready
readies	ready
readinesses	readiness
reading	read
readings	reading
readjusted	readjust
readjusting	readjust
readjustments	readjustment
readjusts	readjust
readmissions	readmission
readmitted	readmit
readmitting	readmit
readouts	readout
reads	read
readying	ready
readymades	readymade
reaffirmations	reaffirmation
reaffirmed	reaffirm
reaffirming	reaffirm
reaffirms	reaffirm
reaganites	reaganite
reagents	reagent
realigned	realign
realigning	realign
realignments	realignment
realigns	realign
realised	realise
realises	realise
realising	realise
realisms	realism
realists	realist
realities	reality
realizations	realization
realized	realize
realizes	realize
realizing	realize
reallocated	reallocate
reallocates	reallocate
reallocating	reallocate
reallocations	reallocation
realms	realm
realtors	realtor
reamed	ream
reamers	reamer
reaming	ream
reams	ream
reanimated	reanimate
reanimates	reanimate
reanimating	reanimate
reaped	reap
reapers	reaper
reaping	reap
reappearances	reappearance
reappeared	reappear
reappearing	reappear
reappears	reappear
reappointed	reappoint
reappointing	reappoint
reappointments	reappointment
reappoints	reappoint
reappraisals	reappraisal
reappraised	reappraise
reappraises	reappraise
reappraising	reappraise
reaps	reap
reared	rear
rearguards	rearguard
rearing	rear
rearmed	rearm
rearming	rearm
rearms	rearm
rearranged	rearrange
rearrangements	rearrangement
rearranges	rearrange
rearranging	rearrange
rears	rear
rearticulated	rearticulate
rearticulating	rearticulate
reasoned	reason
reasoners	reasoner
reasoning	reason
reasonings	reasoning
reasons	reason
reassembled	reassemble
reassembles	reassemble
reassembling	reassemble
reasserted	reassert
reasserting	reassert
reasserts	reassert
reassessed	reassess
reassesses	reassess
reassessing	reassess
reassessments	reassessment
reassigned	reassign
reassigning	reassign
reassignments	reassignment
reassigns	reassign
reassumed	reassume
reassumes	reassume
reassurances	reassurance
reassured	reassure
reassures	reassure
reassuring	reassure
reawakened	reawaken
reawakening	reawaken
reawakens	reawaken
rebated	rebate
rebates	rebate
rebating	rebate
rebelled	rebel
rebelling	rebel
rebellions	rebellion
rebels	rebel
rebirthing	rebirth
rebirths	rebirth
rebooted	reboot
rebooting	reboot
reboots	reboot
rebounded	rebound
rebounding	rebound
rebounds	rebound
rebroadcasting	rebroadcast
rebroadcasts	rebroadcast
rebuffed	rebuff
rebuffing	rebuff
rebuffs	rebuff
rebuilders	rebuilder
rebuilding	rebuild
rebuildings	rebuilding
rebuilds	rebuild
rebuilt	rebuild
rebuked	rebuke
rebukes	rebuke
rebuking	rebuke
reburied	rebury
reburies	rebury
reburying	rebury
rebuts	rebut
rebuttals	rebuttal
rebutted	rebut
rebutting	rebut
recalcitrants	recalcitrant
recalculated	recalculate
recalculates	recalculate
recalculating	recalculate
recalculations	recalculation
recalled	recall
recalling	recall
recalls	recall
recantations	recantation
recanted	recant
recanting	recant
recants	recant
recaped	recap
recapitalizations	recapitalization
recapitulated	recapitulate
recapitulates	recapitulate
recapitulating	recapitulate
recapitulations	recapitulation
recapped	recap
recapping	recap
recaps	recap
recaptured	recapture
recaptures	recapture
recapturing	recapture
recasting	recast
recastings	recasting
recasts	recast
recced	rec
receded	recede
recedes	recede
receding	recede
receipted	receipt
receipting	receipt
receipts	receipt
receivables	receivable
received	receive
receivers	receiver
receiverships	receivership
receives	receive
receiving	receive
receptacles	receptacle
receptionists	receptionist
receptions	reception
receptors	receptor
recessed	recess
recesses	recess
recessing	recess
recessions	recession
recessives	recessive
rechargeables	rechargeable
recharged	recharge
recharges	recharge
recharging	recharge
rechargings	recharging
rechristened	rechristen
rechristening	rechristen
recidivists	recidivist
recipes	recipe
recipients	recipient
reciprocals	reciprocal
reciprocated	reciprocate
reciprocates	reciprocate
reciprocating	reciprocate
reciprocations	reciprocation
reciprocities	reciprocity
recirculated	recirculate
recirculating	recirculate
recitals	recital
recitations	recitation
recitatives	recitative
recited	recite
recites	recite
reciting	recite
reckoned	reckon
reckoning	reckon
reckonings	reckoning
reckons	reckon
reclaimed	reclaim
reclaiming	reclaim
reclaims	reclaim
reclamations	reclamation
reclassifications	reclassification
reclassified	reclassify
reclassifies	reclassify
reclassifying	reclassify
reclined	recline
reclines	recline
reclining	recline
recluses	recluse
recoded	recode
recoding	recode
recognised	recognise
recognises	recognise
recognising	recognise
recognitions	recognition
recognizances	recognizance
recognized	recognize
recognizes	recognize
recognizing	recognize
recoiled	recoil
recoiling	recoil
recoils	recoil
recollected	recollect
recollecting	recollect
recollections	recollection
recollects	recollect
recolonized	recolonize
recolonizing	recolonize
recombinants	recombinant
recombinations	recombination
recombined	recombine
recombines	recombine
recombining	recombine
recommenced	recommence
recommences	recommence
recommencing	recommence
recommendations	recommendation
recommended	recommend
recommending	recommend
recommends	recommend
recommitments	recommitment
recommits	recommit
recommitted	recommit
recommitting	recommit
recompensed	recompense
recompenses	recompense
recompensing	recompense
recomposed	recompose
recomposing	recompose
reconciled	reconcile
reconciles	reconcile
reconciliations	reconciliation
reconciling	reconcile
reconditioned	recondition
reconditioning	recondition
reconditions	recondition
reconfigurations	reconfiguration
reconfigured	reconfigure
reconfiguring	reconfigure
reconfirmed	reconfirm
reconfirming	reconfirm
reconfirms	reconfirm
reconnaissances	reconnaissance
reconnected	reconnect
reconnecting	reconnect
reconnects	reconnect
reconnoitered	reconnoiter
reconnoitering	reconnoiter
reconnoiters	reconnoiter
reconquered	reconquer
reconquering	reconquer
reconquers	reconquer
recons	recon
reconsiderations	reconsideration
reconsidered	reconsider
reconsidering	reconsider
reconsiders	reconsider
reconstituted	reconstitute
reconstitutes	reconstitute
reconstituting	reconstitute
reconstitutions	reconstitution
reconstructed	reconstruct
reconstructing	reconstruct
reconstructions	reconstruction
reconstructs	reconstruct
reconvened	reconvene
reconvenes	reconvene
reconvening	reconvene
reconverted	reconvert
reconverting	reconvert
reconverts	reconvert
recopied	recopy
recopies	recopy
recopying	recopy
recorded	record
recorders	recorder
recording	record
recordings	recording
recordists	recordist
records	record
recounted	recount
recounting	recount
recounts	recount
recouped	recoup
recouping	recoup
recoups	recoup
recourses	recourse
recovered	recover
recoveries	recovery
recovering	recover
recovers	recover
recreations	recreation
recriminations	recrimination
recruited	recruit
recruiters	recruiter
recruiting	recruit
recruitments	recruitment
recruits	recruit
recs	rec
rectangles	rectangle
rectifications	rectification
rectified	rectify
rectifiers	rectifier
rectifies	rectify
rectifying	rectify
rectories	rectory
rectors	rector
rectums	rectum
recumbents	recumbent
recuperated	recuperate
recuperates	recuperate
recuperating	recuperate
recurred	recur
recurrences	recurrence
recurring	recur
recurs	recur
recursions	recursion
recused	recuse
recuses	recuse
recusing	recuse
recyclables	recyclable
recycled	recycle
recyclers	recycler
recycles	recycle
recycling	recycle
redcoats	redcoat
reddened	redden
reddening	redden
reddens	redden
redder	red
redds	redd
redecorated	redecorate
redecorates	redecorate
redecorating	redecorate
redecorations	redecoration
redeemed	redeem
redeemers	redeemer
redeeming	redeem
redeems	redeem
redefined	redefine
redefines	redefine
redefining	redefine
redefinitions	redefinition
redemptions	redemption
redeployed	redeploy
redeploying	redeploy
redeployments	redeployment
redeploys	redeploy
redesigned	redesign
redesigning	redesign
redesigns	redesign
redeveloped	redevelop
redeveloping	redevelop
redevelopments	redevelopment
redevelops	redevelop
redheads	redhead
redials	redial
redirected	redirect
redirecting	redirect
redirects	redirect
rediscovered	rediscover
rediscoveries	rediscovery
rediscovering	rediscover
rediscovers	rediscover
redistributed	redistribute
redistributes	redistribute
redistributing	redistribute
redistributions	redistribution
redivided	redivide
redividing	redivide
redlined	redline
redlining	redline
rednecks	redneck
rednesses	redness
redoubled	redouble
redoubles	redouble
redoubling	redouble
redoubts	redoubt
redounded	redound
redounding	redound
redounds	redound
redrafted	redraft
redrafting	redraft
redrafts	redraft
redrawing	redraw
redrawn	redraw
redraws	redraw
redressed	redress
redresses	redress
redressing	redress
reds	red
redshifts	redshift
reduced	reduce
reducers	reducer
reduces	reduce
reducing	reduce
reductionisms	reductionism
reductions	reduction
redundancies	redundancy
redwoods	redwood
reedier	reedy
reeding	reed
reeds	reed
reefed	reef
reefers	reefer
reefing	reef
reefs	reef
reeked	reek
reeking	reek
reeks	reek
reeled	reel
reeling	reel
reelings	reeling
reels	reel
refashioned	refashion
refashioning	refashion
refashions	refashion
refectories	refectory
refereed	referee
refereeing	referee
referees	referee
referenced	reference
references	reference
referencing	reference
referendums	referendum
referents	referent
referrals	referral
referred	refer
referring	refer
refers	refer
refilled	refill
refilling	refill
refills	refill
refinanced	refinance
refinances	refinance
refinancing	refinance
refinancings	refinancing
refined	refine
refinements	refinement
refineries	refinery
refiners	refiner
refines	refine
refining	refine
refinished	refinish
refinishes	refinish
refinishing	refinish
refits	refit
refitted	refit
refitting	refit
reflectances	reflectance
reflected	reflect
reflecting	reflect
reflections	reflection
reflectives	reflective
reflectors	reflector
reflects	reflect
reflexes	reflex
reflexions	reflexion
refluxed	reflux
reforested	reforest
reforesting	reforest
reforests	reforest
reformations	reformation
reformatories	reformatory
reformats	reformat
reformatted	reformat
reformatting	reformat
reformed	reform
reformers	reformer
reforming	reform
reformings	reforming
reformists	reformist
reforms	reform
reformulated	reformulate
reformulates	reformulate
reformulating	reformulate
reformulations	reformulation
refracted	refract
refracting	refract
refractions	refraction
refractories	refractory
refractors	refractor
refracts	refract
refrained	refrain
refraining	refrain
refrains	refrain
refreshed	refresh
refreshers	refresher
refreshes	refresh
refreshing	refresh
refreshments	refreshment
refrigerants	refrigerant
refrigerated	refrigerate
refrigerates	refrigerate
refrigerating	refrigerate
refrigerators	refrigerator
refs	ref
refuelled	refuel
refuelling	refuel
refuels	refuel
refugees	refugee
refuges	refuge
refunded	refund
refunding	refund
refunds	refund
refurbished	refurbish
refurbishes	refurbish
refurbishing	refurbish
refurbishments	refurbishment
refurnished	refurnish
refurnishes	refurnish
refurnishing	refurnish
refusals	refusal
refused	refuse
refuseniks	refusenik
refuses	refuse
refusing	refuse
refutations	refutation
refuted	refute
refutes	refute
refuting	refute
regained	regain
regaining	regain
regains	regain
regaled	regale
regales	regale
regaling	regale
regals	regal
regarded	regard
regarding	regard
regards	regard
regattas	regatta
regencies	regency
regenerated	regenerate
regenerates	regenerate
regenerating	regenerate
regenerations	regeneration
regents	regent
regicides	regicide
regimens	regimen
regimentals	regimental
regimented	regiment
regimenting	regiment
regiments	regiment
regimes	regime
regionalisms	regionalism
regionalists	regionalist
regionalized	regionalize
regionals	regional
regions	region
registered	register
registering	register
registers	register
registrants	registrant
registrars	registrar
registrations	registration
registries	registry
regressed	regress
regresses	regress
regressing	regress
regressions	regression
regrets	regret
regretted	regret
regretting	regret
regrew	regrow
regrouped	regroup
regrouping	regroup
regroups	regroup
regrowing	regrow
regrown	regrow
regrows	regrow
regularities	regularity
regularizations	regularization
regularized	regularize
regularizes	regularize
regularizing	regularize
regulars	regular
regulated	regulate
regulates	regulate
regulating	regulate
regulations	regulation
regulators	regulator
regurgitated	regurgitate
regurgitates	regurgitate
regurgitating	regurgitate
regurgitations	regurgitation
rehabilitated	rehabilitate
rehabilitates	rehabilitate
rehabilitating	rehabilitate
rehabilitations	rehabilitation
rehashed	rehash
rehashes	rehash
rehashing	rehash
reheard	rehear
rehearing	rehear
rehears	rehear
rehearsals	rehearsal
rehearsed	rehearse
rehearses	rehearse
rehearsing	rehearse
reheated	reheat
reheating	reheat
reheats	reheat
rehydrated	rehydrate
reifications	reification
reified	reify
reifies	reify
reifying	reify
reigned	reign
reigning	reign
reignited	reignite
reignites	reignite
reigniting	reignite
reigns	reign
reimbursed	reimburse
reimbursements	reimbursement
reimburses	reimburse
reimbursing	reimburse
reimposed	reimpose
reimposes	reimpose
reimposing	reimpose
reincarnated	reincarnate
reincarnates	reincarnate
reincarnating	reincarnate
reincarnations	reincarnation
reindeers	reindeer
reined	rein
reinforced	reinforce
reinforcements	reinforcement
reinforcers	reinforcer
reinforces	reinforce
reinforcing	reinforce
reining	rein
reins	rein
reinserted	reinsert
reinserting	reinsert
reinstalled	reinstall
reinstalling	reinstall
reinstalls	reinstall
reinstated	reinstate
reinstates	reinstate
reinstating	reinstate
reinsurances	reinsurance
reintegrated	reintegrate
reintegrates	reintegrate
reintegrating	reintegrate
reinterpretations	reinterpretation
reinterpreted	reinterpret
reinterpreting	reinterpret
reinterprets	reinterpret
reintroduced	reintroduce
reintroduces	reintroduce
reintroducing	reintroduce
reintroductions	reintroduction
reinvented	reinvent
reinventing	reinvent
reinvents	reinvent
reinvestigated	reinvestigate
reinvestigating	reinvestigate
reinvigorated	reinvigorate
reinvigorates	reinvigorate
reinvigorating	reinvigorate
reissued	reissue
reissues	reissue
reissuing	reissue
reiterated	reiterate
reiterates	reiterate
reiterating	reiterate
reiterations	reiteration
rejected	reject
rejecting	reject
rejectionists	rejectionist
rejections	rejection
rejects	reject
rejoiced	rejoice
rejoices	rejoice
rejoicing	rejoice
rejoicings	rejoicing
rejoindered	rejoinder
rejoinders	rejoinder
rejoined	rejoin
rejoining	rejoin
rejoins	rejoin
rejuvenated	rejuvenate
rejuvenates	rejuvenate
rejuvenating	rejuvenate
rejuvenations	rejuvenation
rekindled	rekindle
rekindles	rekindle
rekindling	rekindle
relapsed	relapse
relapses	relapse
relapsing	relapse
related	relate
relates	relate
relating	relate
relations	relation
relationships	relationship
relatives	relative
relativists	relativist
relativities	relativity
relativized	relativize
relativizes	relativize
relativizing	relativize
relaunched	relaunch
relaunches	relaunch
relaunching	relaunch
relaxants	relaxant
relaxations	relaxation
relaxed	relax
relaxes	relax
relaxing	relax
relayed	relay
relaying	relay
relays	relay
relearned	relearn
relearning	relearn
relearns	relearn
released	release
releases	release
releasing	release
relegated	relegate
relegates	relegate
relegating	relegate
relegations	relegation
relented	relent
relenting	relent
relents	relent
relevancies	relevancy
reliabilities	reliability
relics	relic
relicts	relict
relied	rely
reliefs	relief
relies	rely
relieved	relieve
relievers	reliever
relieves	relieve
relieving	relieve
religions	religion
relined	reline
relines	reline
relining	reline
relinquished	relinquish
relinquishes	relinquish
relinquishing	relinquish
reliquaries	reliquary
relished	relish
relishes	relish
relishing	relish
relived	relive
relives	relive
reliving	relive
reloaded	reload
reloading	reload
reloads	reload
relocated	relocate
relocates	relocate
relocating	relocate
relocations	relocation
relying	rely
remade	remake
remaindered	remainder
remaindering	remainder
remainders	remainder
remained	remain
remaining	remain
remains	remain
remakes	remake
remaking	remake
remanded	remand
remanding	remand
remands	remand
remarked	remark
remarking	remark
remarks	remark
remarriages	remarriage
remarried	remarry
remarries	remarry
remarrying	remarry
remedials	remedial
remediating	remediate
remedied	remedy
remedies	remedy
remedying	remedy
remembered	remember
remembering	remember
rememberings	remembering
remembers	remember
remembrances	remembrance
reminded	remind
reminders	reminder
reminding	remind
reminds	remind
reminisced	reminisce
reminiscences	reminiscence
reminisces	reminisce
reminiscing	reminisce
remissions	remission
remits	remit
remittances	remittance
remitted	remit
remitting	remit
remixed	remix
remixes	remix
remixing	remix
remmed	rem
remnants	remnant
remodelled	remodel
remodelling	remodel
remodels	remodel
remonstrances	remonstrance
remonstrated	remonstrate
remonstrates	remonstrate
remonstrating	remonstrate
remoter	remote
remotest	remote
remounted	remount
remounting	remount
remounts	remount
removables	removable
removals	removal
removed	remove
removers	remover
removes	remove
removing	remove
rems	rem
remunerated	remunerate
remunerates	remunerate
remunerating	remunerate
remunerations	remuneration
renamed	rename
renames	rename
renaming	rename
renamings	renaming
rendered	render
rendering	render
renderings	rendering
renders	render
rendezvoused	rendezvous
rendezvouses	rendezvous
rendezvousing	rendezvous
rending	rend
rendings	rending
renditions	rendition
rends	rend
renegades	renegade
reneged	renege
reneges	renege
reneging	renege
renegotiated	renegotiate
renegotiates	renegotiate
renegotiating	renegotiate
renegotiations	renegotiation
renewables	renewable
renewals	renewal
renewed	renew
renewing	renew
renews	renew
renounced	renounce
renounces	renounce
renouncing	renounce
renovated	renovate
renovates	renovate
renovating	renovate
renovations	renovation
renovators	renovator
rent	rend
rentals	rental
rented	rent
renters	renter
rentiers	rentier
renting	rent
rents	rent
renunciations	renunciation
reoccupied	reoccupy
reoccupying	reoccupy
reoccurred	reoccur
reoccurrences	reoccurrence
reoccurring	reoccur
reoccurs	reoccur
reopened	reopen
reopening	reopen
reopenings	reopening
reopens	reopen
reordered	reorder
reordering	reorder
reorders	reorder
reorganizations	reorganization
reorganized	reorganize
reorganizes	reorganize
reorganizing	reorganize
reoriented	reorient
reorienting	reorient
reorients	reorient
repackaged	repackage
repackages	repackage
repackaging	repackage
repackagings	repackaging
repaid	repay
repainted	repaint
repainting	repaint
repaints	repaint
repaired	repair
repairers	repairer
repairing	repair
repairmen	repairman
repairs	repair
reparations	reparation
repasts	repast
repatriated	repatriate
repatriates	repatriate
repatriating	repatriate
repatriations	repatriation
repaying	repay
repayments	repayment
repays	repay
repealed	repeal
repealing	repeal
repeals	repeal
repeated	repeat
repeaters	repeater
repeating	repeat
repeats	repeat
repellants	repellant
repelled	repel
repellents	repellent
repelling	repel
repels	repel
repented	repent
repenting	repent
repents	repent
repercussions	repercussion
repertoires	repertoire
repertories	repertory
repetitions	repetition
rephrased	rephrase
rephrases	rephrase
rephrasing	rephrase
repined	repine
repines	repine
repining	repine
replaced	replace
replacements	replacement
replaces	replace
replacing	replace
replanted	replant
replanting	replant
replants	replant
replayed	replay
replaying	replay
replays	replay
replenished	replenish
replenishes	replenish
replenishing	replenish
replenishments	replenishment
repletes	replete
replicants	replicant
replicas	replica
replicated	replicate
replicates	replicate
replicating	replicate
replications	replication
replicators	replicator
replied	reply
replies	reply
replying	reply
reported	report
reporters	reporter
reporting	report
reports	report
repos	repo
reposed	repose
reposes	repose
reposing	repose
repositioned	reposition
repositioning	reposition
repositionings	repositioning
repositions	reposition
repositories	repository
repossessed	repossess
repossesses	repossess
repossessing	repossess
repossessions	repossession
repots	repot
repotted	repot
repotting	repot
repped	rep
repping	rep
reprehended	reprehend
reprehending	reprehend
reprehends	reprehend
representations	representation
representatives	representative
represented	represent
representing	represent
represents	represent
repressed	repress
represses	repress
repressing	repress
repressions	repression
reprieved	reprieve
reprieves	reprieve
reprieving	reprieve
reprimanded	reprimand
reprimanding	reprimand
reprimands	reprimand
reprinted	reprint
reprinting	reprint
reprintings	reprinting
reprints	reprint
reprisals	reprisal
reprised	reprise
reprises	reprise
reprising	reprise
reproached	reproach
reproaches	reproach
reproaching	reproach
reprobated	reprobate
reprobates	reprobate
reprobating	reprobate
reprocessed	reprocess
reprocesses	reprocess
reprocessing	reprocess
reproduced	reproduce
reproducers	reproducer
reproduces	reproduce
reproducing	reproduce
reproductions	reproduction
reproductives	reproductive
reprogrammed	reprogram
reprogramming	reprogram
reproofed	reproof
reproofing	reproof
reproofs	reproof
reproved	reprove
reproves	reprove
reproving	reprove
reps	rep
reptiles	reptile
reptilians	reptilian
republicans	republican
republics	republic
republished	republish
republishes	republish
republishing	republish
repudiated	repudiate
repudiates	repudiate
repudiating	repudiate
repudiations	repudiation
repulsed	repulse
repulses	repulse
repulsing	repulse
repulsions	repulsion
repurchased	repurchase
repurchases	repurchase
repurchasing	repurchase
reputations	reputation
reputed	repute
reputes	repute
reputing	repute
requested	request
requesters	requester
requesting	request
requests	request
requiems	requiem
required	require
requirements	requirement
requires	require
requiring	require
requisites	requisite
requisitioned	requisition
requisitioning	requisition
requisitions	requisition
requited	requite
requites	requite
requiting	requite
reran	rerun
rereading	reread
rereads	reread
rerunning	rerun
reruns	rerun
res	re
resales	resale
rescheduled	reschedule
reschedules	reschedule
rescheduling	reschedule
rescinded	rescind
rescinding	rescind
rescinds	rescind
rescripted	rescript
rescripts	rescript
rescued	rescue
rescuers	rescuer
rescues	rescue
rescuing	rescue
resealed	reseal
resealing	reseal
reseals	reseal
researched	research
researchers	researcher
researches	research
researching	research
reseated	reseat
reseating	reseat
reseats	reseat
resected	resect
resecting	resect
resections	resection
resects	resect
reseeded	reseed
reseeding	reseed
reseeds	reseed
resellers	reseller
reselling	resell
resells	resell
resemblances	resemblance
resembled	resemble
resembles	resemble
resembling	resemble
resented	resent
resenting	resent
resentments	resentment
resents	resent
reservations	reservation
reserved	reserve
reserves	reserve
reserving	reserve
reservists	reservist
reservoirs	reservoir
resets	reset
resetting	reset
resettled	resettle
resettlements	resettlement
resettles	resettle
resettling	resettle
reshaped	reshape
reshapes	reshape
reshaping	reshape
reshuffled	reshuffle
reshuffles	reshuffle
reshuffling	reshuffle
resided	reside
residences	residence
residencies	residency
residents	resident
resides	reside
residing	reside
residuals	residual
residues	residue
resignations	resignation
resigned	resign
resigning	resign
resigns	resign
resins	resin
resistances	resistance
resisted	resist
resisters	resister
resisting	resist
resistivities	resistivity
resistors	resistor
resists	resist
resized	resize
resizing	resize
resold	resell
resolutes	resolute
resolutions	resolution
resolved	resolve
resolves	resolve
resolving	resolve
resonances	resonance
resonated	resonate
resonates	resonate
resonating	resonate
resonators	resonator
resorted	resort
resorting	resort
resorts	resort
resounded	resound
resounding	resound
resounds	resound
resourced	resource
resources	resource
resourcing	resource
respectables	respectable
respected	respect
respecters	respecter
respecting	respect
respects	respect
respirations	respiration
respirators	respirator
respired	respire
respires	respire
respiring	respire
respited	respite
respites	respite
respiting	respite
responded	respond
respondents	respondent
responders	responder
responding	respond
responds	respond
responses	response
responsibilities	responsibility
restaged	restage
restaging	restage
restarted	restart
restarting	restart
restarts	restart
restated	restate
restatements	restatement
restates	restate
restating	restate
restaurants	restaurant
restaurateurs	restaurateur
rested	rest
resting	rest
restitutions	restitution
restocked	restock
restocking	restock
restocks	restock
restorationists	restorationist
restorations	restoration
restoratives	restorative
restored	restore
restorers	restorer
restores	restore
restoring	restore
restrained	restrain
restraining	restrain
restrains	restrain
restraints	restraint
restricted	restrict
restricting	restrict
restrictions	restriction
restricts	restrict
restructured	restructure
restructures	restructure
restructuring	restructure
restructurings	restructuring
rests	rest
restyled	restyle
restyling	restyle
resubmits	resubmit
resubmitted	resubmit
resubmitting	resubmit
resultants	resultant
resulted	result
resulting	result
results	result
resumed	resume
resumes	resume
resuming	resume
resumptions	resumption
resupplied	resupply
resupplying	resupply
resurfaced	resurface
resurfaces	resurface
resurfacing	resurface
resurfacings	resurfacing
resurged	resurge
resurgences	resurgence
resurges	resurge
resurging	resurge
resurrected	resurrect
resurrecting	resurrect
resurrections	resurrection
resurrects	resurrect
resurveyed	resurvey
resurveying	resurvey
resurveys	resurvey
resuscitated	resuscitate
resuscitates	resuscitate
resuscitating	resuscitate
resuscitations	resuscitation
retailed	retail
retailers	retailer
retailing	retail
retails	retail
retained	retain
retainers	retainer
retaining	retain
retains	retain
retaken	retake
retakes	retake
retaking	retake
retaliated	retaliate
retaliates	retaliate
retaliating	retaliate
retaliations	retaliation
retardants	retardant
retarded	retard
retarding	retard
retards	retard
retched	retch
retches	retch
retching	retch
retelling	retell
retellings	retelling
retells	retell
retentions	retention
retested	retest
retesting	retest
rethinking	rethink
rethinks	rethink
rethought	rethink
reticences	reticence
reticules	reticule
retinas	retina
retinues	retinue
retired	retire
retirees	retiree
retirements	retirement
retires	retire
retiring	retire
retold	retell
retook	retake
retooled	retool
retooling	retool
retools	retool
retorted	retort
retorting	retort
retorts	retort
retouched	retouch
retouches	retouch
retouching	retouch
retraced	retrace
retraces	retrace
retracing	retrace
retracted	retract
retracting	retract
retractions	retraction
retractors	retractor
retracts	retract
retrained	retrain
retraining	retrain
retrains	retrain
retransmissions	retransmission
retransmits	retransmit
retransmitted	retransmit
retreaded	retread
retreading	retread
retreads	retread
retreated	retreat
retreating	retreat
retreats	retreat
retrenched	retrench
retrenches	retrench
retrenching	retrench
retrenchments	retrenchment
retrials	retrial
retributions	retribution
retried	retry
retries	retry
retrievals	retrieval
retrieved	retrieve
retrievers	retriever
retrieves	retrieve
retrieving	retrieve
retrofits	retrofit
retrofitted	retrofit
retrofitting	retrofit
retrograded	retrograde
retrogrades	retrograde
retrograding	retrograde
retros	retro
retrospected	retrospect
retrospecting	retrospect
retrospections	retrospection
retrospectives	retrospective
retrospects	retrospect
retrying	retry
rets	ret
retted	ret
retting	ret
retuned	retune
retuning	retune
returned	return
returnees	returnee
returners	returner
returning	return
returnings	returning
returns	return
reunified	reunify
reunifies	reunify
reunifying	reunify
reunions	reunion
reunited	reunite
reunites	reunite
reuniting	reunite
reused	reuse
reuses	reuse
reusing	reuse
revaluations	revaluation
revalued	revalue
revalues	revalue
revaluing	revalue
revamped	revamp
revamping	revamp
revamps	revamp
revealed	reveal
revealing	reveal
revealings	revealing
reveals	reveal
revelations	revelation
revelled	revel
revellers	reveller
revelling	revel
revelries	revelry
revels	revel
revenants	revenant
revenged	revenge
revenges	revenge
revenging	revenge
revenues	revenue
reverberated	reverberate
reverberates	reverberate
reverberating	reverberate
reverberations	reverberation
reverbs	reverb
revered	revere
reverenced	reverence
reverences	reverence
reverencing	reverence
reverends	reverend
reveres	revere
reveries	reverie
revering	revere
reversals	reversal
reversed	reverse
reversers	reverser
reverses	reverse
reversing	reverse
reversings	reversing
reversions	reversion
reverted	revert
reverting	revert
reverts	revert
revetments	revetment
reviewed	review
reviewers	reviewer
reviewing	review
reviews	review
reviled	revile
reviles	revile
reviling	revile
revised	revise
revises	revise
revising	revise
revisionists	revisionist
revisions	revision
revisited	revisit
revisiting	revisit
revisits	revisit
revitalized	revitalize
revitalizes	revitalize
revitalizing	revitalize
revivalists	revivalist
revivals	revival
revived	revive
revives	revive
revivified	revivify
revivifies	revivify
revivifying	revivify
reviving	revive
revocations	revocation
revoked	revoke
revokes	revoke
revoking	revoke
revolted	revolt
revolting	revolt
revolts	revolt
revolutionaries	revolutionary
revolutionized	revolutionize
revolutionizes	revolutionize
revolutionizing	revolutionize
revolutions	revolution
revolved	revolve
revolvers	revolver
revolves	revolve
revolving	revolve
revs	rev
revues	revue
revulsions	revulsion
revved	rev
revving	rev
rewarded	reward
rewarding	reward
rewards	reward
rewinding	rewind
rewinds	rewind
rewired	rewire
rewires	rewire
rewiring	rewire
reworded	reword
rewording	reword
rewords	reword
reworked	rework
reworking	rework
reworkings	reworking
reworks	rework
rewrites	rewrite
rewriting	rewrite
rewritings	rewriting
rewritten	rewrite
rewrote	rewrite
rhapsodies	rhapsody
rhapsodized	rhapsodize
rhapsodizes	rhapsodize
rhapsodizing	rhapsodize
rheas	rhea
rhetoricals	rhetorical
rhetoricians	rhetorician
rhetorics	rhetoric
rheumatics	rheumatic
rheumatologists	rheumatologist
rhinestones	rhinestone
rhinos	rhino
rhizomes	rhizome
rhodesians	rhodesian
rhododendrons	rhododendron
rhodopsins	rhodopsin
rhomboids	rhomboid
rhubarbed	rhubarb
rhumbas	rhumba
rhymed	rhyme
rhymes	rhyme
rhyming	rhyme
rhythmics	rhythmic
rhythms	rhythm
ribbed	rib
ribbing	rib
ribboning	ribbon
ribbons	ribbon
ribosomes	ribosome
ribozymes	ribozyme
ribs	rib
riced	rice
rices	rice
richer	rich
richest	rich
richnesses	richness
ricing	rice
rickshaws	rickshaw
ricocheted	ricochet
ricochets	ricochet
ricochetting	ricochet
ridden	ride
ridding	rid
riddled	riddle
riddles	riddle
riddling	riddle
riders	rider
rides	ride
ridged	ridge
ridges	ridge
ridging	ridge
ridiculed	ridicule
ridicules	ridicule
ridiculing	ridicule
riding	ride
ridings	riding
ridleys	ridley
rids	rid
riffed	riff
riffing	riff
riffled	riffle
riffles	riffle
riffling	riffle
riffs	riff
rifled	rifle
riflemen	rifleman
rifles	rifle
rifling	rifle
rifted	rift
rifting	rift
rifts	rift
rigged	rig
riggers	rigger
rigging	rig
righted	right
righting	right
rightists	rightist
rights	right
rigidities	rigidity
rigmaroles	rigmarole
rigors	rigor
rigours	rigour
rigs	rig
riled	rile
riles	rile
riling	rile
rilled	rill
rills	rill
rimed	rime
rimes	rime
riming	rime
rimmed	rim
rimming	rim
rims	rim
rinded	rind
rinds	rind
ringers	ringer
ringing	ring
ringleaders	ringleader
ringlets	ringlet
ringletted	ringlet
ringmasters	ringmaster
rings	ring
ringworms	ringworm
rinking	rink
rinks	rink
rinsed	rinse
rinses	rinse
rinsing	rinse
rinsings	rinsing
rioted	riot
rioters	rioter
rioting	riot
riotings	rioting
riots	riot
riparians	riparian
ripcords	ripcord
ripened	ripen
ripening	ripen
ripenings	ripening
ripens	ripen
riper	ripe
ripest	ripe
riposted	riposte
ripostes	riposte
riposting	riposte
riposts	riposte
ripped	rip
rippers	ripper
ripping	rip
rippings	ripping
rippled	ripple
ripples	ripple
rippling	ripple
ripplings	rippling
rips	rip
riptides	riptide
risen	rise
risers	riser
rises	rise
rising	rise
risings	rising
risked	risk
riskier	risky
riskiest	risky
risking	risk
risks	risk
rites	rite
ritualized	ritualize
ritualizes	ritualize
ritualizing	ritualize
rituals	ritual
ritzier	ritzy
rivalled	rival
rivalling	rival
rivalries	rivalry
rivals	rival
rived	rive
riven	rive
riverbanks	riverbank
riverbeds	riverbed
riverboats	riverboat
rivers	river
riversides	riverside
rives	rive
riveted	rivet
riveters	riveter
riveting	rivet
rivets	rivet
riving	rive
rivulets	rivulet
rnas	rna
roached	roach
roaches	roach
roaching	roach
roadblocks	roadblock
roadhouses	roadhouse
roadrunners	roadrunner
roads	road
roadshows	roadshow
roadsides	roadside
roadsters	roadster
roadways	roadway
roadworks	roadwork
roamed	roam
roamers	roamer
roaming	roam
roams	roam
roans	roan
roared	roar
roaring	roar
roarings	roaring
roars	roar
roasted	roast
roaster	roast
roasters	roaster
roasting	roast
roasts	roast
robbed	rob
robberies	robbery
robbers	robber
robbing	rob
robed	robe
robes	robe
robing	robe
robins	robin
robotics	robotic
robots	robot
robs	rob
robuster	robust
rocked	rock
rockers	rocker
rocketed	rocket
rocketeers	rocketeer
rocketing	rocket
rockets	rocket
rockfaces	rockface
rockfalls	rockfall
rockier	rocky
rocking	rock
rocks	rock
rodding	rod
rode	ride
rodents	rodent
rodeos	rodeo
rods	rod
roentgens	roentgen
roes	roe
rogues	rogue
roiled	roil
roiling	roil
roils	roil
roistered	roister
roistering	roister
roisters	roister
roles	role
rolled	roll
rollered	roller
rollering	roller
rollers	roller
rolling	roll
rollings	rolling
rollovers	rollover
rolls	roll
romanced	romance
romances	romance
romancing	romance
romanians	romanian
romans	roman
romanticists	romanticist
romanticized	romanticize
romanticizes	romanticize
romanticizing	romanticize
romantics	romantic
romped	romp
rompers	romper
romping	romp
romps	romp
romulans	romulan
roods	rood
roofed	roof
roofers	roofer
roofing	roof
rooflines	roofline
roofs	roof
rooftopping	rooftop
rooftops	rooftop
rooked	rook
rookeries	rookery
rooking	rook
rooks	rook
roomed	room
roomier	roomy
roomiest	roomy
rooming	room
roommates	roommate
rooms	room
roos	roo
roosted	roost
roosters	rooster
roosting	roost
roosts	roost
rooted	root
rooting	root
rootlets	rootlet
roots	root
rootstocks	rootstock
roped	rope
ropers	roper
ropes	rope
ropier	ropy
ropies	ropy
roping	rope
rosaries	rosary
rose	rise
rosebuds	rosebud
rosebushes	rosebush
roses	rose
rosettes	rosette
rosicrucians	rosicrucian
rosier	rosy
rosiest	rosy
rosined	rosin
rosining	rosin
rosins	rosin
rostered	roster
rostering	roster
rosters	roster
rotaries	rotary
rotas	rota
rotated	rotate
rotates	rotate
rotating	rotate
rotations	rotation
rotators	rotator
rotifers	rotifer
rotors	rotor
rots	rot
rotted	rot
rotters	rotter
rotting	rot
rottweilers	rottweiler
rotundas	rotunda
rouged	rouge
rouges	rouge
roughages	roughage
roughed	rough
roughened	roughen
roughening	roughen
roughens	roughen
rougher	rough
roughest	rough
roughhoused	roughhouse
roughhouses	roughhouse
roughhousing	roughhouse
roughing	rough
roughnecks	roughneck
roughs	rough
rouging	rouge
roulades	roulade
roulettes	roulette
roundabouts	roundabout
rounded	round
roundels	roundel
rounder	round
rounding	round
roundings	rounding
roundnesses	roundness
rounds	round
roundups	roundup
roundworms	roundworm
roused	rouse
rousers	rouser
rouses	rouse
rousing	rouse
roustabouts	roustabout
rousted	roust
routed	rout
routered	router
routers	router
routes	route
routines	routine
routing	rout
routings	routing
routs	rout
rouxs	roux
roved	rove
rovers	rover
roves	rove
roving	rove
rovings	roving
rowans	rowan
rowboats	rowboat
rowdier	rowdy
rowdies	rowdy
rowdiest	rowdy
rowed	row
rowers	rower
rowing	row
rows	row
royalists	royalist
royals	royal
royalties	royalty
rubbed	rub
rubbered	rubber
rubbering	rubber
rubbernecked	rubberneck
rubbernecking	rubberneck
rubbernecks	rubberneck
rubbers	rubber
rubbing	rub
rubbings	rubbing
rubbished	rubbish
rubbishes	rubbish
rubbishing	rubbish
rubbles	rubble
rubies	ruby
rubrics	rubric
rubs	rub
rucked	ruck
rucking	ruck
rucks	ruck
rucksacked	rucksack
rucksacks	rucksack
rudbeckias	rudbeckia
ruddering	rudder
rudders	rudder
ruddied	ruddy
ruddier	ruddy
ruddys	ruddy
rudenesses	rudeness
ruder	rude
rudest	rude
rudiments	rudiment
rued	rue
rues	rue
ruffed	ruff
ruffians	ruffian
ruffing	ruff
ruffled	ruffle
ruffles	ruffle
ruffling	ruffle
ruffs	ruff
rugs	rug
ruined	ruin
ruing	rue
ruining	ruin
ruins	ruin
rulebooks	rulebook
ruled	rule
rulers	ruler
rules	rule
ruling	rule
rulings	ruling
rumanians	rumanian
rumbas	rumba
rumbled	rumble
rumbles	rumble
rumbling	rumble
rumblings	rumbling
rumens	rumen
ruminants	ruminant
ruminated	ruminate
ruminates	ruminate
ruminating	ruminate
ruminations	rumination
rummaged	rummage
rummages	rummage
rummaging	rummage
rummer	rum
rumored	rumor
rumoring	rumor
rumors	rumor
rumoured	rumour
rumouring	rumour
rumours	rumour
rumpled	rumple
rumples	rumple
rumpling	rumple
rumps	rump
rumpuses	rumpus
rums	rum
runabouts	runabout
runaways	runaway
runes	rune
rung	ring
rungs	rung
runing	rune
runnelling	runnel
runnels	runnel
runners	runner
runnier	runny
running	run
runnings	running
runoffs	runoff
runs	run
runted	runt
runts	runt
runways	runway
ruptured	rupture
ruptures	rupture
rupturing	rupture
ruses	ruse
rushed	rush
rushers	rusher
rushes	rush
rushing	rush
rushings	rushing
rusing	ruse
russets	russet
russians	russian
rusted	rust
rustics	rustic
rustier	rusty
rustiest	rusty
rusting	rust
rustled	rustle
rustlers	rustler
rustles	rustle
rustling	rustle
rustlings	rustling
rusts	rust
ruts	rut
rutted	rut
rutting	rut
ryes	rye
sabbaticals	sabbatical
sabered	saber
sabering	saber
sabers	saber
sabines	sabine
sables	sable
sabotaged	sabotage
sabotages	sabotage
sabotaging	sabotage
saboteurs	saboteur
sabres	sabre
saccharines	saccharine
sachets	sachet
sacked	sack
sackfuls	sackful
sacking	sack
sackings	sacking
sacks	sack
sacramentals	sacramental
sacraments	sacrament
sacrificed	sacrifice
sacrifices	sacrifice
sacrificing	sacrifice
sacristans	sacristan
sacristies	sacristy
sacs	sac
saddened	sadden
saddening	sadden
saddens	sadden
sadder	sad
saddest	sad
saddlebags	saddlebag
saddled	saddle
saddles	saddle
saddling	saddle
sadists	sadist
sadnesses	sadness
safaris	safari
safeguarded	safeguard
safeguarding	safeguard
safeguards	safeguard
safer	safe
safes	safe
safest	safe
sagaing	saga
sagas	saga
sager	sage
sages	sage
sagest	sage
sagged	sag
sagging	sag
sags	sag
saguaros	saguaro
sahelians	sahelian
said	say
saids	said
sailboarding	sailboard
sailboards	sailboard
sailboats	sailboat
sailed	sail
sailing	sail
sailings	sailing
sailors	sailor
sailplanes	sailplane
sails	sail
sainted	saint
sainting	saint
saintliest	saintly
saints	saint
sakes	sake
salaamed	salaam
salaaming	salaam
salaams	salaam
salads	salad
salamanders	salamander
salamis	salami
salaries	salary
salarymen	salaryman
salesgirls	salesgirl
salesians	salesian
salesmen	salesman
salespersons	salesperson
salesrooms	salesroom
saleswomen	saleswoman
salicylates	salicylate
salients	salient
salinities	salinity
salivated	salivate
salivates	salivate
salivating	salivate
sallied	sally
sallies	sally
sallowed	sallow
sallowing	sallow
sallows	sallow
salmonellas	salmonella
salmonids	salmonid
salmons	salmon
salons	salon
saloons	saloon
salted	salt
saltier	salty
salting	salt
salts	salt
salutations	salutation
saluted	salute
salutes	salute
saluting	salute
salvaged	salvage
salvagers	salvager
salvages	salvage
salvaging	salvage
salved	salve
salvers	salver
salves	salve
salvias	salvia
salving	salve
salvos	salvo
samaritans	samaritan
sambaed	samba
sambaing	samba
sambals	sambal
sambars	sambar
sambas	samba
samoans	samoan
samosas	samosa
samovars	samovar
sampans	sampan
sampled	sample
samplers	sampler
samples	sample
sampling	sample
samplings	sampling
sanatoriums	sanatorium
sanctified	sanctify
sanctifies	sanctify
sanctifying	sanctify
sanctioned	sanction
sanctioning	sanction
sanctions	sanction
sanctities	sanctity
sanctuaries	sanctuary
sanctums	sanctum
sandals	sandal
sandalwoods	sandalwood
sandbagged	sandbag
sandbagging	sandbag
sandbags	sandbag
sandbars	sandbar
sandblasted	sandblast
sandblasting	sandblast
sandblasts	sandblast
sandboxes	sandbox
sandcastles	sandcastle
sanded	sand
sanders	sander
sandhills	sandhill
sandier	sandy
sanding	sand
sandings	sanding
sandinistas	sandinista
sandpapered	sandpaper
sandpapering	sandpaper
sandpapers	sandpaper
sandpipers	sandpiper
sandpits	sandpit
sands	sand
sandstones	sandstone
sandstorms	sandstorm
sandwiched	sandwich
sandwiches	sandwich
sandwiching	sandwich
saner	sane
sanest	sane
sang	sing
sanitized	sanitize
sanitizers	sanitizer
sanitizes	sanitize
sanitizing	sanitize
sank	sink
santolinas	santolina
saplings	sapling
saponins	saponin
sapped	sap
sappers	sapper
sapphires	sapphire
sapping	sap
saps	sap
saracens	saracen
sarcasms	sarcasm
sarcomas	sarcoma
sardined	sardine
sardines	sardine
sardinians	sardinian
saris	sari
saronging	sarong
sarongs	sarong
sashayed	sashay
sashaying	sashay
sashays	sashay
sashes	sash
sassed	sass
sasses	sass
sassing	sass
sat	sit
satchels	satchel
sated	sate
satellites	satellite
sates	sate
satiated	satiate
satiates	satiate
satiating	satiate
satieties	satiety
sating	sate
satins	satin
satires	satire
satirists	satirist
satirized	satirize
satirizes	satirize
satirizing	satirize
satisfactions	satisfaction
satisfied	satisfy
satisfies	satisfy
satisfying	satisfy
satraps	satrap
saturated	saturate
saturates	saturate
saturating	saturate
saturations	saturation
saturdays	saturday
saturnalias	saturnalia
satyrs	satyr
sauced	sauce
saucepans	saucepan
saucers	saucer
sauces	sauce
saucier	saucy
sauciest	saucy
saucing	sauce
saudis	saudi
saunas	sauna
sauntered	saunter
sauntering	saunter
saunters	saunter
saurians	saurian
sauropods	sauropod
sausages	sausage
savaged	savage
savages	savage
savaging	savage
savannahs	savannah
savannas	savanna
savants	savant
saved	save
savers	saver
saves	save
saving	save
savings	saving
savored	savor
savories	savory
savoring	savor
savors	savor
savoured	savour
savouring	savour
savours	savour
savoys	savoy
savvied	savvy
savvies	savvy
savviest	savvy
savvying	savvy
saw	see
sawed	saw
sawing	saw
sawmills	sawmill
sawn	saw
saws	saw
saxes	sax
saxifrages	saxifrage
saxons	saxon
saxophones	saxophone
saxophonists	saxophonist
saying	say
sayings	saying
says	say
scabbards	scabbard
scabbed	scab
scabbiest	scabby
scabbing	scab
scabs	scab
scads	scad
scaffolded	scaffold
scaffolding	scaffold
scaffoldings	scaffolding
scaffolds	scaffold
scalars	scalar
scalded	scald
scalding	scald
scalds	scald
scaled	scale
scales	scale
scaling	scale
scalings	scaling
scalloped	scallop
scalloping	scallop
scallops	scallop
scalped	scalp
scalpelling	scalpel
scalpels	scalpel
scalpers	scalper
scalping	scalp
scalps	scalp
scammed	scam
scamming	scam
scamped	scamp
scampered	scamper
scampering	scamper
scampers	scamper
scamping	scamp
scamps	scamp
scams	scam
scandalized	scandalize
scandalizes	scandalize
scandalizing	scandalize
scandals	scandal
scandinavians	scandinavian
scanned	scan
scanners	scanner
scanning	scan
scans	scan
scanted	scant
scantest	scant
scanties	scanty
scantiest	scanty
scanting	scant
scants	scant
scaped	scape
scapegoated	scapegoat
scapegoating	scapegoat
scapegoats	scapegoat
scapes	scape
scapulars	scapular
scarabs	scarab
scarcer	scarce
scarcest	scarce
scarcities	scarcity
scarecrows	scarecrow
scared	scare
scares	scare
scarfed	scarf
scarfing	scarf
scarfs	scarf
scarier	scary
scariest	scary
scarified	scarify
scarifies	scarify
scarifying	scarify
scaring	scare
scarlets	scarlet
scarped	scarp
scarps	scarp
scarred	scar
scarring	scar
scars	scar
scarves	scarf
scathed	scathe
scats	scat
scatted	scat
scattered	scatter
scattering	scatter
scatterings	scattering
scatters	scatter
scatting	scat
scaups	scaup
scavenged	scavenge
scavengers	scavenger
scavenges	scavenge
scavenging	scavenge
scenarios	scenario
sceneries	scenery
scenes	scene
scented	scent
scenting	scent
scents	scent
scepticisms	scepticism
sceptics	sceptic
sceptres	sceptre
scheduled	schedule
schedulers	scheduler
schedules	schedule
scheduling	schedule
schemata	schema
schematics	schematic
schematized	schematize
schematizes	schematize
schematizing	schematize
schemed	scheme
schemers	schemer
schemes	scheme
scheming	scheme
schemings	scheming
scherzos	scherzo
schismatics	schismatic
schisms	schism
schists	schist
schizophrenias	schizophrenia
schizophrenics	schizophrenic
schlepped	schlep
schlepping	schlep
schleps	schlep
schmoozed	schmooze
schmoozes	schmooze
schmoozing	schmooze
schmucks	schmuck
schnauzers	schnauzer
scholars	scholar
scholarships	scholarship
scholastics	scholastic
schoolbags	schoolbag
schoolbooks	schoolbook
schoolboys	schoolboy
schooled	school
schoolgirls	schoolgirl
schoolhouses	schoolhouse
schooling	school
schoolmarms	schoolmarm
schoolmastering	schoolmaster
schoolmasters	schoolmaster
schoolmates	schoolmate
schoolmistresses	schoolmistress
schoolrooms	schoolroom
schools	school
schoolteachers	schoolteacher
schoolyards	schoolyard
schooners	schooner
sciences	science
scientists	scientist
scimitars	scimitar
scintillas	scintilla
scintillated	scintillate
scintillates	scintillate
scintillating	scintillate
scintillations	scintillation
scions	scion
scissored	scissor
scissoring	scissor
scissors	scissor
scoffed	scoff
scoffers	scoffer
scoffing	scoff
scoffs	scoff
scolded	scold
scolding	scold
scoldings	scolding
scolds	scold
sconces	sconce
scones	scone
scooped	scoop
scoopers	scooper
scooping	scoop
scoops	scoop
scooted	scoot
scooters	scooter
scooting	scoot
scoots	scoot
scopes	scope
scorched	scorch
scorchers	scorcher
scorches	scorch
scorching	scorch
scoreboards	scoreboard
scorecards	scorecard
scored	score
scorers	scorer
scores	score
scoring	score
scorned	scorn
scorning	scorn
scorns	scorn
scorpions	scorpion
scotched	scotch
scotches	scotch
scotching	scotch
scotomas	scotoma
scots	scot
scotsmen	scotsman
scoundrels	scoundrel
scoured	scour
scourged	scourge
scourges	scourge
scourging	scourge
scouring	scour
scourings	scouring
scours	scour
scouted	scout
scouting	scout
scoutmasters	scoutmaster
scouts	scout
scowled	scowl
scowling	scowl
scowls	scowl
scrabbled	scrabble
scrabbles	scrabble
scrabbling	scrabble
scrabblings	scrabbling
scrambled	scramble
scramblers	scrambler
scrambles	scramble
scrambling	scramble
scramblings	scrambling
scrammed	scram
scramming	scram
scrams	scram
scrapbooks	scrapbook
scraped	scrape
scrapers	scraper
scrapes	scrape
scraping	scrape
scrapings	scraping
scrapped	scrap
scrappers	scrapper
scrappier	scrappy
scrappies	scrappy
scrappiest	scrappy
scrapping	scrap
scrappings	scrapping
scraps	scrap
scrapyards	scrapyard
scratched	scratch
scratchers	scratcher
scratches	scratch
scratching	scratch
scratchings	scratching
scrawled	scrawl
scrawling	scrawl
scrawls	scrawl
scrawnier	scrawny
screamed	scream
screamers	screamer
screaming	scream
screams	scream
screeched	screech
screeches	screech
screeching	screech
screechings	screeching
screeding	screed
screeds	screed
screened	screen
screeners	screener
screening	screen
screenings	screening
screenplays	screenplay
screens	screen
screenwriters	screenwriter
screes	scree
screwdrivers	screwdriver
screwed	screw
screwing	screw
screws	screw
screwworms	screwworm
scribbled	scribble
scribblers	scribbler
scribbles	scribble
scribbling	scribble
scribblings	scribbling
scribed	scribe
scribes	scribe
scribing	scribe
scrimmaged	scrimmage
scrimmages	scrimmage
scrimmaging	scrimmage
scrimped	scrimp
scrimping	scrimp
scrimps	scrimp
scrimshaws	scrimshaw
scrips	scrip
scripted	script
scripting	script
scriptoria	scriptorium
scripts	script
scriptures	scripture
scriptwriters	scriptwriter
scriveners	scrivener
scrolled	scroll
scrolling	scroll
scrolls	scroll
scrooged	scrooge
scrooges	scrooge
scrotums	scrotum
scrounged	scrounge
scroungers	scrounger
scrounges	scrounge
scrounging	scrounge
scrubbed	scrub
scrubbers	scrubber
scrubbier	scrubby
scrubbing	scrub
scrublands	scrubland
scrubs	scrub
scruffed	scruff
scruffier	scruffy
scruffies	scruffy
scruffiest	scruffy
scruffing	scruff
scruffs	scruff
scrummed	scrum
scrums	scrum
scrunched	scrunch
scrunches	scrunch
scrunching	scrunch
scrupled	scruple
scruples	scruple
scrupling	scruple
scrutinies	scrutiny
scrutinized	scrutinize
scrutinizes	scrutinize
scrutinizing	scrutinize
scudded	scud
scudding	scud
scuds	scud
scuffed	scuff
scuffing	scuff
scuffled	scuffle
scuffles	scuffle
scuffling	scuffle
scufflings	scuffling
scuffs	scuff
sculled	scull
sculleries	scullery
sculling	scull
sculls	scull
sculpins	sculpin
sculpted	sculpt
sculpting	sculpt
sculptors	sculptor
sculpts	sculpt
sculptured	sculpture
sculptures	sculpture
sculpturing	sculpture
scumbags	scumbag
scummed	scum
scummiest	scummy
scumming	scum
scums	scum
scuppered	scupper
scuppering	scupper
scuppers	scupper
scurried	scurry
scurries	scurry
scurrying	scurry
scurryings	scurrying
scuts	scut
scuttered	scutter
scuttering	scutter
scutters	scutter
scuttled	scuttle
scuttles	scuttle
scuttling	scuttle
scutums	scutum
scuzzies	scuzzy
scuzziest	scuzzy
scythed	scythe
scythes	scythe
scythians	scythian
scything	scythe
seabeds	seabed
seabirds	seabird
seafarers	seafarer
seafoods	seafood
seafronts	seafront
seagulls	seagull
seahorses	seahorse
sealants	sealant
sealed	seal
sealers	sealer
sealing	seal
sealings	sealing
seals	seal
sealskins	sealskin
seamed	seam
seamen	seaman
seamier	seamy
seaming	seam
seamounts	seamount
seams	seam
seamstresses	seamstress
seances	seance
seaplanes	seaplane
seaports	seaport
searched	search
searchers	searcher
searches	search
searching	search
searchings	searching
searchlights	searchlight
seared	sear
searing	sear
sears	sear
seas	sea
seascapes	seascape
seashells	seashell
seashores	seashore
seasides	seaside
seasonals	seasonal
seasoned	season
seasoning	season
seasonings	seasoning
seasons	season
seated	seat
seating	seat
seatings	seating
seats	seat
seaways	seaway
seaweeds	seaweed
seceded	secede
secedes	secede
seceding	secede
secessionists	secessionist
secessions	secession
secluded	seclude
secludes	seclude
secluding	seclude
seclusions	seclusion
second-hands	second-hand
secondaries	secondary
seconded	second
seconding	second
seconds	second
secrecies	secrecy
secretariats	secretariat
secretaries	secretary
secreted	secrete
secretes	secrete
secreting	secrete
secretions	secretion
secrets	secret
sectarians	sectarian
sectioned	section
sectioning	section
sections	section
sectors	sector
sects	sect
secularists	secularist
secularized	secularize
secularizes	secularize
secularizing	secularize
seculars	secular
secured	secure
secures	secure
securing	secure
securities	security
sedans	sedan
sedated	sedate
sedates	sedate
sedating	sedate
sedatives	sedative
sedges	sedge
sediments	sediment
seditions	sedition
seduced	seduce
seducers	seducer
seduces	seduce
seducing	seduce
seductions	seduction
seductresses	seductress
sedums	sedum
seedbeds	seedbed
seeded	seed
seedier	seedy
seediest	seedy
seeding	seed
seedings	seeding
seedlings	seedling
seedpods	seedpod
seeds	seed
seeing	see
seeings	seeing
seekers	seeker
seeking	seek
seekings	seeking
seeks	seek
seemed	seem
seeming	seem
seemings	seeming
seems	seem
seen	see
seepages	seepage
seeped	seep
seeping	seep
seeps	seep
seers	seer
sees	see
seesawed	seesaw
seesawing	seesaw
seesaws	seesaw
seethed	seethe
seethes	seethe
seething	seethe
segmentations	segmentation
segmented	segment
segmenting	segment
segments	segment
segregated	segregate
segregates	segregate
segregating	segregate
segregations	segregation
segued	segue
segueing	segue
segues	segue
seined	seine
seines	seine
seining	seine
seismographs	seismograph
seismologists	seismologist
seized	seize
seizes	seize
seizing	seize
seizures	seizure
selected	select
selectees	selectee
selecting	select
selections	selection
selectives	selective
selectivities	selectivity
selectors	selector
selects	select
selfishnesses	selfishness
sellers	seller
selling	sell
sells	sell
selves	self
semaphored	semaphore
semaphores	semaphore
semaphoring	semaphore
semblances	semblance
semesters	semester
semicircles	semicircle
semiconductors	semiconductor
semifinals	semifinal
seminarians	seminarian
seminaries	seminary
seminars	seminar
semioticians	semiotician
semiotics	semiotic
semis	semi
senates	senate
senators	senator
senders	sender
sending	send
sendings	sending
sends	send
seniors	senior
sens	sen
sensationalized	sensationalize
sensations	sensation
sensed	sense
senses	sense
sensibilities	sensibility
sensing	sense
sensitives	sensitive
sensitivities	sensitivity
sensitized	sensitize
sensitizes	sensitize
sensitizing	sensitize
sensors	sensor
sensualities	sensuality
sent	send
sentenced	sentence
sentences	sentence
sentencing	sentence
sentimentalists	sentimentalist
sentimentalized	sentimentalize
sentimentalizes	sentimentalize
sentimentalizing	sentimentalize
sentiments	sentiment
sentinelled	sentinel
sentinels	sentinel
sentries	sentry
sepals	sepal
separated	separate
separatenesses	separateness
separates	separate
separating	separate
separations	separation
separatisms	separatism
separatists	separatist
separators	separator
sepias	sepia
sepoys	sepoy
septuagenarians	septuagenarian
sepulchres	sepulchre
sequels	sequel
sequenced	sequence
sequencers	sequencer
sequences	sequence
sequencing	sequence
sequestered	sequester
sequestering	sequester
sequesters	sequester
sequestrated	sequestrate
sequestrates	sequestrate
sequestrating	sequestrate
sequestrations	sequestration
sequinned	sequin
sequins	sequin
sequoias	sequoia
seraglios	seraglio
seraphim	seraph
serbians	serbian
serenaded	serenade
serenades	serenade
serenading	serenade
serfs	serf
sergeants	sergeant
serges	serge
serialized	serialize
serializes	serialize
serializing	serialize
serialled	serial
serials	serial
serifs	serif
serines	serine
sermonized	sermonize
sermonizes	sermonize
sermonizing	sermonize
sermons	sermon
serotypes	serotype
serpentines	serpentine
serpentining	serpentine
serpents	serpent
serrated	serrate
serrates	serrate
serrating	serrate
serums	serum
servants	servant
served	serve
servers	server
serves	serve
serviced	service
servicemen	serviceman
servicers	servicer
services	service
servicewomen	servicewoman
servicing	service
servicings	servicing
serviles	servile
serving	serve
servings	serving
servitudes	servitude
servomotors	servomotor
servos	servo
sessions	session
setbacks	setback
sets	set
settees	settee
setters	setter
setting	set
settings	setting
settled	settle
settlements	settlement
settlers	settler
settles	settle
settling	settle
settlings	settling
setups	setup
severances	severance
severed	sever
severer	severe
severest	severe
severing	sever
severities	severity
severs	sever
sewages	sewage
sewed	sew
sewered	sewer
sewers	sewer
sewing	sew
sewings	sewing
sewn	sew
sews	sew
sexed	sex
sexes	sex
sexier	sexy
sexiest	sexy
sexing	sex
sexists	sexist
sexologists	sexologist
sextants	sextant
sextets	sextet
sextons	sexton
sextuplets	sextuplet
sexualities	sexuality
sexualized	sexualize
sexualizes	sexualize
sexualizing	sexualize
shabbier	shabby
shabbiest	shabby
shacked	shack
shacking	shack
shackled	shackle
shackles	shackle
shackling	shackle
shacks	shack
shaded	shade
shades	shade
shadier	shady
shadiest	shady
shading	shade
shadings	shading
shadowed	shadow
shadowier	shadowy
shadowing	shadow
shadows	shadow
shads	shad
shafted	shaft
shafting	shaft
shafts	shaft
shagged	shag
shagging	shag
shags	shag
shahs	shah
shakedowns	shakedown
shaken	shake
shakers	shaker
shakes	shake
shakier	shaky
shakiest	shaky
shaking	shake
shakings	shaking
shales	shale
shallots	shallot
shallowed	shallow
shallower	shallow
shallowest	shallow
shallowing	shallow
shallows	shallow
shambled	shamble
shambles	shamble
shambling	shamble
shamed	shame
shamen	shaman
shames	shame
shaming	shame
shammed	sham
shamming	sham
shampooed	shampoo
shampooing	shampoo
shampoos	shampoo
shamrocks	shamrock
shams	sham
shanghaied	shanghai
shanghaiing	shanghai
shanghais	shanghai
shanked	shank
shanking	shank
shanks	shank
shanties	shanty
shantytowns	shantytown
shaped	shape
shapeliest	shapely
shapers	shaper
shapes	shape
shaping	shape
shapings	shaping
shards	shard
sharecroppers	sharecropper
shared	share
shareholders	shareholder
shareholdings	shareholding
shareowners	shareowner
sharers	sharer
shares	share
sharing	share
sharings	sharing
sharked	shark
sharking	shark
sharks	shark
sharpened	sharpen
sharpeners	sharpener
sharpening	sharpen
sharpenings	sharpening
sharpens	sharpen
sharps	sharp
sharpshooters	sharpshooter
shattered	shatter
shattering	shatter
shatters	shatter
shaved	shave
shavers	shaver
shaves	shave
shaving	shave
shavings	shaving
shawled	shawl
shawls	shawl
sheared	shear
shearers	shearer
shearing	shear
shearings	shearing
shearlings	shearling
shears	shear
shearwaters	shearwater
sheathed	sheathe
sheathes	sheathe
sheathing	sheathe
sheaths	sheath
sheaves	sheaf
shedding	shed
sheddings	shedding
sheds	shed
sheened	sheen
sheening	sheen
sheens	sheen
sheepdogs	sheepdog
sheepfolds	sheepfold
sheeps	sheep
sheepskins	sheepskin
sheered	sheer
sheering	sheer
sheers	sheer
sheeted	sheet
sheeting	sheet
sheets	sheet
sheikdoms	sheikdom
sheikhs	sheikh
sheiks	sheik
shekels	shekel
shellacked	shellac
shellacking	shellac
shellacs	shellac
shelled	shell
shelling	shell
shells	shell
sheltered	shelter
sheltering	shelter
shelters	shelter
shelved	shelve
shelves	shelf
shelving	shelve
shepherded	shepherd
shepherdessed	shepherdess
shepherdesses	shepherdess
shepherding	shepherd
shepherds	shepherd
sherbets	sherbet
sherds	sherd
sheriffs	sheriff
sherpas	sherpa
sherries	sherry
shewed	shew
shewing	shew
shewn	shew
shews	shew
shibboleths	shibboleth
shied	shy
shielded	shield
shielding	shield
shields	shield
shies	shy
shifted	shift
shifters	shifter
shiftier	shifty
shifting	shift
shiftings	shifting
shifts	shift
shiites	shiite
shiksas	shiksa
shillelaghs	shillelagh
shillings	shilling
shimmed	shim
shimmered	shimmer
shimmering	shimmer
shimmers	shimmer
shimmied	shimmy
shimmies	shimmy
shimming	shim
shimmying	shimmy
shims	shim
shindigs	shindig
shiners	shiner
shines	shine
shingled	shingle
shingles	shingle
shingling	shingle
shinier	shiny
shiniest	shiny
shining	shine
shinned	shin
shinnied	shinny
shinnies	shinny
shinning	shin
shinnying	shinny
shins	shin
shipbuilders	shipbuilder
shiploads	shipload
shipmasters	shipmaster
shipmates	shipmate
shipments	shipment
shipowners	shipowner
shipped	ship
shippers	shipper
shipping	ship
shippings	shipping
ships	ship
shipwrecked	shipwreck
shipwrecking	shipwreck
shipwrecks	shipwreck
shipwrights	shipwright
shipyards	shipyard
shires	shire
shirked	shirk
shirking	shirk
shirks	shirk
shirtfronts	shirtfront
shirts	shirt
shirtsleeved	shirtsleeve
shirtsleeves	shirtsleeve
shites	shite
shitheads	shithead
shithouses	shithouse
shits	shit
shitted	shit
shittiest	shitty
shitting	shit
shivered	shiver
shivering	shiver
shivers	shiver
shivs	shiv
shoaled	shoal
shoaling	shoal
shoals	shoal
shoats	shoat
shocked	shock
shockers	shocker
shocking	shock
shocks	shock
shockwaves	shockwave
shod	shoe
shoddier	shoddy
shoddiest	shoddy
shoeboxes	shoebox
shoehorned	shoehorn
shoehorning	shoehorn
shoehorns	shoehorn
shoeing	shoe
shoelaced	shoelace
shoelaces	shoelace
shoemakers	shoemaker
shoes	shoe
shoeshines	shoeshine
shoeshining	shoeshine
shoestrings	shoestring
shoguns	shogun
shone	shine
shooed	shoo
shooing	shoo
shook	shake
shoos	shoo
shooters	shooter
shooting	shoot
shootings	shooting
shootouts	shootout
shoots	shoot
shopaholics	shopaholic
shopgirls	shopgirl
shopkeepers	shopkeeper
shoplifted	shoplift
shoplifters	shoplifter
shoplifting	shoplift
shoplifts	shoplift
shopped	shop
shoppers	shopper
shopping	shop
shops	shop
shored	shore
shorelines	shoreline
shores	shore
shoring	shore
shorn	shear
shorned	shorn
shortages	shortage
shortcomings	shortcoming
shortcuts	shortcut
shorted	short
shortened	shorten
shortening	shorten
shortenings	shortening
shortens	shorten
shorter	short
shortest	short
shortfalls	shortfall
shorthanded	shorthand
shorties	shorty
shorting	short
shortlisted	shortlist
shortlisting	shortlist
shortlists	shortlist
shorts	short
shortwaves	shortwave
shot	shoot
shotguns	shotgun
shots	shot
shouldered	shoulder
shouldering	shoulder
shoulders	shoulder
shouted	shout
shouters	shouter
shouting	shout
shouts	shout
shoved	shove
shovelers	shoveler
shovelfuls	shovelful
shovelled	shovel
shovelling	shovel
shovels	shovel
shoves	shove
shoving	shove
showcased	showcase
showcases	showcase
showcasing	showcase
showdowns	showdown
showed	show
showered	shower
showerheads	showerhead
showering	shower
showerings	showering
showers	shower
showgirls	showgirl
showing	show
showings	showing
showmen	showman
shown	show
showpieces	showpiece
showrooms	showroom
shows	show
shrank	shrink
shredded	shred
shredders	shredder
shredding	shred
shreds	shred
shrewder	shrewd
shrewdest	shrewd
shrews	shrew
shrieked	shriek
shrieking	shriek
shriekings	shrieking
shrieks	shriek
shrilled	shrill
shriller	shrill
shrillest	shrill
shrilling	shrill
shrills	shrill
shrimped	shrimp
shrimpers	shrimper
shrimping	shrimp
shrimps	shrimp
shrined	shrine
shrines	shrine
shrining	shrine
shrinkages	shrinkage
shrinking	shrink
shrinks	shrink
shrivelled	shrivel
shrivelling	shrivel
shrivels	shrivel
shrouded	shroud
shrouding	shroud
shrouds	shroud
shrubberies	shrubbery
shrubs	shrub
shrugged	shrug
shrugging	shrug
shrugs	shrug
shrunk	shrink
shucked	shuck
shucking	shuck
shucks	shuck
shuddered	shudder
shuddering	shudder
shudderings	shuddering
shudders	shudder
shuffled	shuffle
shuffles	shuffle
shuffling	shuffle
shufflings	shuffling
shunned	shun
shunning	shun
shuns	shun
shunted	shunt
shunting	shunt
shunts	shunt
shushed	shush
shushes	shush
shushing	shush
shutdowns	shutdown
shuts	shut
shuttered	shutter
shuttering	shutter
shutters	shutter
shutting	shut
shuttlecocked	shuttlecock
shuttlecocking	shuttlecock
shuttlecocks	shuttlecock
shuttled	shuttle
shuttles	shuttle
shuttling	shuttle
shyer	shy
shyest	shy
shying	shy
shysters	shyster
siamesed	siamese
siberians	siberian
sibilants	sibilant
siblings	sibling
sibs	sib
sicilians	sicilian
sicked	sic
sickened	sicken
sickening	sicken
sickens	sicken
sicker	sick
sickest	sick
sicking	sic
sickles	sickle
sicklied	sickly
sicklier	sickly
sickliest	sickly
sickling	sickle
sicknesses	sickness
sickos	sicko
sicks	sick
sics	sic
sidebands	sideband
sidebars	sidebar
sideboards	sideboard
sideburns	sideburn
sidecars	sidecar
sided	side
sidekicks	sidekick
sidelights	sidelight
sidelined	sideline
sidelines	sideline
sidelining	sideline
sidelocks	sidelock
sidemen	sideman
sides	side
sideshows	sideshow
sideslipped	sideslip
sideslipping	sideslip
sidestepped	sidestep
sidestepping	sidestep
sidesteps	sidestep
sideswiped	sideswipe
sideswipes	sideswipe
sideswiping	sideswipe
sidetracked	sidetrack
sidetracking	sidetrack
sidetracks	sidetrack
sidewalks	sidewalk
sidewalls	sidewall
siding	side
sidings	siding
sidled	sidle
sidles	sidle
sidling	sidle
sieges	siege
siennas	sienna
siestas	siesta
sieved	sieve
sieves	sieve
sieving	sieve
sifted	sift
sifters	sifter
sifting	sift
siftings	sifting
sifts	sift
sighed	sigh
sighing	sigh
sighings	sighing
sighs	sigh
sighted	sight
sighting	sight
sightings	sighting
sightlines	sightline
sights	sight
sightseers	sightseer
sigils	sigil
sigmas	sigma
sigmoids	sigmoid
signalled	signal
signalling	signal
signals	signal
signatories	signatory
signatures	signature
signboards	signboard
signed	sign
signers	signer
significances	significance
significations	signification
signified	signify
signifiers	signifier
signifies	signify
signifying	signify
signing	sign
signings	signing
signposted	signpost
signposting	signpost
signposts	signpost
signs	sign
sikhs	sikh
silages	silage
silaging	silage
silenced	silence
silencers	silencer
silences	silence
silencing	silence
silesians	silesian
silhouetted	silhouette
silhouettes	silhouette
silhouetting	silhouette
silicas	silica
silicates	silicate
siliconed	silicon
silicones	silicone
siliconing	silicon
silkier	silky
silkiest	silky
silks	silk
silkworms	silkworm
sillier	silly
silliest	silly
sillinesses	silliness
sills	sill
silos	silo
silted	silt
siltier	silty
silting	silt
silts	silt
silvered	silver
silvering	silver
silvers	silver
silversmiths	silversmith
simians	simian
similarities	similarity
similes	simile
simmered	simmer
simmering	simmer
simmers	simmer
simpered	simper
simpering	simper
simpers	simper
simpler	simple
simplest	simple
simpletons	simpleton
simplicities	simplicity
simplifications	simplification
simplified	simplify
simplifies	simplify
simplifying	simplify
simulated	simulate
simulates	simulate
simulating	simulate
simulations	simulation
simulators	simulator
simulcasting	simulcast
simultaneities	simultaneity
sincerer	sincere
sincerest	sincere
sincerities	sincerity
sinecures	sinecure
sines	sine
sinewed	sinew
sinews	sinew
singaporeans	singaporean
singed	singe
singeing	singe
singers	singer
singes	singe
singing	sing
singled	single
singles	single
singletons	singleton
singlets	singlet
singling	single
sings	sing
singsongs	singsong
singularities	singularity
singulars	singular
sinisters	sinister
sinkers	sinker
sinking	sink
sinkings	sinking
sinks	sink
sinned	sin
sinners	sinner
sinning	sin
sins	sin
sinusoids	sinusoid
siphoned	siphon
siphoning	siphon
siphons	siphon
sipped	sip
sippers	sipper
sipping	sip
sips	sip
sired	sire
sirens	siren
sires	sire
siring	sire
sirloins	sirloin
sirs	sir
sisters	sister
sitars	sitar
sitcoms	sitcom
sited	site
sites	site
siting	site
sitings	siting
sits	sit
sitters	sitter
sitting	sit
sitting-rooms	sitting-room
sittings	sitting
situated	situate
situates	situate
situating	situate
situations	situation
sixpences	sixpence
sized	size
sizes	size
sizing	size
sizzled	sizzle
sizzlers	sizzler
sizzles	sizzle
sizzling	sizzle
skalded	skald
skalds	skald
skanked	skank
skanking	skank
skateboarders	skateboarder
skateboarding	skateboard
skateboards	skateboard
skated	skate
skaters	skater
skates	skate
skating	skate
skedaddled	skedaddle
skedaddles	skedaddle
skedaddling	skedaddle
skeetered	skeeter
skeins	skein
skeletons	skeleton
skepticisms	skepticism
sketchbooks	sketchbook
sketched	sketch
sketches	sketch
sketchier	sketchy
sketchiest	sketchy
sketching	sketch
sketchpads	sketchpad
skewed	skew
skewered	skewer
skewering	skewer
skewers	skewer
skewing	skew
skews	skew
ski'd	ski
skidded	skid
skidding	skid
skids	skid
skied	ski
skiers	skier
skies	sky
skiffs	skiff
skiing	ski
skillets	skillet
skills	skill
skimmed	skim
skimmers	skimmer
skimming	skim
skimped	skimp
skimpiest	skimpy
skimping	skimp
skimps	skimp
skims	skim
skinheads	skinhead
skinks	skink
skinned	skin
skinners	skinner
skinnier	skinny
skinniest	skinny
skinning	skin
skinnys	skinny
skins	skin
skipjacks	skipjack
skipped	skip
skippered	skipper
skippering	skipper
skippers	skipper
skipping	skip
skips	skip
skirled	skirl
skirling	skirl
skirls	skirl
skirmished	skirmish
skirmishers	skirmisher
skirmishes	skirmish
skirmishing	skirmish
skirted	skirt
skirting	skirt
skirtings	skirting
skirts	skirt
skis	ski
skits	skit
skittered	skitter
skittering	skitter
skitters	skitter
skittled	skittle
skittles	skittle
skittling	skittle
skivvies	skivvy
skivvying	skivvy
skulked	skulk
skulking	skulk
skulks	skulk
skullcaps	skullcap
skulled	skunk
skulling	skunk
skulls	skull
skunked	skunk
skunks	skunk
skydived	skydive
skydivers	skydiver
skydives	skydive
skydiving	skydive
skyhooks	skyhook
skying	sky
skylarked	skylark
skylarking	skylark
skylarks	skylark
skylights	skylight
skylined	skyline
skylines	skyline
skyrocketed	skyrocket
skyrocketing	skyrocket
skyrockets	skyrocket
skyscapes	skyscape
skyscrapers	skyscraper
skyways	skyway
slabbed	slab
slabs	slab
slacked	slack
slackened	slacken
slackening	slacken
slackens	slacken
slacker	slack
slackers	slacker
slackest	slack
slacking	slack
slacks	slack
slagged	slag
slagging	slag
slags	slag
slain	slay
slains	slain
slaked	slake
slakes	slake
slaking	slake
slalomed	slalom
slaloming	slalom
slaloms	slalom
slammed	slam
slammers	slammer
slamming	slam
slams	slam
slandered	slander
slandering	slander
slanders	slander
slanged	slang
slanging	slang
slangs	slang
slanted	slant
slanting	slant
slants	slant
slapped	slap
slapping	slap
slaps	slap
slashed	slash
slashers	slasher
slashes	slash
slashing	slash
slashings	slashing
slated	slate
slates	slate
slathered	slather
slathering	slather
slathers	slather
slating	slate
slats	slat
slatted	slat
slatting	slat
slaughtered	slaughter
slaughterers	slaughterer
slaughterhouses	slaughterhouse
slaughtering	slaughter
slaughterings	slaughtering
slaughters	slaughter
slaved	slave
slaveholders	slaveholder
slavered	slaver
slavering	slaver
slaverings	slavering
slavers	slaver
slaves	slave
slaving	slave
slavs	slav
slayers	slayer
slaying	slay
slayings	slaying
slays	slay
sleazier	sleazy
sleaziest	sleazy
sledded	sled
sledding	sled
sledged	sledge
sledgehammered	sledgehammer
sledgehammering	sledgehammer
sledgehammers	sledgehammer
sledges	sledge
sledging	sledge
sleds	sled
sleeked	sleek
sleeker	sleek
sleekest	sleek
sleeking	sleek
sleeks	sleek
sleepered	sleeper
sleepers	sleeper
sleepier	sleepy
sleepies	sleepy
sleeping	sleep
sleeps	sleep
sleepwalked	sleepwalk
sleepwalkers	sleepwalker
sleepwalking	sleepwalk
sleepwalks	sleepwalk
sleeted	sleet
sleeting	sleet
sleets	sleet
sleeved	sleeve
sleeves	sleeve
sleeving	sleeve
sleighed	sleigh
sleighing	sleigh
sleighs	sleigh
sleights	sleight
slendering	slender
slept	sleep
sleuthed	sleuth
sleuthing	sleuth
sleuths	sleuth
slew	slay
slewed	slew
slewing	slew
slews	slew
sliced	slice
slicers	slicer
slices	slice
slicing	slice
slicked	slick
slicker	slick
slickers	slicker
slickest	slick
slicking	slick
slicks	slick
slid	slide
sliders	slider
slides	slide
slideshows	slideshow
sliding	slide
slighted	slight
slighter	slight
slightest	slight
slighting	slight
slights	slight
slimeballs	slimeball
slimed	slime
slimes	slime
slimier	slimy
slimiest	slimy
sliming	slime
slimmed	slim
slimmer	slim
slimmers	slimmer
slimmest	slim
slimming	slim
slims	slim
slingbacks	slingback
slinging	sling
slings	sling
slinked	slink
slinkier	slinky
slinkiest	slinky
slinking	slink
slinks	slink
slipcovers	slipcover
slippages	slippage
slipped	slip
slippered	slipper
slippering	slipper
slippers	slipper
slipping	slip
slips	slip
slipstreamed	slipstream
slipstreaming	slipstream
slipways	slipway
slithered	slither
slithering	slither
slitherings	slithering
slithers	slither
slits	slit
slitting	slit
slivered	sliver
slivering	sliver
slivers	sliver
slobbed	slob
slobbered	slobber
slobbering	slobber
slobbers	slobber
slobbing	slob
slobs	slob
sloes	sloe
sloganeered	sloganeer
sloganeering	sloganeer
sloganeers	sloganeer
sloganned	slogan
slogans	slogan
slogged	slog
slogging	slog
slogs	slog
sloops	sloop
sloped	slope
slopes	slope
sloping	slope
slopped	slop
sloppier	sloppy
sloppiest	sloppy
slopping	slop
slops	slop
sloshed	slosh
sloshes	slosh
sloshing	slosh
sloths	sloth
slots	slot
slotted	slot
slotting	slot
slouched	slouch
slouches	slouch
slouching	slouch
sloughed	slough
sloughing	slough
sloughs	slough
slovakians	slovakian
slovaks	slovak
slovenians	slovenian
slowdowns	slowdown
slowed	slow
slower	slow
slowest	slow
slowing	slow
slowings	slowing
slows	slow
sludged	sludge
sludges	sludge
sludging	sludge
slued	slue
slues	slue
sluggards	sluggard
slugged	slug
sluggers	slugger
slugging	slug
slugs	slug
sluiced	sluice
sluices	sluice
sluicing	sluice
sluing	slue
slumbered	slumber
slumbering	slumber
slumbers	slumber
slummed	slum
slumming	slum
slumped	slump
slumping	slump
slumps	slump
slums	slum
slung	sling
slunk	slink
slurped	slurp
slurping	slurp
slurpings	slurping
slurps	slurp
slurred	slur
slurried	slurry
slurries	slurry
slurring	slur
slurrying	slurry
slurs	slur
slushed	slush
slushes	slush
slushier	slushy
slushing	slush
sluts	slut
smacked	smack
smackers	smacker
smacking	smack
smackings	smacking
smacks	smack
smaller	small
smallest	small
smallholders	smallholder
smarted	smart
smartened	smarten
smartening	smarten
smartens	smarten
smarter	smart
smartest	smart
smarties	smarty
smarting	smart
smarts	smart
smashed	smash
smashers	smasher
smashes	smash
smashing	smash
smatterings	smattering
smeared	smear
smearing	smear
smearings	smearing
smears	smear
smelled	smell
smellier	smelly
smellies	smelly
smelliest	smelly
smelling	smell
smells	smell
smelt	smell
smelted	smelt
smelters	smelter
smelting	smelt
smelts	smelt
smiled	smile
smilers	smiler
smiles	smile
smileys	smiley
smiling	smile
smirched	smirch
smirches	smirch
smirching	smirch
smirked	smirk
smirking	smirk
smirks	smirk
smites	smite
smithies	smithy
smiting	smite
smitten	smite
smocked	smock
smocking	smock
smocks	smock
smoggiest	smoggy
smogs	smog
smoked	smoke
smokehouses	smokehouse
smokers	smoker
smokes	smoke
smokescreens	smokescreen
smokestacks	smokestack
smokier	smoky
smokies	smoky
smoking	smoke
smoldered	smolder
smoldering	smolder
smolders	smolder
smolts	smolt
smooched	smooch
smooches	smooch
smooching	smooch
smoothed	smooth
smoother	smooth
smoothest	smooth
smoothies	smoothy
smoothing	smooth
smooths	smooth
smote	smite
smothered	smother
smothering	smother
smothers	smother
smouldered	smoulder
smouldering	smoulder
smoulderings	smouldering
smoulders	smoulder
smudged	smudge
smudges	smudge
smudging	smudge
smugger	smug
smuggest	smug
smuggled	smuggle
smugglers	smuggler
smuggles	smuggle
smuggling	smuggle
smuts	smut
smutted	smut
smuttier	smutty
smutting	smut
snacked	snack
snacking	snack
snacks	snack
snafued	snafu
snafues	snafu
snafuing	snafu
snagged	snag
snagging	snag
snags	snag
snails	snail
snaked	snake
snakeheads	snakehead
snakes	snake
snaking	snake
snapdragons	snapdragon
snapped	snap
snappers	snapper
snappier	snappy
snappiest	snappy
snapping	snap
snaps	snap
snapshots	snapshot
snared	snare
snares	snare
snaring	snare
snarled	snarl
snarling	snarl
snarlings	snarling
snarls	snarl
snatched	snatch
snatchers	snatcher
snatches	snatch
snatching	snatch
snatchings	snatching
snazzier	snazzy
snazziest	snazzy
sneaked	sneak
sneakers	sneaker
sneakier	sneaky
sneaking	sneak
sneakings	sneaking
sneaks	sneak
sneered	sneer
sneering	sneer
sneers	sneer
sneezed	sneeze
sneezes	sneeze
sneezing	sneeze
snicked	snick
snickered	snicker
snickering	snicker
snickers	snicker
snicking	snick
snicks	snick
snider	snide
sniffed	sniff
sniffers	sniffer
sniffing	sniff
sniffled	sniffle
sniffles	sniffle
sniffling	sniffle
sniffs	sniff
snifters	snifter
sniggered	snigger
sniggering	snigger
sniggers	snigger
sniped	snipe
snipers	sniper
snipes	snipe
sniping	snipe
snipped	snip
snippets	snippet
snipping	snip
snips	snip
snitched	snitch
snitches	snitch
snitching	snitch
snivelled	snivel
snivelling	snivel
snivels	snivel
snobberies	snobbery
snobs	snob
snookered	snooker
snookering	snooker
snookers	snooker
snooped	snoop
snoopers	snooper
snooping	snoop
snoops	snoop
snoozed	snooze
snoozes	snooze
snoozing	snooze
snored	snore
snorers	snorer
snores	snore
snoring	snore
snorkeled	snorkel
snorkelling	snorkel
snorkels	snorkel
snorted	snort
snorting	snort
snortings	snorting
snorts	snort
snots	snot
snotties	snotty
snouting	snout
snouts	snout
snowballed	snowball
snowballing	snowball
snowballs	snowball
snowboarded	snowboard
snowboarders	snowboarder
snowboarding	snowboard
snowboards	snowboard
snowdrifts	snowdrift
snowdrops	snowdrop
snowed	snow
snowfalls	snowfall
snowfields	snowfield
snowflakes	snowflake
snowiest	snowy
snowing	snow
snowmen	snowman
snowmobiled	snowmobile
snowmobiles	snowmobile
snowmobiling	snowmobile
snows	snow
snowshoed	snowshoe
snowshoeing	snowshoe
snowshoes	snowshoe
snowstorms	snowstorm
snowys	snowy
snubbed	snub
snubbing	snub
snubs	snub
snuffboxes	snuffbox
snuffed	snuff
snuffing	snuff
snuffled	snuffle
snuffles	snuffle
snuffling	snuffle
snuffs	snuff
snugged	snug
snugger	snug
snuggest	snug
snuggled	snuggle
snuggles	snuggle
snuggling	snuggle
snugs	snug
soaked	soak
soakers	soaker
soaking	soak
soaks	soak
soapboxes	soapbox
soaped	soap
soaping	soap
soaps	soap
soared	soar
soaring	soar
soars	soar
sobbed	sob
sobbing	sob
sobbings	sobbing
sobered	sober
sobering	sober
sobers	sober
sobriquets	sobriquet
sobs	sob
sociabilities	sociability
socialisms	socialism
socialists	socialist
socialites	socialite
socialized	socialize
socializes	socialize
socializing	socialize
societies	society
sociobiologists	sociobiologist
socioeconomics	socioeconomic
sociolinguistics	sociolinguistic
sociologies	sociology
sociologists	sociologist
sociopaths	sociopath
socked	sock
sockets	socket
socking	sock
socks	sock
sodalities	sodality
sodas	soda
sodded	sod
sodding	sod
sodomies	sodomy
sodomites	sodomite
sods	sod
sofas	sofa
soffits	soffit
softened	soften
softeners	softener
softening	soften
softenings	softening
softens	soften
softer	soft
softest	soft
softies	softy
softnesses	softness
softwoods	softwood
soggiest	soggy
soiled	soil
soiling	soil
soilings	soiling
soils	soil
soirees	soiree
sojourned	sojourn
sojourners	sojourner
sojourning	sojourn
sojourns	sojourn
solaced	solace
solaces	solace
solacing	solace
solariums	solarium
sold	sell
soldered	solder
soldering	solder
solders	solder
soldiered	soldier
soldiering	soldier
soldiers	soldier
solecisms	solecism
soled	sole
solemnities	solemnity
solemnized	solemnize
solemnizes	solemnize
solemnizing	solemnize
solenoids	solenoid
soles	sole
solicitations	solicitation
solicited	solicit
soliciting	solicit
solicitors	solicitor
solicits	solicit
solidarities	solidarity
soliders	solider
solidified	solidify
solidifies	solidify
solidifying	solidify
solidities	solidity
solids	solid
soliloquies	soliloquy
soling	sole
solitaries	solitary
solitudes	solitude
soloed	solo
soloing	solo
soloists	soloist
solos	solo
solstices	solstice
solubilities	solubility
solubles	soluble
solutes	solute
solutions	solution
solved	solve
solvencies	solvency
solvents	solvent
solvers	solver
solves	solve
solving	solve
somalians	somalian
somalis	somali
sombreros	sombrero
somedays	someday
somersaulted	somersault
somersaulting	somersault
somersaults	somersault
sommeliers	sommelier
sonars	sonar
sonatas	sonata
songbirds	songbird
songbooks	songbook
songs	song
songsters	songster
songstresses	songstress
songwriters	songwriter
sonics	sonic
sonneted	sonnet
sonneting	sonnet
sonnets	sonnet
sonograms	sonogram
sonorities	sonority
sons	son
sooted	soot
soothed	soothe
soothers	soother
soothes	soothe
soothing	soothe
soothsayers	soothsayer
sooties	sooty
sooting	soot
soots	soot
sophisms	sophism
sophisticated	sophisticate
sophisticates	sophisticate
sophisticating	sophisticate
sophistications	sophistication
sophistries	sophistry
sopped	sop
soppier	soppy
sopping	sop
sopranos	soprano
sops	sop
sorbets	sorbet
sorcerers	sorcerer
sorceresses	sorceress
sorceries	sorcery
sorer	sore
sores	sore
sorghums	sorghum
sororities	sorority
sorrels	sorrel
sorrier	sorry
sorrowed	sorrow
sorrowing	sorrow
sorrows	sorrow
sorted	sort
sorters	sorter
sorties	sortie
sorting	sort
sorts	sort
sots	sot
souffles	souffle
soughed	sough
soughing	sough
soughs	sough
sought	seek
souks	souk
souls	soul
soundbites	soundbite
soundboards	soundboard
sounded	sound
sounder	sound
sounders	sounder
sounding	sound
soundings	sounding
soundproofed	soundproof
soundproofing	soundproof
soundproofs	soundproof
sounds	sound
soundscapes	soundscape
soundtracking	soundtrack
soundtracks	soundtrack
souped	soup
souping	soup
soups	soup
sourcebooks	sourcebook
sourced	source
sources	source
sourcing	source
soured	sour
sourer	sour
sourest	sour
souring	sour
sourpusses	sourpuss
sours	sour
soused	souse
souses	souse
sousing	souse
southerners	southerner
southlands	southland
southpaws	southpaw
souvenirs	souvenir
sovereigns	sovereign
sovereignties	sovereignty
soviets	soviet
sowed	sow
sowers	sower
sowing	sow
sowings	sowing
sown	sow
sows	sow
soybeans	soybean
spacecrafts	spacecraft
spaced	space
spaceflights	spaceflight
spacemen	spaceman
spaceports	spaceport
spacers	spacer
spaces	space
spaceships	spaceship
spacesuits	spacesuit
spacewalked	spacewalk
spacewalking	spacewalk
spacewalks	spacewalk
spacing	space
spacings	spacing
spaded	spade
spadefoots	spadefoot
spades	spade
spading	spade
spaid	spay
spammed	spam
spamming	spam
spams	spam
spandrels	spandrel
spangled	spangle
spangles	spangle
spangling	spangle
spaniards	spaniard
spaniels	spaniel
spanked	spank
spankers	spanker
spanking	spank
spankings	spanking
spanks	spank
spanned	span
spanners	spanner
spanning	span
spans	span
spared	spare
spares	spare
sparing	spare
sparked	spark
sparkers	sparker
sparkier	sparky
sparking	spark
sparkled	sparkle
sparklers	sparkler
sparkles	sparkle
sparkling	sparkle
sparks	spark
sparred	spar
sparring	spar
sparrows	sparrow
spars	spar
sparser	sparse
sparsest	sparse
spartans	spartan
spas	spa
spasmed	spasm
spasming	spasm
spasms	spasm
spastics	spastic
spat	spit
spates	spate
spats	spat
spatted	spat
spattered	spatter
spattering	spatter
spatters	spatter
spatting	spat
spatulas	spatula
spawned	spawn
spawners	spawner
spawning	spawn
spawns	spawn
spayed	spay
spaying	spay
spays	spay
speakeasies	speakeasy
speakers	speaker
speaking	speak
speakings	speaking
speaks	speak
speared	spear
spearheaded	spearhead
spearheading	spearhead
spearheads	spearhead
spearing	spear
spearmen	spearman
spears	spear
specialists	specialist
specialities	speciality
specializations	specialization
specialized	specialize
specializes	specialize
specializing	specialize
specials	special
specialties	specialty
specifications	specification
specificities	specificity
specifics	specific
specified	specify
specifies	specify
specifying	specify
specimens	specimen
specked	speck
specking	speck
speckled	speckle
speckles	speckle
speckling	speckle
specks	speck
specs	spec
spectacled	spectacle
spectacles	spectacle
spectaculars	spectacular
spectated	spectate
spectates	spectate
spectating	spectate
spectators	spectator
spectra	spectrum
spectres	spectre
spectrographs	spectrograph
spectrometers	spectrometer
spectrophotometers	spectrophotometer
spectroscopists	spectroscopist
speculated	speculate
speculates	speculate
speculating	speculate
speculations	speculation
speculators	speculator
sped	speed
speeches	speech
speechwriters	speechwriter
speedballs	speedball
speedboats	speedboat
speeded	speed
speeders	speeder
speedier	speedy
speediest	speedy
speeding	speed
speedometers	speedometer
speeds	speed
speedsters	speedster
spellers	speller
spelling	spell
spellings	spelling
spells	spell
spelt	spell
spenders	spender
spending	spend
spends	spend
spendthrifts	spendthrift
spent	spend
spermed	sperm
spermicides	spermicide
sperms	sperm
spewed	spew
spewing	spew
spews	spew
spheres	sphere
spheroids	spheroid
sphincters	sphincter
sphinxes	sphinx
spiced	spice
spices	spice
spicier	spicy
spiciest	spicy
spicing	spice
spics	spic
spicules	spicule
spiders	spider
spiderwebbed	spiderweb
spiderwebs	spiderweb
spied	spy
spieled	spiel
spieling	spiel
spiels	spiel
spies	spy
spigots	spigot
spiked	spike
spikes	spike
spikier	spiky
spiking	spike
spillages	spillage
spilled	spill
spillers	spiller
spilling	spill
spillovers	spillover
spills	spill
spillways	spillway
spindles	spindle
spindling	spindle
spines	spine
spinets	spinet
spinnakered	spinnaker
spinnakers	spinnaker
spinnerets	spinneret
spinners	spinner
spinneys	spinney
spinning	spin
spinoffs	spinoff
spins	spin
spinsters	spinster
spiralled	spiral
spiralling	spiral
spirals	spiral
spires	spire
spiring	spire
spirited	spirit
spiriting	spirit
spirits	spirit
spiritualists	spiritualist
spiritualities	spirituality
spirituals	spiritual
spitballs	spitball
spited	spite
spites	spite
spitfires	spitfire
spiting	spite
spits	spit
spitting	spit
spittoons	spittoon
splashed	splash
splashes	splash
splashing	splash
splashings	splashing
splats	splat
splatted	splat
splattered	splatter
splattering	splatter
splatters	splatter
splayed	splay
splaying	splay
splays	splay
spleens	spleen
splendors	splendor
spliced	splice
splices	splice
splicing	splice
spliffs	spliff
splines	spline
splinted	splint
splintered	splinter
splintering	splinter
splinters	splinter
splinting	splint
splints	splint
splits	split
splitters	splitter
splitting	split
splittings	splitting
splotched	splotch
splotches	splotch
splotching	splotch
splurged	splurge
splurges	splurge
splurging	splurge
spluttered	splutter
spluttering	splutter
splutters	splutter
spoiled	spoil
spoilers	spoiler
spoiling	spoil
spoils	spoil
spoilsports	spoilsport
spoke	speak
spoked	spoke
spoken	speak
spokes	spoke
spokeshaves	spokeshave
spokeshaving	spokeshave
spokesmen	spokesman
spokespersons	spokesperson
spokeswomen	spokeswoman
spoking	spoke
sponged	sponge
sponges	sponge
sponging	sponge
sponsored	sponsor
sponsoring	sponsor
sponsors	sponsor
sponsorships	sponsorship
spoofed	spoof
spoofing	spoof
spoofs	spoof
spooked	spook
spookier	spooky
spooking	spook
spooks	spook
spooled	spool
spooling	spool
spools	spool
spoonbills	spoonbill
spooned	spoon
spoonerisms	spoonerism
spoonfuls	spoonful
spooning	spoon
spoons	spoon
spores	spore
sporing	spore
sported	sport
sportier	sporty
sportiest	sporty
sporting	sport
sports	sport
sportscasters	sportscaster
sportscasts	sportscast
sportsmen	sportsman
sportswomen	sportswoman
sportswriters	sportswriter
spotlighted	spotlight
spotlighting	spotlight
spotlights	spotlight
spots	spot
spotted	spot
spotteds	spotted
spotters	spotter
spotting	spot
spouses	spouse
spouted	spout
spouting	spout
spouts	spout
sprained	sprain
spraining	sprain
sprains	sprain
sprang	spring
sprawled	sprawl
sprawling	sprawl
sprawls	sprawl
sprayed	spray
sprayers	sprayer
spraying	spray
sprays	spray
spreaders	spreader
spreading	spread
spreadings	spreading
spreads	spread
spreadsheeting	spreadsheet
spreadsheets	spreadsheet
sprees	spree
sprigged	sprig
sprigging	sprig
sprightlier	sprightly
sprigs	sprig
springboards	springboard
springboks	springbok
springers	springer
springier	springy
springiest	springy
springing	spring
springs	spring
sprinkled	sprinkle
sprinklered	sprinkler
sprinklers	sprinkler
sprinkles	sprinkle
sprinkling	sprinkle
sprinklings	sprinkling
sprinted	sprint
sprinters	sprinter
sprinting	sprint
sprints	sprint
sprites	sprite
spritzed	spritz
spritzers	spritzer
spritzes	spritz
spritzing	spritz
sprockets	sprocket
sprouted	sprout
sprouting	sprout
sprouts	sprout
spruced	spruce
spruces	spruce
sprucing	spruce
sprung	spring
spudded	spud
spudding	spud
spuds	spud
spumed	spume
spumes	spume
spuming	spume
spun	spin
spunkier	spunky
spunking	spunk
spurging	spurge
spurned	spurn
spurning	spurn
spurns	spurn
spurred	spur
spurring	spur
spurs	spur
spurted	spurt
spurting	spurt
spurts	spurt
sputtered	sputter
sputtering	sputter
sputterings	sputtering
sputters	sputter
spying	spy
squabbled	squabble
squabbles	squabble
squabbling	squabble
squabblings	squabbling
squadrons	squadron
squads	squad
squalled	squall
squalling	squall
squalls	squall
squalors	squalor
squandered	squander
squandering	squander
squanders	squander
squared	square
squareds	squared
squares	square
squaring	square
squashed	squash
squashes	squash
squashing	squash
squats	squat
squatted	squat
squatters	squatter
squatting	squat
squawked	squawk
squawking	squawk
squawks	squawk
squaws	squaw
squeaked	squeak
squeakers	squeaker
squeakies	squeaky
squeakiest	squeaky
squeaking	squeak
squeaks	squeak
squealed	squeal
squealers	squealer
squealing	squeal
squealings	squealing
squeals	squeal
squeegeed	squeegee
squeegeeing	squeegee
squeegees	squeegee
squeezed	squeeze
squeezers	squeezer
squeezes	squeeze
squeezing	squeeze
squelched	squelch
squelches	squelch
squelching	squelch
squibs	squib
squids	squid
squiggles	squiggle
squinches	squinch
squinted	squint
squinting	squint
squints	squint
squired	squire
squires	squire
squiring	squire
squirmed	squirm
squirming	squirm
squirms	squirm
squirrelled	squirrel
squirrelling	squirrel
squirrels	squirrel
squirted	squirt
squirting	squirt
squirts	squirt
squished	squish
squishes	squish
squishing	squish
stabbed	stab
stabbing	stab
stabbings	stabbing
stabilities	stability
stabilized	stabilize
stabilizers	stabilizer
stabilizes	stabilize
stabilizing	stabilize
stabled	stable
stablemates	stablemate
stables	stable
stabling	stable
stabs	stab
stacked	stack
stackers	stacker
stacking	stack
stacks	stack
stadia	stadium
staffed	staff
staffers	staffer
staffing	staff
staffs	staff
stagecoaches	stagecoach
staged	stage
stagehands	stagehand
stages	stage
stagged	stag
staggered	stagger
staggering	stagger
staggers	stagger
stagging	stag
staging	stage
stagings	staging
stagnated	stagnate
stagnates	stagnate
stagnating	stagnate
stags	stag
staider	staid
stained	stain
staining	stain
stainings	staining
stains	stain
staircases	staircase
stairways	stairway
stairwells	stairwell
staked	stake
stakeholders	stakeholder
stakes	stake
staking	stake
stalactites	stalactite
stalagmites	stalagmite
staled	stale
stalemated	stalemate
stalemates	stalemate
stalemating	stalemate
staler	stale
stales	stale
stalest	stale
staling	stale
stalinists	stalinist
stalked	stalk
stalkers	stalker
stalking	stalk
stalks	stalk
stalled	stall
stalling	stall
stallings	stalling
stallions	stallion
stalls	stall
stalwarts	stalwart
stamens	stamen
staminas	stamina
stammered	stammer
stammering	stammer
stammerings	stammering
stammers	stammer
stamped	stamp
stampeded	stampede
stampedes	stampede
stampeding	stampede
stamping	stamp
stampings	stamping
stamps	stamp
stances	stance
stanched	stanch
stanches	stanch
stanching	stanch
stanchions	stanchion
standardizations	standardization
standardized	standardize
standardizes	standardize
standardizing	standardize
standards	standard
standbys	standby
standees	standee
standers	stander
standing	stand
standings	standing
standoffs	standoff
standouts	standout
standpipes	standpipe
standpoints	standpoint
stands	stand
standstills	standstill
stank	stink
stanzas	stanza
stapled	staple
staplers	stapler
staples	staple
stapling	staple
starboarded	starboard
starboarding	starboard
starboards	starboard
starbursts	starburst
starched	starch
starches	starch
starching	starch
stared	stare
stares	stare
starfished	starfish
starfishes	starfish
stargazers	stargazer
staring	stare
starlets	starlet
starlights	starlight
starlings	starling
starred	star
starriest	starry
starring	star
stars	star
starships	starship
started	start
starters	starter
starting	start
startings	starting
startled	startle
startles	startle
startling	startle
starts	start
starvations	starvation
starved	starve
starves	starve
starving	starve
stashed	stash
stashes	stash
stashing	stash
stated	state
statelier	stately
statements	statement
staterooms	stateroom
states	state
statesmen	statesman
statics	static
stating	state
stationed	station
stationers	stationer
stationing	station
stationmasters	stationmaster
stations	station
statisticians	statistician
stats	stat
statues	statue
statuettes	statuette
statutes	statute
staunched	staunch
staunches	staunch
staunchest	staunch
staunching	staunch
staved	stave
staves	stave
staving	stave
stayed	stay
stayers	stayer
staying	stay
stays	stay
steadied	steady
steadier	steady
steadies	steady
steadiest	steady
steading	stead
steads	stead
steadying	steady
steaks	steak
stealers	stealer
stealing	steal
steals	steal
stealthier	stealthy
steamboating	steamboat
steamboats	steamboat
steamed	steam
steamers	steamer
steaming	steam
steamings	steaming
steamrollered	steamroller
steamrollering	steamroller
steamrollers	steamroller
steams	steam
steamships	steamship
steeled	steel
steelier	steely
steelies	steely
steeling	steel
steelmakers	steelmaker
steels	steel
steelworkers	steelworker
steelworks	steelwork
steeped	steep
steepened	steepen
steepening	steepen
steepens	steepen
steeper	steep
steepest	steep
steeping	steep
steeplechased	steeplechase
steeplechases	steeplechase
steeplechasing	steeplechase
steepled	steeple
steeples	steeple
steepling	steeple
steeps	steep
steerables	steerable
steered	steer
steerers	steerer
steering	steer
steers	steer
stegosaurs	stegosaur
steins	stein
steles	stele
stemmed	stem
stemming	stem
stems	stem
stenches	stench
stencilled	stencil
stencilling	stencil
stencils	stencil
stenographers	stenographer
stented	stent
stenting	stent
stents	stent
stepbrothers	stepbrother
stepdaughters	stepdaughter
stepfathers	stepfather
stepladders	stepladder
stepmothers	stepmother
stepparents	stepparent
stepped	step
steppers	stepper
steppes	steppe
stepping	step
steps	step
stepsisters	stepsister
stepsons	stepson
stereopticons	stereopticon
stereos	stereo
stereotyped	stereotype
stereotypes	stereotype
stereotypies	stereotypy
stereotyping	stereotype
sterilizations	sterilization
sterilized	sterilize
sterilizers	sterilizer
sterilizes	sterilize
sterilizing	sterilize
sterlings	sterling
sterns	stern
steroids	steroid
stethoscopes	stethoscope
stevedores	stevedore
stevedoring	stevedore
stewarded	steward
stewardesses	stewardess
stewarding	steward
stewards	steward
stewardships	stewardship
stewed	stew
stewing	stew
stews	stew
stickers	sticker
stickied	sticky
stickier	sticky
stickies	sticky
stickiest	sticky
sticking	stick
sticklebacking	stickleback
sticklebacks	stickleback
sticklers	stickler
sticks	stick
sties	sty
stiffened	stiffen
stiffeners	stiffener
stiffening	stiffen
stiffens	stiffen
stiffer	stiff
stiffest	stiff
stiffnesses	stiffness
stiffs	stiff
stifled	stifle
stifles	stifle
stifling	stifle
stigmas	stigma
stigmatized	stigmatize
stigmatizes	stigmatize
stigmatizing	stigmatize
stiled	stile
stiles	stile
stilettos	stiletto
stillbirths	stillbirth
stillborns	stillborn
stilled	still
stilling	still
stillnesses	stillness
stills	still
stilted	stilt
stilts	stilt
stimulants	stimulant
stimulated	stimulate
stimulates	stimulate
stimulating	stimulate
stimulations	stimulation
stimulators	stimulator
stimuli	stimulus
stingers	stinger
stinging	sting
stingrays	stingray
stings	sting
stinkers	stinker
stinkiest	stinky
stinking	stink
stinks	stink
stinted	stint
stinting	stint
stints	stint
stipends	stipend
stippled	stipple
stipples	stipple
stippling	stipple
stipulated	stipulate
stipulates	stipulate
stipulating	stipulate
stipulations	stipulation
stirred	stir
stirrers	stirrer
stirring	stir
stirrings	stirring
stirrups	stirrup
stirs	stir
stitched	stitch
stitchers	stitcher
stitches	stitch
stitching	stitch
stoated	stoat
stoats	stoat
stochastics	stochastic
stockaded	stockade
stockades	stockade
stockading	stockade
stockbrokers	stockbroker
stocked	stock
stockers	stocker
stockholders	stockholder
stockholdings	stockholding
stockier	stocky
stocking	stock
stockings	stocking
stockmen	stockman
stockpiled	stockpile
stockpiles	stockpile
stockpiling	stockpile
stockpots	stockpot
stockrooms	stockroom
stocks	stock
stockyards	stockyard
stoichiometries	stoichiometry
stoics	stoic
stoked	stoke
stokers	stoker
stokes	stoke
stoking	stoke
stole	steal
stolen	steal
stoles	stole
stomached	stomach
stomaches	stomach
stomaching	stomach
stomachs	stomach
stomas	stoma
stomped	stomp
stomping	stomp
stomps	stomp
stonecutters	stonecutter
stoned	stone
stoneflies	stonefly
stonemasons	stonemason
stones	stone
stonewalled	stonewall
stonewalling	stonewall
stonewalls	stonewall
stonewares	stoneware
stonier	stony
stoning	stone
stonings	stoning
stood	stand
stooged	stooge
stooges	stooge
stooging	stooge
stooled	stool
stooling	stool
stools	stool
stooped	stoop
stooping	stoop
stoops	stoop
stopgaps	stopgap
stopovers	stopover
stoppages	stoppage
stopped	stop
stoppered	stopper
stoppering	stopper
stoppers	stopper
stopping	stop
stoppings	stopping
stops	stop
storages	storage
stored	store
storefronts	storefront
storehouses	storehouse
storekeepers	storekeeper
storerooms	storeroom
stores	store
storeyed	storey
storeys	storey
stories	story
storing	store
storks	stork
stormed	storm
stormier	stormy
stormiest	stormy
storming	storm
storms	storm
storyboarding	storyboard
storyboards	storyboard
storybooks	storybook
storylines	storyline
storytellers	storyteller
stouter	stout
stoutest	stout
stouts	stout
stoved	stove
stoves	stove
stowaways	stowaway
stowed	stow
stowing	stow
stows	stow
straddled	straddle
straddles	straddle
straddling	straddle
strafed	strafe
strafes	strafe
strafing	strafe
straggled	straggle
stragglers	straggler
straggles	straggle
straggling	straggle
straightened	straighten
straightening	straighten
straightens	straighten
straighter	straight
straightest	straight
straightjackets	straightjacket
straights	straight
strained	strain
strainers	strainer
straining	strain
strains	strain
straitjackets	straitjacket
straits	strait
straked	strake
strakes	strake
stranded	strand
stranding	strand
strandings	stranding
strands	strand
strangenesses	strangeness
stranger	strange
strangers	stranger
strangest	strange
strangled	strangle
stranglers	strangler
strangles	strangle
strangling	strangle
stranglings	strangling
strapped	strap
strapping	strap
strappings	strapping
straps	strap
strata	stratum
stratagems	stratagem
stratas	strata
strategies	strategy
strategists	strategist
stratifications	stratification
stratified	stratify
stratifies	stratify
stratifying	stratify
stratigraphies	stratigraphy
strawberries	strawberry
strawed	straw
strawing	straw
straws	straw
strayed	stray
straying	stray
strays	stray
streaked	streak
streaking	streak
streakings	streaking
streaks	streak
streamed	stream
streamers	streamer
streaming	stream
streamlined	streamline
streamliners	streamliner
streamlines	streamline
streamlining	streamline
streams	stream
streetlamps	streetlamp
streetlights	streetlight
streets	street
streetwalkers	streetwalker
strengthened	strengthen
strengtheners	strengthener
strengthening	strengthen
strengthens	strengthen
strengths	strength
stressed	stress
stresses	stress
stressing	stress
stressors	stressor
stretched	stretch
stretchered	stretcher
stretchers	stretcher
stretches	stretch
stretchies	stretchy
stretching	stretch
strewing	strew
strewn	strew
strews	strew
striated	striate
striates	striate
striating	striate
striations	striation
stricter	strict
strictest	strict
strictured	stricture
strictures	stricture
stricturing	stricture
striders	strider
strides	stride
striding	stride
strikebreakers	strikebreaker
strikers	striker
strikes	strike
striking	strike
stringencies	stringency
stringers	stringer
stringier	stringy
stringing	string
strings	string
striped	stripe
stripes	stripe
striping	stripe
striplings	stripling
stripped	strip
strippers	stripper
stripping	strip
strippings	stripping
strips	strip
striven	strive
strives	strive
striving	strive
strivings	striving
strobed	strobe
strobes	strobe
strobing	strobe
strode	stride
stroganoffs	stroganoff
stroked	stroke
strokes	stroke
stroking	stroke
strolled	stroll
strollers	stroller
strolling	stroll
strolls	stroll
stromas	stroma
stromatolites	stromatolite
strongboxes	strongbox
stronger	strong
strongest	strong
strongholds	stronghold
strongmen	strongman
strongpoints	strongpoint
strophes	strophe
stropped	strop
stropping	strop
strops	strop
strove	strive
struck	strike
structuralists	structuralist
structured	structure
structures	structure
structuring	structure
structurings	structuring
struggled	struggle
strugglers	struggler
struggles	struggle
struggling	struggle
strummed	strum
strumming	strum
strums	strum
strung	string
struts	strut
strutted	strut
strutting	strut
stubbed	stub
stubbier	stubby
stubbies	stubby
stubbing	stub
stubbled	stubble
stubbles	stubble
stubs	stub
stuccoed	stucco
stuccoing	stucco
stuccos	stucco
stuck	stick
studded	stud
studding	stud
students	student
studied	study
studies	study
studios	studio
studs	stud
studying	study
stuffed	stuff
stuffers	stuffer
stuffier	stuffy
stuffies	stuffy
stuffiest	stuffy
stuffing	stuff
stuffings	stuffing
stuffs	stuff
stultified	stultify
stultifies	stultify
stultifying	stultify
stumbled	stumble
stumbles	stumble
stumbling	stumble
stumblings	stumbling
stumped	stump
stumpies	stumpy
stumping	stump
stumpings	stumping
stumps	stump
stung	sting
stunned	stun
stunners	stunner
stunning	stun
stuns	stun
stunted	stunt
stunting	stunt
stuntmen	stuntman
stunts	stunt
stupefied	stupefy
stupefies	stupefy
stupefying	stupefy
stupidities	stupidity
sturdier	sturdy
sturdiest	sturdy
sturgeons	sturgeon
stuttered	stutter
stutterers	stutterer
stuttering	stutter
stutterings	stuttering
stutters	stutter
styed	sty
styled	style
stylers	styler
styles	style
styling	style
stylings	styling
stylists	stylist
stymied	stymie
stymieing	stymie
stymies	stymie
subalterns	subaltern
subassemblies	subassembly
subbed	sub
subbing	sub
subcategories	subcategory
subclasses	subclass
subcommittees	subcommittee
subcontracted	subcontract
subcontracting	subcontract
subcontractors	subcontractor
subcontracts	subcontract
subcultured	subculture
subcultures	subculture
subdisciplines	subdiscipline
subdivided	subdivide
subdivides	subdivide
subdividing	subdivide
subdivisions	subdivision
subducted	subduct
subducting	subduct
subdued	subdue
subdues	subdue
subduing	subdue
subfamilies	subfamily
subfields	subfield
subfloors	subfloor
subgenres	subgenre
subgrouping	subgroup
subgroups	subgroup
subheading	subhead
subheadings	subheading
subheads	subhead
subjected	subject
subjecting	subject
subjectivists	subjectivist
subjectivities	subjectivity
subjects	subject
subjugated	subjugate
subjugates	subjugate
subjugating	subjugate
subjugations	subjugation
subjunctives	subjunctive
subleased	sublease
subleases	sublease
subleasing	sublease
sublets	sublet
subletting	sublet
sublimated	sublimate
sublimates	sublimate
sublimating	sublimate
sublimations	sublimation
sublimed	sublime
sublimes	sublime
sublimest	sublime
subliminals	subliminal
subliming	sublime
sublimities	sublimity
submarined	submarine
submariners	submariner
submarines	submarine
submarining	submarine
submerged	submerge
submerges	submerge
submerging	submerge
submersibles	submersible
submissions	submission
submissives	submissive
submits	submit
submitted	submit
submitting	submit
subnormals	subnormal
subordinated	subordinate
subordinates	subordinate
subordinating	subordinate
subordinations	subordination
suborned	suborn
suborning	suborn
suborns	suborn
subparts	subpart
subplots	subplot
subpoenaed	subpoena
subpoenaing	subpoena
subpoenas	subpoena
subpopulations	subpopulation
subregions	subregion
subroutines	subroutine
subs	sub
subsamples	subsample
subscales	subscale
subscribed	subscribe
subscribers	subscriber
subscribes	subscribe
subscribing	subscribe
subscriptions	subscription
subscripts	subscript
subsections	subsection
subsectors	subsector
subserved	subserve
subserves	subserve
subserving	subserve
subsets	subset
subsetted	subset
subsided	subside
subsides	subside
subsidiaries	subsidiary
subsidies	subsidy
subsiding	subside
subsidized	subsidize
subsidizes	subsidize
subsidizing	subsidize
subsisted	subsist
subsisting	subsist
subsists	subsist
subsoiling	subsoil
subsoils	subsoil
subspecialties	subspecialty
substances	substance
substantiated	substantiate
substantiates	substantiate
substantiating	substantiate
substantives	substantive
substituted	substitute
substitutes	substitute
substituting	substitute
substitutions	substitution
substrates	substrate
substructures	substructure
subsumed	subsume
subsumes	subsume
subsuming	subsume
subsystems	subsystem
subtended	subtend
subtending	subtend
subtends	subtend
subterfuges	subterfuge
subterraneans	subterranean
subtests	subtest
subtexts	subtext
subthemes	subtheme
subtitled	subtitle
subtitles	subtitle
subtitling	subtitle
subtleties	subtlety
subtopics	subtopic
subtotals	subtotal
subtracted	subtract
subtracting	subtract
subtractions	subtraction
subtracts	subtract
subtypes	subtype
subunits	subunit
suburbanites	suburbanite
suburbans	suburban
suburbias	suburbia
suburbs	suburb
subventions	subvention
subversions	subversion
subversives	subversive
subverted	subvert
subverting	subvert
subverts	subvert
subways	subway
subwoofers	subwoofer
succeeded	succeed
succeeding	succeed
succeeds	succeed
successes	success
successions	succession
successors	successor
succored	succor
succoring	succor
succors	succor
succulents	succulent
succumbed	succumb
succumbing	succumb
succumbs	succumb
sucked	suck
suckered	sucker
suckering	sucker
suckers	sucker
sucking	suck
suckled	suckle
suckles	suckle
suckling	suckle
sucklings	suckling
sucks	suck
suctioned	suction
suctioning	suction
suctions	suction
sued	sue
suedes	suede
sues	sue
suffered	suffer
sufferers	sufferer
suffering	suffer
sufferings	suffering
suffers	suffer
sufficed	suffice
suffices	suffice
sufficing	suffice
suffixed	suffix
suffixes	suffix
suffixing	suffix
suffocated	suffocate
suffocates	suffocate
suffocating	suffocate
suffrages	suffrage
suffragettes	suffragette
suffragists	suffragist
suffused	suffuse
suffuses	suffuse
suffusing	suffuse
sugared	sugar
sugariest	sugary
sugaring	sugar
sugars	sugar
suggested	suggest
suggesting	suggest
suggestions	suggestion
suggests	suggest
suicides	suicide
suing	sue
suitcases	suitcase
suited	suit
suites	suite
suiting	suit
suitors	suitor
suits	suit
sulfated	sulfate
sulfates	sulfate
sulfating	sulfate
sulfured	sulfur
sulfuring	sulfur
sulfurs	sulfur
sulked	sulk
sulking	sulk
sulks	sulk
sullied	sully
sullies	sully
sullying	sully
sulphated	sulphate
sulphates	sulphate
sultanas	sultana
sultanates	sultanate
sultans	sultan
sultriest	sultry
sumacs	sumac
sumerians	sumerian
summaries	summary
summarized	summarize
summarizes	summarize
summarizing	summarize
summations	summation
summed	sum
summered	summer
summerhouses	summerhouse
summering	summer
summers	summer
summing	sum
summiteers	summiteer
summits	summit
summoned	summon
summoning	summon
summonings	summoning
summons	summon
summonses	summons
sumps	sump
sums	sum
sunbathed	sunbathe
sunbathers	sunbather
sunbathes	sunbathe
sunbathing	sunbathe
sunbeams	sunbeam
sunbirds	sunbird
sunblocks	sunblock
sunburned	sunburn
sunburning	sunburn
sunburns	sunburn
sunbursts	sunburst
sundaes	sundae
sundays	sunday
sundered	sunder
sundering	sunder
sunders	sunder
sundews	sundew
sundials	sundial
sundresses	sundress
sundries	sundry
sunfished	sunfish
sunfishes	sunfish
sunflowers	sunflower
sung	sing
sunk	sink
sunned	sun
sunnier	sunny
sunnies	sunny
sunniest	sunny
sunning	sun
sunnis	sunni
sunrises	sunrise
sunroofs	sunroof
sunrooms	sunroom
suns	sun
sunscreening	sunscreen
sunscreens	sunscreen
sunsets	sunset
sunshades	sunshade
sunspots	sunspot
suntanned	suntan
suntanning	suntan
suntans	suntan
superalloys	superalloy
superceded	supercede
supercedes	supercede
superceding	supercede
supercharged	supercharge
superchargers	supercharger
supercharges	supercharge
supercharging	supercharge
superclusters	supercluster
supercomputers	supercomputer
superconductors	superconductor
supercontinents	supercontinent
superegos	superego
superficialities	superficiality
superfluities	superfluity
supergiants	supergiant
superglued	superglue
superglues	superglue
supergroups	supergroup
superheated	superheat
superhighways	superhighway
superhumans	superhuman
superimposed	superimpose
superimposes	superimpose
superimposing	superimpose
superimpositions	superimposition
superintended	superintend
superintendents	superintendent
superintending	superintend
superintends	superintend
superiorities	superiority
superiors	superior
superlatives	superlative
supermarkets	supermarket
supermaxes	supermax
supermen	superman
supermodels	supermodel
supernatants	supernatant
supernaturals	supernatural
supernovas	supernova
supernumeraries	supernumerary
superordinated	superordinate
superordinates	superordinate
superordinating	superordinate
superoxides	superoxide
superposed	superpose
superposes	superpose
superposing	superpose
superpositions	superposition
superpowers	superpower
supers	super
superscalars	superscalar
superscripts	superscript
superseded	supersede
supersedes	supersede
superseding	supersede
superstars	superstar
superstates	superstate
superstations	superstation
superstitions	superstition
superstores	superstore
superstrings	superstring
superstructures	superstructure
supertankers	supertanker
supervised	supervise
supervises	supervise
supervising	supervise
supervisions	supervision
supervisors	supervisor
superwomen	superwoman
supped	sup
suppers	supper
supping	sup
supplanted	supplant
supplanting	supplant
supplants	supplant
suppled	supple
supplementaries	supplementary
supplemented	supplement
supplementing	supplement
supplements	supplement
suppler	supple
supples	supple
supplest	supple
suppliants	suppliant
supplicants	supplicant
supplicated	supplicate
supplicates	supplicate
supplicating	supplicate
supplications	supplication
supplied	supply
suppliers	supplier
supplies	supply
suppling	supple
supplying	supply
supported	support
supporters	supporter
supporting	support
supports	support
supposed	suppose
supposes	suppose
supposing	suppose
supposings	supposing
suppositions	supposition
suppositories	suppository
suppressants	suppressant
suppressed	suppress
suppresses	suppress
suppressing	suppress
suppressions	suppression
suppressors	suppressor
suppurated	suppurate
suppurates	suppurate
suppurating	suppurate
supranationals	supranational
supremacists	supremacist
supremos	supremo
sups	sup
suras	sura
surcharged	surcharge
surcharges	surcharge
surcharging	surcharge
surcoats	surcoat
surer	sure
surest	sure
sureties	surety
surfaced	surface
surfaces	surface
surfacing	surface
surfacings	surfacing
surfactants	surfactant
surfboarding	surfboard
surfboards	surfboard
surfed	surf
surfeited	surfeit
surfeiting	surfeit
surfeits	surfeit
surfers	surfer
surfing	surf
surfs	surf
surged	surge
surgeons	surgeon
surgeries	surgery
surges	surge
surging	surge
surgings	surging
surlier	surly
surliest	surly
surmised	surmise
surmises	surmise
surmising	surmise
surmounted	surmount
surmounting	surmount
surmounts	surmount
surnamed	surname
surnames	surname
surpassed	surpass
surpasses	surpass
surpassing	surpass
surplices	surplice
surprised	surprise
surprises	surprise
surprising	surprise
surrealists	surrealist
surrendered	surrender
surrendering	surrender
surrenders	surrender
surrogates	surrogate
surrounded	surround
surrounding	surround
surrounds	surround
surtaxed	surtax
surtaxes	surtax
surtaxing	surtax
surveillances	surveillance
surveyed	survey
surveying	survey
surveyors	surveyor
surveys	survey
survivalists	survivalist
survivals	survival
survived	survive
survives	survive
surviving	survive
survivors	survivor
susceptibilities	susceptibility
susceptibles	susceptible
suspected	suspect
suspecting	suspect
suspects	suspect
suspended	suspend
suspending	suspend
suspends	suspend
suspensions	suspension
suspicions	suspicion
sussed	suss
sussing	suss
sustained	sustain
sustainers	sustainer
sustaining	sustain
sustains	sustain
sutlers	sutler
sutured	suture
sutures	suture
suturing	suture
swabbed	swab
swabbing	swab
swabians	swabian
swabs	swab
swaddled	swaddle
swaddles	swaddle
swaddling	swaddle
swagged	swag
swaggered	swagger
swaggering	swagger
swaggers	swagger
swagging	swag
swags	swag
swains	swain
swales	swale
swallowed	swallow
swallowing	swallow
swallows	swallow
swam	swim
swamis	swami
swamped	swamp
swamping	swamp
swamplands	swampland
swamps	swamp
swanked	swank
swankier	swanky
swankiest	swanky
swanking	swank
swanks	swank
swanned	swan
swanning	swan
swans	swan
swapped	swap
swapping	swap
swaps	swap
swards	sward
swarmed	swarm
swarming	swarm
swarms	swarm
swashbucklers	swashbuckler
swashed	swash
swashes	swash
swashing	swash
swastikas	swastika
swatches	swatch
swathed	swathe
swathes	swathe
swaths	swath
swats	swat
swatted	swat
swatting	swat
swayed	sway
swaying	sway
sways	sway
swearing	swear
swears	swear
sweated	sweat
sweaters	sweater
sweatier	sweaty
sweatiest	sweaty
sweating	sweat
sweatings	sweating
sweats	sweat
sweatshirts	sweatshirt
sweatshops	sweatshop
swedenborgians	swedenborgian
swedes	swede
sweepers	sweeper
sweeping	sweep
sweepings	sweeping
sweeps	sweep
sweepstakes	sweepstake
sweetened	sweeten
sweeteners	sweetener
sweetening	sweeten
sweetens	sweeten
sweeter	sweet
sweetest	sweet
sweethearts	sweetheart
sweetmeats	sweetmeat
sweetnesses	sweetness
sweets	sweet
swelled	swell
swelling	swell
swellings	swelling
swells	swell
sweltered	swelter
sweltering	swelter
swelters	swelter
swept	sweep
swerved	swerve
swerves	swerve
swerving	swerve
swiddens	swidden
swifter	swift
swiftest	swift
swiftlets	swiftlet
swifts	swift
swigged	swig
swigging	swig
swigs	swig
swilled	swill
swilling	swill
swills	swill
swimmers	swimmer
swimming	swim
swims	swim
swimsuits	swimsuit
swindled	swindle
swindlers	swindler
swindles	swindle
swindling	swindle
swines	swine
swingers	swinger
swinging	swing
swings	swing
swiped	swipe
swipes	swipe
swiping	swipe
swirled	swirl
swirling	swirl
swirlings	swirling
swirls	swirl
swished	swish
swishes	swish
swishing	swish
switchbacked	switchback
switchbacking	switchback
switchbacks	switchback
switchblades	switchblade
switchboards	switchboard
switched	switch
switchers	switcher
switches	switch
switching	switch
swivelled	swivel
swivelling	swivel
swivels	swivel
swollen	swell
swooned	swoon
swooning	swoon
swoonings	swooning
swoons	swoon
swooped	swoop
swooping	swoop
swoops	swoop
swooshed	swoosh
swooshes	swoosh
swooshing	swoosh
swords	sword
swordsmen	swordsman
swore	swear
sworn	swear
swum	swim
swung	swing
sybarites	sybarite
sycamores	sycamore
sycophants	sycophant
syllabled	syllable
syllables	syllable
syllabuses	syllabus
syllogisms	syllogism
sylphs	sylph
symbionts	symbiont
symbolics	symbolic
symbolists	symbolist
symbolized	symbolize
symbolizes	symbolize
symbolizing	symbolize
symbols	symbol
symmetries	symmetry
sympathies	sympathy
sympathized	sympathize
sympathizers	sympathizer
sympathizes	sympathize
sympathizing	sympathize
symphonics	symphonic
symphonies	symphony
symposiums	symposium
symptomatologies	symptomatology
symptoms	symptom
synagogues	synagogue
synapses	synapse
synapsing	synapse
synced	sync
synchronicities	synchronicity
synchronies	synchrony
synchronized	synchronize
synchronizes	synchronize
synchronizing	synchronize
synchros	synchro
synchrotrons	synchrotron
syncing	sync
syncopated	syncopate
syncopates	syncopate
syncopating	syncopate
syncopations	syncopation
syncs	sync
syndicalists	syndicalist
syndicated	syndicate
syndicates	syndicate
syndicating	syndicate
syndications	syndication
syndromes	syndrome
synergies	synergy
synods	synod
synonyms	synonym
synopses	synopsis
synoptics	synoptic
syntactics	syntactic
syntheses	synthesis
synthesized	synthesize
synthesizer	synthesize
synthesizers	synthesizer
synthesizes	synthesize
synthesizing	synthesize
synthetics	synthetic
synths	synth
syphilitics	syphilitic
syrians	syrian
syringed	syringe
syringes	syringe
syringing	syringe
syrups	syrup
systematics	systematic
systematized	systematize
systematizes	systematize
systematizing	systematize
systemics	systemic
systems	system
systoles	systole
t-shirts	t-shirt
tabbed	tab
tabbies	tabby
tabbing	tab
tabernacles	tabernacle
tablatures	tablature
tableaux	tableau
tablecloths	tablecloth
tabled	table
tablelands	tableland
tables	table
tablespoonfuls	tablespoonful
tablespoons	tablespoon
tabletops	tabletop
tablets	tablet
tabling	table
tabloids	tabloid
taboos	taboo
tabs	tab
tabulated	tabulate
tabulates	tabulate
tabulating	tabulate
tabulations	tabulation
tachometers	tachometer
tachycardias	tachycardia
tachyons	tachyon
tacked	tack
tacking	tack
tackled	tackle
tacklers	tackler
tackles	tackle
tackling	tackle
tacks	tack
tacos	taco
tacticians	tactician
tactics	tactic
tadpoles	tadpole
taes	tae
taffetas	taffeta
tagged	tag
taggers	tagger
tagging	tag
tags	tag
tahitians	tahitian
tailbacks	tailback
tailcoated	tailcoat
tailcoats	tailcoat
tailed	tail
tailfins	tailfin
tailgated	tailgate
tailgates	tailgate
tailgating	tailgate
tailing	tail
tailings	tailing
tailored	tailor
tailoring	tailor
tailors	tailor
tailpieces	tailpiece
tailpipes	tailpipe
tails	tail
tailwinded	tailwind
tainted	taint
tainting	taint
taints	taint
takeaways	takeaway
taken	take
takeoffs	takeoff
takeovers	takeover
takers	taker
takes	take
taking	take
takings	taking
talcked	talc
talcking	talc
talcs	talc
talents	talent
tales	tale
talismans	talisman
talked	talk
talkers	talker
talkies	talky
talking	talk
talkings	talking
talks	talk
taller	tall
tallest	tall
tallied	tally
tallies	tally
tallying	tally
taloned	talon
talons	talon
tamales	tamale
tamarinds	tamarind
tamarins	tamarin
tamarisks	tamarisk
tamboured	tambour
tambourines	tambourine
tambours	tambour
tamed	tame
tamer	tame
tamers	tamer
tames	tame
tamils	tamil
taming	tame
tamped	tamp
tampered	tamper
tampering	tamper
tampers	tamper
tamping	tamp
tamponed	tampon
tamponing	tampon
tampons	tampon
tamps	tamp
tanagers	tanager
tandems	tandem
tangents	tangent
tangerines	tangerine
tangibles	tangible
tangled	tangle
tangles	tangle
tangling	tangle
tangoed	tango
tangoes	tango
tangoing	tango
tangos	tango
tangs	tang
tankards	tankard
tanked	tank
tankered	tanker
tankers	tanker
tankfuls	tankful
tanking	tank
tanks	tank
tanned	tan
tanneds	tanned
tanneries	tannery
tanning	tan
tannins	tannin
tans	tan
tantalized	tantalize
tantalizes	tantalize
tantalizing	tantalize
tantrums	tantrum
tanzanians	tanzanian
taoists	taoist
taos	tao
tapas	tapa
taped	tape
tapered	taper
tapering	taper
tapers	taper
tapes	tape
tapestried	tapestry
tapestries	tapestry
tapeworms	tapeworm
taping	tape
tapings	taping
tapirs	tapir
tapped	tap
tappers	tapper
tapping	tap
tappings	tapping
taps	tap
tarantulas	tarantula
tared	tare
tares	tare
targeted	target
targeting	target
targets	target
tariffed	tariff
tariffing	tariff
tariffs	tariff
taring	tare
tarmacked	tarmac
tarmacking	tarmac
tarmacs	tarmac
tarnished	tarnish
tarnishes	tarnish
tarnishing	tarnish
tarns	tarn
tarpaulins	tarpaulin
tarps	tarp
tarred	tar
tarried	tarry
tarries	tarry
tarring	tar
tarrying	tarry
tars	tar
tarsals	tarsal
tartans	tartan
tartars	tartar
tarted	tart
tarting	tart
tartlets	tartlet
tarts	tart
tas	ta
tasked	task
tasking	task
taskmasters	taskmaster
tasks	task
tasmanians	tasmanian
tasselled	tassel
tassels	tassel
tasted	taste
tasters	taster
tastes	taste
tastier	tasty
tastiest	tasty
tasting	taste
tastings	tasting
taters	tater
tattier	tatty
tattled	tattle
tattles	tattle
tattling	tattle
tattooed	tattoo
tattooing	tattoo
tattoos	tattoo
taught	teach
taunted	taunt
taunting	taunt
taunts	taunt
taupes	taupe
tautened	tauten
tautening	tauten
tautens	tauten
tauter	taut
tauting	taut
tautologies	tautology
tavernas	taverna
taverns	tavern
tawnies	tawny
taxations	taxation
taxed	tax
taxers	taxer
taxes	tax
taxicabs	taxicab
taxidermists	taxidermist
taxied	taxi
taxies	taxi
taxiing	taxi
taxing	tax
taxis	taxi
taxiways	taxiway
taxmen	taxman
taxonomies	taxonomy
taxonomists	taxonomist
taxpayers	taxpayer
teabags	teabag
teachers	teacher
teaches	teach
teaching	teach
teachings	teaching
teacups	teacup
teahouses	teahouse
teals	teal
teamed	team
teaming	team
teammates	teammate
teams	team
teamsters	teamster
teamworking	teamwork
teamworks	teamwork
teapots	teapot
teardrops	teardrop
tearing	tear
tearings	tearing
tearooms	tearoom
tears	tear
teas	tea
teased	tease
teasers	teaser
teases	tease
teasing	tease
teaspoonfuls	teaspoonful
teaspoons	teaspoon
teats	teat
techies	techy
technicalities	technicality
technicians	technician
techniques	technique
technocrats	technocrat
technologies	technology
technologists	technologist
technophiles	technophile
techs	tech
tectonics	tectonic
teddies	teddy
teed	tee
teeing	tee
teemed	teem
teeming	teem
teems	teem
teenagers	teenager
teenies	teeny
teeniest	teeny
teens	teen
teenyboppers	teenybopper
teepees	teepee
tees	tee
teetered	teeter
teetering	teeter
teeters	teeter
teeth	tooth
telecasting	telecast
telecasts	telecast
telegrams	telegram
telegraphed	telegraph
telegraphers	telegrapher
telegraphing	telegraph
telegraphs	telegraph
teleologies	teleology
telepaths	telepath
telephoned	telephone
telephones	telephone
telephonics	telephonic
telephoning	telephone
telephotos	telephoto
telescoped	telescope
telescopes	telescope
telescoping	telescope
telescreens	telescreen
telethons	telethon
teletypes	teletype
televised	televise
televises	televise
televising	televise
televisions	television
televisuals	televisual
telexed	telex
telexes	telex
telexing	telex
tellers	teller
tellies	telly
telling	tell
tellings	telling
tellins	tellin
tells	tell
telltales	telltale
telomeres	telomere
temped	temp
temperaments	temperament
temperas	tempera
temperatures	temperature
tempered	temper
tempering	temper
tempers	temper
tempests	tempest
temping	temp
templates	template
templating	template
temples	temple
temporalities	temporality
temporaries	temporary
temporized	temporize
temporizes	temporize
temporizing	temporize
tempos	tempo
temps	temp
temptations	temptation
tempted	tempt
tempters	tempter
tempting	tempt
temptresses	temptress
tempts	tempt
tenacities	tenacity
tenancies	tenancy
tenanted	tenant
tenanting	tenant
tenants	tenant
tended	tend
tendencies	tendency
tendered	tender
tendering	tender
tenderized	tenderize
tenderizes	tenderize
tenderizing	tenderize
tenders	tender
tending	tend
tendoned	tendon
tendons	tendon
tendrilled	tendril
tendrils	tendril
tends	tend
tenements	tenement
tenets	tenet
tenners	tenner
tenoned	tenon
tenoning	tenon
tenons	tenon
tenors	tenor
tenpins	tenpin
tenrecs	tenrec
tensed	tense
tenses	tense
tensing	tense
tensioned	tension
tensions	tension
tensors	tensor
tentacled	tentacle
tentacles	tentacle
tented	tent
tenting	tent
tents	tent
tenured	tenure
tenures	tenure
tepees	tepee
tequilas	tequila
terabytes	terabyte
termed	term
terminals	terminal
terminated	terminate
terminates	terminate
terminating	terminate
terminations	termination
terminators	terminator
terming	term
termini	terminus
terminologies	terminology
termites	termite
terms	term
terns	tern
terpenes	terpene
terraced	terrace
terraces	terrace
terracing	terrace
terracings	terracing
terrains	terrain
terrapins	terrapin
terrariums	terrarium
terrestrials	terrestrial
terriers	terrier
terrified	terrify
terrifies	terrify
terrifying	terrify
terrines	terrine
territorials	territorial
territories	territory
terrorists	terrorist
terrorized	terrorize
terrorizes	terrorize
terrorizing	terrorize
terrors	terror
terser	terse
tertiaries	tertiary
testaments	testament
testators	testator
testbeds	testbed
tested	test
testers	tester
testicles	testicle
testified	testify
testifies	testify
testifying	testify
testimonials	testimonial
testimonies	testimony
testing	test
testings	testing
tests	test
tethered	tether
tethering	tether
tethers	tether
tetracyclines	tetracycline
tetrahedrals	tetrahedral
tetrahedrons	tetrahedron
tetrapods	tetrapod
tetras	tetra
texans	texan
textbooks	textbook
textiles	textile
texts	text
textured	texture
textures	texture
texturing	texture
thanes	thane
thanked	thank
thanking	thank
thanks	thank
thanksgivings	thanksgiving
thatched	thatch
thatcherites	thatcherite
thatches	thatch
thatching	thatch
thawed	thaw
thawing	thaw
thaws	thaw
theatres	theatre
theatricalities	theatricality
theatricals	theatrical
thebans	theban
thees	thee
thefts	theft
theists	theist
thematics	thematic
themes	theme
thems	them
theocracies	theocracy
theodolites	theodolite
theologians	theologian
theologies	theology
theorems	theorem
theoreticians	theoretician
theories	theory
theorists	theorist
theorizations	theorization
theorized	theorize
theorizes	theorize
theorizing	theorize
theorizings	theorizing
therapies	therapy
therapists	therapist
thermalling	thermal
thermals	thermal
thermistors	thermistor
thermocouples	thermocouple
thermometers	thermometer
thermoplastics	thermoplastic
thermostats	thermostat
thermostatted	thermostat
theropods	theropod
theses	thesis
thespians	thespian
thetas	theta
thickened	thicken
thickeners	thickener
thickening	thicken
thickenings	thickening
thickens	thicken
thicker	thick
thickest	thick
thickets	thicket
thicknesses	thickness
thicknessing	thickness
thier	thy
thieves	thief
thighs	thigh
thimbles	thimble
thines	thine
thingamajigs	thingamajig
thingies	thingy
things	thing
thinkers	thinker
thinking	think
thinks	think
thinned	thin
thinner	thin
thinnest	thin
thinning	thin
thinnings	thinning
thins	thin
thirsted	thirst
thirstier	thirsty
thirstiest	thirsty
thirsting	thirst
thirsts	thirst
thirtysomethings	thirtysomething
thistles	thistle
thomists	thomist
thonging	thong
thongs	thong
thornbushes	thornbush
thorned	thorn
thornier	thorny
thorniest	thorny
thorning	thorn
thorns	thorn
thoroughbreds	thoroughbred
thoroughfares	thoroughfare
thought	think
thoughts	thought
thracians	thracian
thrashed	thrash
thrashes	thrash
thrashing	thrash
thrashings	thrashing
threaded	thread
threading	thread
threads	thread
threatened	threaten
threatening	threaten
threatens	threaten
threats	threat
threesomes	threesome
threshed	thresh
threshers	thresher
threshes	thresh
threshing	thresh
threshings	threshing
thresholds	threshold
threw	throw
thrifts	thrift
thrilled	thrill
thrillers	thriller
thrilling	thrill
thrills	thrill
thrips	thrip
thrived	thrive
thrives	thrive
thriving	thrive
throatier	throaty
throats	throat
throbbed	throb
throbbing	throb
throbs	throb
throned	throne
thrones	throne
thronged	throng
thronging	throng
throngs	throng
throning	throne
throttled	throttle
throttles	throttle
throttling	throttle
throughputs	throughput
throughways	throughway
throwaways	throwaway
throwbacks	throwback
throwers	thrower
throwing	throw
thrown	throw
throws	throw
thrummed	thrum
thrumming	thrum
thrums	thrum
thrushes	thrush
thrusters	thruster
thrusting	thrust
thrusts	thrust
thudded	thud
thudding	thud
thuds	thud
thugging	thug
thugs	thug
thumbed	thumb
thumbing	thumb
thumbnailing	thumbnail
thumbnails	thumbnail
thumbprints	thumbprint
thumbs	thumb
thumbscrews	thumbscrew
thumbtacks	thumbtack
thumped	thump
thumpers	thumper
thumping	thump
thumpings	thumping
thumps	thump
thunderbolts	thunderbolt
thunderclaps	thunderclap
thunderclouds	thundercloud
thundered	thunder
thunderheads	thunderhead
thundering	thunder
thunderings	thundering
thunders	thunder
thunderstorms	thunderstorm
thunked	thunk
thunking	thunk
thunks	thunk
thursdays	thursday
thwacked	thwack
thwacking	thwack
thwacks	thwack
thwarted	thwart
thwarting	thwart
thwarts	thwart
thymes	thyme
thymines	thymine
thys	thy
tiaras	tiara
tibetans	tibetan
ticked	tick
tickers	ticker
ticketed	ticket
ticketing	ticket
tickets	ticket
ticking	tick
tickled	tickle
ticklers	tickler
tickles	tickle
tickling	tickle
ticks	tick
tics	tic
tidbits	tidbit
tided	tide
tides	tide
tidied	tidy
tidier	tidy
tidies	tidy
tidiest	tidy
tiding	tide
tidings	tiding
tidying	tidy
tiebacks	tieback
tiebreakers	tiebreaker
tied	tie
tiers	tier
ties	tie
tiffs	tiff
tigers	tiger
tightened	tighten
tightening	tighten
tightens	tighten
tighter	tight
tightest	tight
tightroped	tightrope
tightropes	tightrope
tights	tight
tigresses	tigress
tikes	tike
tilapias	tilapia
tiled	tile
tiles	tile
tiling	tile
tilled	till
tillered	tiller
tillering	tiller
tillers	tiller
tilling	till
tills	till
tilted	tilt
tilting	tilt
tilts	tilt
timbales	timbale
timbered	timber
timberlands	timberland
timbers	timber
timbres	timbre
timed	time
timeframes	timeframe
timekeepers	timekeeper
timelines	timeline
timepieces	timepiece
timers	timer
times	time
timescales	timescale
timeshares	timeshare
timesharing	timeshare
timetabled	timetable
timetables	timetable
timetabling	timetable
timidities	timidity
timing	time
timings	timing
tinctured	tincture
tinctures	tincture
tincturing	tincture
tines	tine
tinged	ting
tingeing	tinge
tinges	tinge
tinging	ting
tingled	tingle
tingles	tingle
tingling	tingle
tings	ting
tinier	tiny
tinies	tiny
tiniest	tiny
tinkered	tinker
tinkerers	tinkerer
tinkering	tinker
tinkerings	tinkering
tinkers	tinker
tinking	tink
tinkled	tinkle
tinkles	tinkle
tinkling	tinkle
tinklings	tinkling
tinks	tink
tinned	tin
tinning	tin
tins	tin
tinselled	tinsel
tinselling	tinsel
tinsels	tinsel
tinsmiths	tinsmith
tinted	tint
tinting	tint
tintings	tinting
tints	tint
tipped	tip
tippers	tipper
tippets	tippet
tipping	tip
tippled	tipple
tipples	tipple
tippling	tipple
tips	tip
tipsters	tipster
tiptoed	tiptoe
tiptoeing	tiptoe
tiptoes	tiptoe
tirades	tirade
tired	tire
tires	tire
tiring	tire
tisanes	tisane
tissued	tissue
tissues	tissue
tissuing	tissue
titans	titan
tithed	tithe
tithes	tithe
tithing	tithe
tithings	tithing
titillated	titillate
titillates	titillate
titillating	titillate
titillations	titillation
titled	title
titles	title
titling	title
titrations	titration
titres	titre
tits	tit
tittered	titter
tittering	titter
titters	titter
titties	titty
toadied	toady
toadies	toady
toads	toad
toadstools	toadstool
toadying	toady
toasted	toast
toasters	toaster
toasties	toasty
toasting	toast
toastmasters	toastmaster
toasts	toast
tobacconists	tobacconist
tobaccos	tobacco
tobogganed	toboggan
tobogganing	toboggan
toboggans	toboggan
tocopherols	tocopherol
todays	today
toddies	toddy
toddled	toddle
toddlers	toddler
toddles	toddle
toddling	toddle
toed	toe
toeholds	toehold
toeing	toe
toenailed	toenail
toenailing	toenail
toenails	toenail
toes	toe
toffees	toffee
toffs	toff
togas	toga
toggled	toggle
toggles	toggle
toggling	toggle
toiled	toil
toilers	toiler
toiles	toile
toiletries	toiletry
toilets	toilet
toiling	toil
toilings	toiling
toils	toil
tokamaks	tokamak
tokens	token
tokes	toke
toking	toke
told	tell
tolerances	tolerance
tolerated	tolerate
tolerates	tolerate
tolerating	tolerate
tolled	toll
tolling	toll
tolls	toll
tomahawks	tomahawk
tomatoes	tomato
tomboys	tomboy
tombs	tomb
tombstones	tombstone
tomcats	tomcat
tomes	tome
tomfooleries	tomfoolery
tommies	tommy
tomorrows	tomorrow
tonalities	tonality
toned	tone
toners	toner
tones	tone
tongued	tongue
tongues	tongue
tonguing	tongue
tonics	tonic
toning	ton
tonnages	tonnage
tonner	ton
tons	ton
tonsillectomies	tonsillectomy
tonsils	tonsil
tonsured	tonsure
tonsures	tonsure
tonsuring	tonsure
took	take
toolbars	toolbar
toolboxes	toolbox
tooled	tool
tooling	tool
toolkits	toolkit
toolmakers	toolmaker
tools	tool
toons	toon
tooted	toot
toothbrushes	toothbrush
toothbrushing	toothbrush
toothiest	toothy
toothpastes	toothpaste
toothpicked	toothpick
toothpicks	toothpick
tooting	toot
tootled	tootle
tootles	tootle
tootling	tootle
toots	toot
topcoats	topcoat
topiaried	topiary
topics	topic
topknots	topknot
topographers	topographer
topographics	topographic
topographies	topography
topologies	topology
topos	topo
topped	top
toppers	topper
topping	top
toppings	topping
toppled	topple
topples	topple
toppling	topple
tops	top
topsides	topside
topsoiled	topsoil
topsoils	topsoil
topspins	topspin
toques	toque
torchbearers	torchbearer
torched	torch
torches	torch
torching	torch
torchlights	torchlight
tore	tear
toreadors	toreador
tories	tory
tormented	torment
tormenters	tormenter
tormenting	torment
tormentors	tormentor
torments	torment
torn	tear
tornados	tornado
torpedoed	torpedo
torpedoing	torpedo
torpedos	torpedo
torques	torque
torrents	torrent
torsos	torso
tortillas	tortilla
tortoised	tortoise
tortoises	tortoise
tortoiseshells	tortoiseshell
tortoising	tortoise
torts	tort
tortured	torture
torturers	torturer
tortures	torture
torturing	torture
torturings	torturing
tossed	toss
tossers	tosser
tosses	toss
tossing	toss
totalitarianisms	totalitarianism
totalitarians	totalitarian
totalities	totality
totalized	totalize
totalizes	totalize
totalizing	totalize
totalled	total
totalling	total
totals	total
toted	tote
totems	totem
totes	tote
toting	tote
tots	tot
totted	tot
tottered	totter
tottering	totter
totters	totter
totting	tot
toucans	toucan
touchdowns	touchdown
touched	touch
touches	touch
touchier	touchy
touching	touch
touchings	touching
touchstones	touchstone
toughened	toughen
toughening	toughen
toughens	toughen
tougher	tough
toughest	tough
toughs	tough
toupees	toupee
toured	tour
tourers	tourer
touring	tour
tourists	tourist
tournaments	tournament
tourneyed	tourney
tourneying	tourney
tourneys	tourney
tourniquets	tourniquet
tours	tour
tousled	tousle
tousles	tousle
tousling	tousle
touted	tout
touting	tout
touts	tout
towed	tow
towelled	towel
towelling	towel
towels	towel
towered	tower
towering	tower
towers	tower
towing	tow
towlines	towline
townies	towny
towns	town
townscapes	townscape
townships	township
townsmen	townsman
towpaths	towpath
tows	tow
toxicities	toxicity
toxicologists	toxicologist
toxics	toxic
toxins	toxin
toyed	toy
toying	toy
toymakers	toymaker
toys	toy
traced	trace
traceried	tracery
traceries	tracery
tracers	tracer
traces	trace
tracheas	trachea
tracing	trace
tracings	tracing
trackballs	trackball
tracked	track
trackers	tracker
tracking	track
trackings	tracking
tracks	track
tracksides	trackside
tracksuits	tracksuit
tractions	traction
tractors	tractor
tracts	tract
tradables	tradable
traded	trade
trademarking	trademark
trademarks	trademark
traders	trader
trades	trade
tradesmen	tradesman
trading	trade
traditionalists	traditionalist
traditions	tradition
traduced	traduce
traduces	traduce
traducing	traduce
trafficked	traffic
traffickers	trafficker
trafficking	traffic
traffics	traffic
tragedians	tragedian
tragedies	tragedy
trailblazers	trailblazer
trailed	trail
trailered	trailer
trailering	trailer
trailers	trailer
trailing	trail
trails	trail
trained	train
trainees	trainee
trainers	trainer
training	train
trainloads	trainload
trains	train
traipsed	traipse
traipses	traipse
traipsing	traipse
traitors	traitor
traits	trait
trajectories	trajectory
trammed	tram
trammelled	trammel
trammelling	trammel
trammels	trammel
tramming	tram
tramped	tramp
tramping	tramp
trampled	trample
tramples	trample
trampling	trample
trampolined	trampoline
trampolines	trampoline
trampolining	trampoline
tramps	tramp
trams	tram
tramways	tramway
tranced	trance
trances	trance
trancing	trance
tranquilized	tranquilize
tranquilizers	tranquilizer
tranquilizes	tranquilize
tranquilizing	tranquilize
tranquils	tranquil
transacted	transact
transacting	transact
transactions	transaction
transacts	transact
transceivers	transceiver
transcended	transcend
transcendentalists	transcendentalist
transcending	transcend
transcends	transcend
transcribed	transcribe
transcribers	transcriber
transcribes	transcribe
transcribing	transcribe
transcriptases	transcriptase
transcriptions	transcription
transcripts	transcript
transducers	transducer
transected	transect
transecting	transect
transections	transection
transects	transect
transepts	transept
transferees	transferee
transferences	transference
transferred	transfer
transferring	transfer
transfers	transfer
transfigured	transfigure
transfigures	transfigure
transfiguring	transfigure
transfixed	transfix
transfixes	transfix
transfixing	transfix
transformations	transformation
transformed	transform
transformers	transformer
transforming	transform
transforms	transform
transfused	transfuse
transfuses	transfuse
transfusing	transfuse
transfusions	transfusion
transgenes	transgene
transgenics	transgenic
transgressed	transgress
transgresses	transgress
transgressing	transgress
transgressions	transgression
transgressors	transgressor
transients	transient
transistors	transistor
transited	transit
transiting	transit
transitionals	transitional
transitioned	transition
transitioning	transition
transitions	transition
transits	transit
transitted	transit
translated	translate
translates	translate
translating	translate
translations	translation
translators	translator
transliterations	transliteration
translocated	translocate
translocates	translocate
translocating	translocate
translocations	translocation
translucencies	translucency
transmissions	transmission
transmits	transmit
transmitted	transmit
transmitters	transmitter
transmitting	transmit
transmogrified	transmogrify
transmogrifies	transmogrify
transmogrifying	transmogrify
transmutations	transmutation
transmuted	transmute
transmutes	transmute
transmuting	transmute
transnationals	transnational
transoms	transom
transparencies	transparency
transparents	transparent
transpired	transpire
transpires	transpire
transpiring	transpire
transplantations	transplantation
transplanted	transplant
transplanting	transplant
transplants	transplant
transponders	transponder
transportations	transportation
transported	transport
transporters	transporter
transporting	transport
transports	transport
transposed	transpose
transposes	transpose
transposing	transpose
transpositions	transposition
transposons	transposon
transsexuals	transsexual
transversed	transverse
transvestites	transvestite
trapdoors	trapdoor
trapezes	trapeze
trapezing	trapeze
trapezoids	trapezoid
traplines	trapline
trapped	trap
trappers	trapper
trapping	trap
trappists	trappist
traps	trap
trashcans	trashcan
trashed	trash
trashes	trash
trashing	trash
trashings	trashing
traumas	trauma
traumatized	traumatize
traumatizes	traumatize
traumatizing	traumatize
travailed	travail
travailing	travail
travails	travail
travelers	traveler
travelled	travel
travellers	traveller
travelling	travel
travelogues	travelogue
travels	travel
traversals	traversal
traversed	traverse
traverses	traverse
traversing	traverse
travestied	travesty
travesties	travesty
travestying	travesty
trawled	trawl
trawlers	trawler
trawling	trawl
trawls	trawl
trays	tray
treacheries	treachery
treading	tread
treadled	treadle
treadles	treadle
treadling	treadle
treadmills	treadmill
treads	tread
treasons	treason
treasured	treasure
treasurers	treasurer
treasures	treasure
treasuries	treasury
treasuring	treasure
treated	treat
treaties	treaty
treating	treat
treatises	treatise
treatments	treatment
treats	treat
trebled	treble
trebles	treble
trebling	treble
trebuchets	trebuchet
treed	tree
treehouses	treehouse
treeing	tree
treelined	treeline
treelines	treeline
trees	tree
treetops	treetop
trefoiled	trefoil
trefoils	trefoil
trekked	trek
trekkers	trekker
trekking	trek
treks	trek
trellised	trellis
trellises	trellis
trellising	trellis
trembled	tremble
trembles	tremble
trembling	tremble
tremblings	trembling
tremolos	tremolo
tremors	tremor
trenched	trench
trenchers	trencher
trenches	trench
trenching	trench
trended	trend
trendier	trendy
trendies	trendy
trendiest	trendy
trending	trend
trends	trend
trendsetters	trendsetter
trepidations	trepidation
trespassed	trespass
trespassers	trespasser
trespasses	trespass
trespassing	trespass
tresses	tress
trestles	trestle
triads	triad
trialled	trial
trials	trial
triangles	triangle
triangulated	triangulate
triangulates	triangulate
triangulating	triangulate
triangulations	triangulation
triathlons	triathlon
tribals	tribal
tribes	tribe
tribesmen	tribesman
tribulations	tribulation
tribunals	tribunal
tribunes	tribune
tributaries	tributary
tributes	tribute
triced	trice
trices	trice
tricing	trice
tricked	trick
trickier	tricky
trickiest	tricky
tricking	trick
trickled	trickle
trickles	trickle
trickling	trickle
tricklings	trickling
tricks	trick
tricksters	trickster
tricolors	tricolor
tricycles	tricycle
tricyclics	tricyclic
tridents	trident
tried	try
triers	trier
tries	try
trifled	trifle
trifles	trifle
trifling	trifle
triggered	trigger
triggering	trigger
triggers	trigger
triglycerides	triglyceride
trigs	trig
trikes	trike
trilbied	trilby
trilbies	trilby
trilled	trill
trilling	trill
trillings	trilling
trills	trill
trilobites	trilobite
trilogies	trilogy
trimarans	trimaran
trimesters	trimester
trimmed	trim
trimmer	trim
trimmers	trimmer
trimming	trim
trimmings	trimming
trims	trim
trinidadians	trinidadian
trinkets	trinket
trios	trio
tripes	tripe
triphosphates	triphosphate
tripled	triple
triples	triple
triplets	triplet
triplicated	triplicate
triplicates	triplicate
triplicating	triplicate
tripling	triple
triplings	tripling
triploids	triploid
tripodding	tripod
tripods	tripod
tripped	trip
trippers	tripper
trippies	trippy
trippiest	trippy
tripping	trip
trips	trip
triptychs	triptych
tripwires	tripwire
tritest	trite
triumphants	triumphant
triumphed	triumph
triumphing	triumph
triumphs	triumph
trivets	trivet
trivialities	triviality
trivialized	trivialize
trivializes	trivialize
trivializing	trivialize
trod	tread
trodden	tread
troglodytes	troglodyte
trojans	trojan
trolled	troll
trolleys	trolley
trolling	troll
trollops	trollop
trolls	troll
trombones	trombone
trombonists	trombonist
tromping	tromp
trooped	troop
troopers	trooper
trooping	troop
troops	troop
troopships	troopship
tropes	trope
trophies	trophy
tropicals	tropical
trots	trot
trotted	trot
trotters	trotter
trotting	trot
troubadours	troubadour
troubled	trouble
troublemakers	troublemaker
troubles	trouble
troubleshooters	troubleshooter
troubleshooting	troubleshoot
troubleshoots	troubleshoot
troubling	trouble
troughed	trough
troughing	trough
troughs	trough
trounced	trounce
trounces	trounce
trouncing	trounce
trouncings	trouncing
troupers	trouper
troupes	troupe
trousseaus	trousseau
trouts	trout
troves	trove
trowelled	trowel
trowelling	trowel
trowels	trowel
truancies	truancy
truanted	truant
truanting	truant
truants	truant
truces	truce
trucked	truck
truckers	trucker
trucking	truck
truckloads	truckload
trucks	truck
trudged	trudge
trudges	trudge
trudging	trudge
trued	true
truer	true
trues	true
truest	true
truffles	truffle
truing	true
truisms	truism
trumped	trump
trumpeted	trumpet
trumpeters	trumpeter
trumpeting	trumpet
trumpetings	trumpeting
trumpets	trumpet
trumping	trump
trumps	trump
truncated	truncate
truncates	truncate
truncating	truncate
truncheons	truncheon
trundled	trundle
trundles	trundle
trundling	trundle
trunkfuls	trunkful
trunking	trunk
trunks	trunk
trunnions	trunnion
trussed	truss
trusses	truss
trussing	truss
trusted	trust
trustees	trustee
trusteeships	trusteeship
trusties	trusty
trustiest	trusty
trusting	trust
trusts	trust
truths	truth
trying	try
tryouts	tryout
trysts	tryst
tsarists	tsarist
tsars	tsar
tubas	tuba
tubbed	tub
tubbier	tubby
tubbies	tubby
tubbing	tub
tubed	tube
tubercles	tubercle
tuberculins	tuberculin
tuberoses	tuberose
tuberosities	tuberosity
tubers	tuber
tubes	tube
tubing	tube
tubs	tub
tubulars	tubular
tubules	tubule
tucked	tuck
tucking	tuck
tucks	tuck
tuesdays	tuesday
tufas	tufa
tufteds	tufted
tufting	tuft
tufts	tuft
tugboats	tugboat
tugged	tug
tugging	tug
tuggings	tugging
tugs	tug
tuitioning	tuition
tulips	tulip
tulles	tulle
tumbled	tumble
tumblers	tumbler
tumbles	tumble
tumbling	tumble
tummies	tummy
tumors	tumor
tumours	tumour
tums	tum
tumults	tumult
tunas	tuna
tundras	tundra
tuned	tune
tuners	tuner
tunes	tune
tunesmiths	tunesmith
tungstens	tungsten
tunics	tunic
tuning	tune
tunings	tuning
tunisians	tunisian
tunnelled	tunnel
tunnelling	tunnel
tunnels	tunnel
tuns	tun
turbans	turban
turbines	turbine
turbochargers	turbocharger
turbofans	turbofan
turbojets	turbojet
turboprops	turboprop
turbos	turbo
turbulences	turbulence
turds	turd
tureens	tureen
turfed	turf
turfing	turf
turfs	turf
turkeys	turkey
turks	turk
turmoiled	turmoil
turmoils	turmoil
turnabouts	turnabout
turnarounds	turnaround
turncoats	turncoat
turned	turn
turning	turn
turnings	turning
turnips	turnip
turnkeys	turnkey
turnouts	turnout
turnovers	turnover
turnpiked	turnpike
turnpikes	turnpike
turnpiking	turnpike
turns	turn
turnstiles	turnstile
turntables	turntable
turquoises	turquoise
turrets	turret
turtled	turtle
turtledoves	turtledove
turtles	turtle
turtling	turtle
tushed	tush
tushes	tush
tusked	tusk
tusking	tusk
tusks	tusk
tussled	tussle
tussles	tussle
tussling	tussle
tussocks	tussock
tutees	tutee
tutored	tutor
tutorials	tutorial
tutoring	tutor
tutors	tutor
tuts	tut
tutted	tut
tutting	tut
tutus	tutu
tuxedos	tuxedo
twaddled	twaddle
twaddles	twaddle
twaddling	twaddle
twanged	twang
twanging	twang
twangs	twang
twats	twat
twatted	twat
tweaked	tweak
tweaking	tweak
tweaks	tweak
tweeded	tweed
tweeds	tweed
tweeted	tweet
tweetered	tweeter
tweeters	tweeter
tweeting	tweet
tweets	tweet
tweezed	tweeze
tweezes	tweeze
tweezing	tweeze
twentysomethings	twentysomething
twerps	twerp
twiddled	twiddle
twiddles	twiddle
twiddling	twiddle
twigged	twig
twigging	twig
twigs	twig
twilights	twilight
twilled	twill
twilling	twill
twills	twill
twined	twine
twines	twine
twinged	twinge
twingeing	twinge
twinges	twinge
twining	twine
twinkled	twinkle
twinkles	twinkle
twinkliest	twinkly
twinkling	twinkle
twinned	twin
twinning	twin
twins	twin
twirled	twirl
twirling	twirl
twirls	twirl
twisted	twist
twisters	twister
twistier	twisty
twisting	twist
twistings	twisting
twists	twist
twitched	twitch
twitches	twitch
twitchiest	twitchy
twitching	twitch
twitchings	twitching
twits	twit
twitted	twit
twittered	twitter
twittering	twitter
twitterings	twittering
twitters	twitter
twitting	twit
tycoons	tycoon
tying	tie
tykes	tyke
typecasting	typecast
typecasts	typecast
typed	type
typefaces	typeface
types	type
typescripts	typescript
typesetters	typesetter
typewriters	typewriter
typhoons	typhoon
typified	typify
typifies	typify
typifying	typify
typing	type
typists	typist
typographers	typographer
typographies	typography
typologies	typology
typos	typo
tyrannies	tyranny
tyrannized	tyrannize
tyrannizes	tyrannize
tyrannizing	tyrannize
tyrannosaurs	tyrannosaur
tyrants	tyrant
tyres	tyre
tyroleans	tyrolean
tyros	tyro
tyrosines	tyrosine
ubiquinones	ubiquinone
udders	udder
ufos	ufo
ugandans	ugandan
ughs	ugh
uglier	ugly
uglies	ugly
ugliest	ugly
uglinesses	ugliness
ukeleles	ukelele
ukrainians	ukrainian
ukuleles	ukulele
ulcerated	ulcerate
ulcerates	ulcerate
ulcerating	ulcerate
ulcerations	ulceration
ulcers	ulcer
ultimacies	ultimacy
ultimates	ultimate
ultimatums	ultimatum
ultraconservatives	ultraconservative
ultramarines	ultramarine
ultras	ultra
ultrasounds	ultrasound
ululated	ululate
ululates	ululate
ululating	ululate
ululations	ululation
umbels	umbel
umbers	umber
umbilicals	umbilical
umbrellas	umbrella
ummed	um
umming	um
umms	umm
umping	ump
umpired	umpire
umpires	umpire
umpiring	umpire
ums	um
unavailabilities	unavailability
unavailables	unavailable
unbalanced	unbalance
unbalances	unbalance
unbalancing	unbalance
unbending	unbend
unbends	unbend
unbent	unbend
unbinding	unbind
unbinds	unbind
unbolted	unbolt
unbolting	unbolt
unbolts	unbolt
unbound	unbind
unbuckled	unbuckle
unbuckles	unbuckle
unbuckling	unbuckle
unburdened	unburden
unburdening	unburden
unburdens	unburden
unbuttoned	unbutton
unbuttoning	unbutton
unbuttons	unbutton
uncanniest	uncanny
uncapping	uncap
uncertainties	uncertainty
unclasped	unclasp
unclasping	unclasp
unclasps	unclasp
unclassifiables	unclassifiable
unclenched	unclench
unclenches	unclench
unclenching	unclench
uncles	uncle
unclogged	unclog
unclogging	unclog
unclogs	unclog
uncoiled	uncoil
uncoiling	uncoil
uncoils	uncoil
uncorked	uncork
uncorking	uncork
uncorks	uncork
uncoupled	uncouple
uncouples	uncouple
uncoupling	uncouple
uncovered	uncover
uncovering	uncover
uncovers	uncover
unctions	unction
uncurled	uncurl
uncurling	uncurl
uncurls	uncurl
undecidables	undecidable
undecideds	undecided
underachieved	underachieve
underachieves	underachieve
underachieving	underachieve
underarms	underarm
underbidding	underbid
underbids	underbid
undercarriages	undercarriage
underclasses	underclass
undercoated	undercoat
undercoating	undercoat
undercoats	undercoat
undercounting	undercount
undercurrents	undercurrent
undercuts	undercut
undercutting	undercut
underdogs	underdog
underdrawings	underdrawing
underestimated	underestimate
underestimates	underestimate
underestimating	underestimate
undergarments	undergarment
undergirded	undergird
undergirding	undergird
undergirds	undergird
undergoes	undergo
undergoing	undergo
undergone	undergo
undergrads	undergrad
undergraduates	undergraduate
undergrounding	underground
undergrowths	undergrowth
underlaid	underlay
underlay	underlie
underlayers	underlayer
underlaying	underlay
underlays	underlay
underlies	underlie
underlined	underline
underlines	underline
underlings	underling
underlining	underline
underlinings	underlining
underlying	underlie
undermined	undermine
undermines	undermine
undermining	undermine
underminings	undermining
underpaid	underpay
underpasses	underpass
underpaying	underpay
underpayments	underpayment
underpays	underpay
underpinned	underpin
underpinning	underpin
underpinnings	underpinning
underpins	underpin
underplayed	underplay
underplaying	underplay
underplays	underplay
underpriced	underprice
underprices	underprice
underpricing	underprice
underrated	underrate
underrates	underrate
underrating	underrate
underscored	underscore
underscores	underscore
underscoring	underscore
underseas	undersea
undersecretaries	undersecretary
underselling	undersell
undersells	undersell
undersides	underside
undersizing	undersize
underskirts	underskirt
undersold	undersell
understanding	understand
understandings	understanding
understands	understand
understated	understate
understatements	understatement
understates	understate
understating	understate
understeers	understeer
understood	understand
understudied	understudy
understudies	understudy
understudying	understudy
undersurfaces	undersurface
undertaken	undertake
undertakers	undertaker
undertakes	undertake
undertaking	undertake
undertakings	undertaking
undertones	undertone
undertook	undertake
undertows	undertow
undervalued	undervalue
undervalues	undervalue
undervaluing	undervalue
underwent	undergo
underwings	underwing
underworlds	underworld
underwriters	underwriter
underwrites	underwrite
underwriting	underwrite
underwritten	underwrite
underwrote	underwrite
undesirables	undesirable
undid	undo
undoes	undo
undoing	undo
undone	undo
undressed	undress
undresses	undress
undressing	undress
undulants	undulant
undulated	undulate
undulates	undulate
undulating	undulate
undulations	undulation
unearthed	unearth
unearthing	unearth
unearths	unearth
unemployables	unemployable
unequals	unequal
unevennesses	unevenness
unexpectednesses	unexpectedness
unfairest	unfair
unfairnesses	unfairness
unfastened	unfasten
unfastening	unfasten
unfastens	unfasten
unfettered	unfetter
unfits	unfit
unfitted	unfit
unfitting	unfit
unfolded	unfold
unfolding	unfold
unfolds	unfold
unfortunates	unfortunate
unfreezes	unfreeze
unfreezing	unfreeze
unfroze	unfreeze
unfrozen	unfreeze
unfunniest	unfunny
unfurled	unfurl
unfurling	unfurl
unfurls	unfurl
ungainliest	ungainly
unguents	unguent
ungulates	ungulate
unhappier	unhappy
unhappiest	unhappy
unhinged	unhinge
unhinges	unhinge
unhinging	unhinge
unhitched	unhitch
unhitches	unhitch
unhitching	unhitch
unhooked	unhook
unhooking	unhook
unhooks	unhook
unicorns	unicorn
unicycling	unicycle
unified	unify
unifiers	unifier
unifies	unify
uniformed	uniform
uniforming	uniform
uniformitarians	uniformitarian
uniformities	uniformity
uniforms	uniform
unifying	unify
unilateralists	unilateralist
unionists	unionist
unionized	unionize
unionizes	unionize
unionizing	unionize
unions	union
unisons	unison
unitarians	unitarian
united	unite
unites	unite
unities	unity
uniting	unite
units	unit
universalists	universalist
universalities	universality
universalized	universalize
universalizes	universalize
universalizing	universalize
universals	universal
universes	universe
universities	university
unkindest	unkind
unknots	unknot
unknotting	unknot
unknowns	unknown
unlaced	unlace
unlaces	unlace
unlacing	unlace
unlatched	unlatch
unlatching	unlatch
unlearning	unlearn
unlearns	unlearn
unlearnt	unlearn
unleashed	unleash
unleashes	unleash
unleashing	unleash
unlikeliest	unlikely
unloaded	unload
unloading	unload
unloads	unload
unlocked	unlock
unlocking	unlock
unlocks	unlock
unluckier	unlucky
unluckiest	unlucky
unmade	unmake
unmakes	unmake
unmaking	unmake
unmasked	unmask
unmasking	unmask
unmasks	unmask
unmentionables	unmentionable
unnerved	unnerve
unnerves	unnerve
unnerving	unnerve
unobservables	unobservable
unpacked	unpack
unpacking	unpack
unpackings	unpacking
unpacks	unpack
unpleasantnesses	unpleasantness
unpleasantries	unpleasantry
unplugged	unplug
unplugging	unplug
unplugs	unplug
unpredictabilities	unpredictability
unravelled	unravel
unravelling	unravel
unravels	unravel
unrealities	unreality
unreeled	unreel
unreeling	unreel
unreels	unreel
unreliables	unreliable
unrests	unrest
unrolled	unroll
unrolling	unroll
unrolls	unroll
unrulier	unruly
unsaid	unsay
unsaying	unsay
unsays	unsay
unscrambled	unscramble
unscrambles	unscramble
unscrambling	unscramble
unscrewed	unscrew
unscrewing	unscrew
unscrews	unscrew
unsealed	unseal
unsealing	unseal
unseals	unseal
unseated	unseat
unseating	unseat
unseats	unseat
unsettled	unsettle
unsettles	unsettle
unsettling	unsettle
unsheathed	unsheathe
unsheathes	unsheathe
unsheathing	unsheathe
unsolder	unsold
unsolveds	unsolved
unspeakables	unspeakable
unstrapped	unstrap
unstrapping	unstrap
unstraps	unstrap
untangled	untangle
untangles	untangle
untangling	untangle
untidier	untidy
untidiest	untidy
untied	untie
unties	untie
untouchables	untouchable
untrustworthies	untrustworthy
untruths	untruth
untying	untie
unveiled	unveil
unveiling	unveil
unveilings	unveiling
unveils	unveil
unwelcoming	unwelcome
unwinding	unwind
unwinds	unwind
unwound	unwind
unwrapped	unwrap
unwrapping	unwrap
unwraps	unwrap
unzipped	unzip
unzipping	unzip
unzips	unzip
upbeats	upbeat
upbraided	upbraid
upbraiding	upbraid
upbraids	upbraid
upbringings	upbringing
updated	update
updates	update
updating	update
updatings	updating
updrafts	updraft
upended	upend
upending	upend
upends	upend
upgraded	upgrade
upgrades	upgrade
upgrading	upgrade
upgradings	upgrading
upheavals	upheaval
upheld	uphold
upholders	upholder
upholding	uphold
upholds	uphold
upholstered	upholster
upholsterers	upholsterer
upholstering	upholster
upholsters	upholster
uplands	upland
uplifted	uplift
uplifting	uplift
uplifts	uplift
uploaded	upload
uploading	upload
uploads	upload
upped	up
uppercuts	uppercut
uppers	upper
upping	up
uprighted	upright
uprights	upright
uprisings	uprising
uproars	uproar
uprooted	uproot
uprooting	uproot
uproots	uproot
ups	up
upsets	upset
upsetting	upset
upshots	upshot
upsides	upside
upsilons	upsilon
upslopes	upslope
upstaged	upstage
upstages	upstage
upstaging	upstage
upstarts	upstart
upstrokes	upstroke
upsurges	upsurge
upswinging	upswing
upswings	upswing
uptakes	uptake
upthrusting	upthrust
upthrusts	upthrust
uptowner	uptown
upturned	upturn
upturning	upturn
upturns	upturn
upwellings	upwelling
urbanites	urbanite
urbanities	urbanity
urbanized	urbanize
urbanizes	urbanize
urbanizing	urbanize
urchins	urchin
ureters	ureter
urethanes	urethane
urethras	urethra
urged	urge
urgencies	urgency
urges	urge
urging	urge
urgings	urging
urinals	urinal
urinated	urinate
urinates	urinate
urinating	urinate
urinations	urination
urns	urn
urologists	urologist
uruguayans	uruguayan
usages	usage
used	use
users	user
uses	use
ushered	usher
ushering	usher
ushers	usher
using	use
usurers	usurer
usurpations	usurpation
usurped	usurp
usurpers	usurper
usurping	usurp
usurps	usurp
utensils	utensil
utilitarians	utilitarian
utilities	utility
utilized	utilize
utilizes	utilize
utilizing	utilize
utopians	utopian
utopias	utopia
utterances	utterance
uttered	utter
uttering	utter
utterings	uttering
utters	utter
vacancies	vacancy
vacated	vacate
vacates	vacate
vacating	vacate
vacationed	vacation
vacationing	vacation
vacations	vacation
vaccinated	vaccinate
vaccinates	vaccinate
vaccinating	vaccinate
vaccinations	vaccination
vaccines	vaccine
vacillated	vacillate
vacillates	vacillate
vacillating	vacillate
vacillations	vacillation
vacs	vac
vacuumed	vacuum
vacuuming	vacuum
vacuums	vacuum
vagabonds	vagabond
vagaries	vagary
vaginas	vagina
vagrants	vagrant
vainer	vain
vainest	vain
valances	valance
valedictions	valediction
valenced	valence
valences	valence
valentines	valentine
vales	vale
valeted	valet
valeting	valet
valets	valet
valiants	valiant
validated	validate
validates	validate
validating	validate
validations	validation
valises	valise
valleys	valley
valuations	valuation
valued	value
values	value
valuing	value
valved	valve
valves	valve
vamped	vamp
vamping	vamp
vampires	vampire
vamps	vamp
vandalisms	vandalism
vandalized	vandalize
vandalizes	vandalize
vandalizing	vandalize
vandals	vandal
vanes	vane
vanguards	vanguard
vanished	vanish
vanishes	vanish
vanishing	vanish
vanities	vanity
vanloads	vanload
vanquished	vanquish
vanquishes	vanquish
vanquishing	vanquish
vans	van
vantages	vantage
vaporized	vaporize
vaporizes	vaporize
vaporizing	vaporize
vapors	vapor
vapouring	vapour
vapours	vapour
vaqueros	vaquero
variabilities	variability
variables	variable
variances	variance
variants	variant
variates	variate
variations	variation
varied	vary
variegated	variegate
variegates	variegate
variegating	variegate
variegations	variegation
varies	vary
varieties	variety
varmints	varmint
varnished	varnish
varnishes	varnish
varnishing	varnish
vars	var
varsities	varsity
varying	vary
vasectomies	vasectomy
vases	vase
vasoconstrictors	vasoconstrictor
vasodilators	vasodilator
vassals	vassal
vaster	vast
vastnesses	vastness
vats	vat
vaudevillians	vaudevillian
vaulted	vault
vaulters	vaulter
vaulting	vault
vaults	vault
vaunted	vaunt
vaunting	vaunt
vaunts	vaunt
veals	veal
vectors	vector
veeing	vee
veered	veer
veering	veer
veers	veer
vees	vee
vegans	vegan
vegetables	vegetable
vegetarians	vegetarian
vegetated	vegetate
vegetates	vegetate
vegetating	vegetate
vegged	veg
vegs	veg
vehicles	vehicle
veiled	veil
veiling	veil
veils	veil
veined	vein
veinier	veiny
veining	vein
veins	vein
velds	veld
velocities	velocity
velours	velour
velveteens	velveteen
velvets	velvet
vended	vend
vendettas	vendetta
vending	vend
vendors	vendor
vends	vend
veneered	veneer
veneering	veneer
veneers	veneer
venerated	venerate
venerates	venerate
venerating	venerate
venetians	venetian
venezuelans	venezuelan
venoms	venom
vented	vent
ventilated	ventilate
ventilates	ventilate
ventilating	ventilate
ventilations	ventilation
ventilators	ventilator
venting	vent
ventricles	ventricle
ventriloquists	ventriloquist
vents	vent
ventured	venture
ventures	venture
venturing	venture
venues	venue
venusians	venusian
verandahs	verandah
verandas	veranda
verbalized	verbalize
verbalizes	verbalize
verbalizing	verbalize
verbals	verbal
verbenas	verbena
verbs	verb
verdicts	verdict
verged	verge
verges	verge
verging	verge
verifications	verification
verified	verify
verifiers	verifier
verifies	verify
verifying	verify
verities	verity
vermouths	vermouth
vernaculars	vernacular
versed	verse
verses	verse
versifications	versification
versing	verse
versions	version
versos	verso
vertebrae	vertebra
vertebrates	vertebrate
verticals	vertical
vertices	vertex
vertigos	vertigo
verts	vert
vervets	vervet
vesicles	vesicle
vessels	vessel
vested	vest
vestibuled	vestibule
vestibules	vestibule
vestiges	vestige
vestigials	vestigial
vesting	vest
vestments	vestment
vestries	vestry
vestrymen	vestryman
vests	vest
vestured	vesture
vestures	vesture
vesturing	vesture
vetches	vetch
veterans	veteran
veterinarians	veterinarian
vetoed	veto
vetoes	veto
vetoing	veto
vets	vet
vetted	vet
vetting	vet
vexations	vexation
vexed	vex
vexes	vex
vexing	vex
viables	viable
viaducts	viaduct
vials	vial
vibed	vibe
vibes	vibe
vibing	vibe
vibrated	vibrate
vibrates	vibrate
vibrating	vibrate
vibrations	vibration
vibrators	vibrator
vibratos	vibrato
vibrios	vibrio
viburnums	viburnum
vicars	vicar
viceroyalties	viceroyalty
viceroys	viceroy
vices	vice
vicinities	vicinity
vicissitudes	vicissitude
victimizations	victimization
victimized	victimize
victimizes	victimize
victimizing	victimize
victims	victim
victorians	victorian
victories	victory
victors	victor
vicunas	vicuna
videocassettes	videocassette
videoconferences	videoconference
videodiscs	videodisc
videoing	video
videophones	videophone
videos	video
videotaped	videotape
videotapes	videotape
videotaping	videotape
vids	vid
vied	vie
vies	vie
viewed	view
viewers	viewer
viewfinders	viewfinder
viewing	view
viewings	viewing
viewpoints	viewpoint
viewports	viewport
views	view
vigilantes	vigilante
vigils	vigil
vignettes	vignette
vikings	viking
vilenesses	vileness
viler	vile
vilest	vile
vilified	vilify
vilifies	vilify
vilifying	vilify
villagers	villager
villages	village
villainies	villainy
villains	villain
villas	villa
vinaigrettes	vinaigrette
vinas	vina
vindicated	vindicate
vindicates	vindicate
vindicating	vindicate
vindications	vindication
vindicators	vindicator
vinegars	vinegar
vines	vine
vineyards	vineyard
vining	vine
vintages	vintage
vintners	vintner
vinyls	vinyl
violas	viola
violated	violate
violates	violate
violating	violate
violations	violation
violators	violator
violets	violet
violinists	violinist
violins	violin
viols	viol
vipers	viper
vips	vip
viragos	virago
virginals	virginal
virginians	virginian
virginities	virginity
virgins	virgin
virologists	virologist
virtualities	virtuality
virtues	virtue
virtuosi	virtuoso
viruses	virus
visaed	visa
visages	visage
visaing	visa
visas	visa
viscosities	viscosity
viscounts	viscount
visionaries	visionary
visions	vision
visitations	visitation
visited	visit
visiting	visit
visitings	visiting
visitors	visitor
visits	visit
visors	visor
vistas	vista
visualizations	visualization
visualized	visualize
visualizes	visualize
visualizing	visualize
visuals	visual
vitalists	vitalist
vitalized	vitalize
vitalizes	vitalize
vitalizing	vitalize
vitals	vital
vitamins	vitamin
vitiated	vitiate
vitiates	vitiate
vitiating	vitiate
vitrified	vitrify
vitrifies	vitrify
vitrifying	vitrify
vitrines	vitrine
vitrioled	vitriol
vitrioling	vitriol
vitriols	vitriol
vituperated	vituperate
vituperates	vituperate
vituperating	vituperate
vituperations	vituperation
vivas	viva
vivified	vivify
vivifies	vivify
vivifying	vivify
vivisections	vivisection
vivos	vivo
vixens	vixen
viziers	vizier
vocabularies	vocabulary
vocalists	vocalist
vocalizations	vocalization
vocalized	vocalize
vocalizes	vocalize
vocalizing	vocalize
vocals	vocal
vocations	vocation
vodkas	vodka
vogued	vogue
vogueing	vogue
vogues	vogue
voiced	voice
voices	voice
voicing	voice
voicings	voicing
voided	void
voider	void
voiding	void
voids	void
voiles	voile
volatiles	volatile
volatilities	volatility
volcanics	volcanic
volcanos	volcano
voles	vole
volitions	volition
volleyed	volley
volleying	volley
volleys	volley
voltages	voltage
voltmeters	voltmeter
volts	volt
volumes	volume
voluntaries	voluntary
volunteered	volunteer
volunteering	volunteer
volunteers	volunteer
volutes	volute
voluting	volute
vomited	vomit
vomiting	vomit
vomitings	vomiting
vomits	vomit
voodooed	voodoo
voodooing	voodoo
voodoos	voodoo
vortexed	vortex
vortexing	vortex
vortices	vortex
votaries	votary
voted	vote
voters	voter
votes	vote
voting	vote
votives	votive
vouched	vouch
vouchers	voucher
vouches	vouch
vouching	vouch
vouchsafed	vouchsafe
vouchsafes	vouchsafe
vouchsafing	vouchsafe
vowed	vow
vowels	vowel
vowing	vow
vows	vow
voyaged	voyage
voyagers	voyager
voyages	voyage
voyaging	voyage
voyeurs	voyeur
vroomed	vroom
vrooming	vroom
vrooms	vroom
vulgarities	vulgarity
vulgarizations	vulgarization
vulnerabilities	vulnerability
vultures	vulture
vulvas	vulva
vying	vie
wacked	wack
wackier	wacky
wackiest	wacky
wacking	wack
wadded	wad
wadding	wad
waddings	wadding
waddled	waddle
waddles	waddle
waddling	waddle
waded	wade
waders	wader
wades	wade
wading	wade
wadis	wadi
wads	wad
wafers	wafer
waffled	waffle
waffles	waffle
waffling	waffle
wafted	waft
wafting	waft
wafts	waft
waged	wage
wagered	wager
wagering	wager
wagers	wager
wages	wage
wagged	wag
wagging	wag
waggings	wagging
waggled	waggle
waggles	waggle
waggling	waggle
waggoned	waggon
waggoning	waggon
waggons	waggon
waging	wage
wagonloads	wagonload
wagons	wagon
wags	wag
waifs	waif
wailed	wail
wailing	wail
wailings	wailing
wails	wail
wainscots	wainscot
wainscotted	wainscot
wainscotting	wainscot
waistbands	waistband
waistcoats	waistcoat
waisted	waist
waistlines	waistline
waists	waist
waited	wait
waiters	waiter
waiting	wait
waitings	waiting
waitressed	waitress
waitresses	waitress
waitressing	waitress
waits	wait
waived	waive
waivered	waiver
waivers	waiver
waives	waive
waiving	waive
wakened	waken
wakening	waken
wakens	waken
wakes	wake
waking	wake
wakings	waking
walked	walk
walkers	walker
walking	walk
walkmans	walkman
walkouts	walkout
walkovers	walkover
walks	walk
walkthroughs	walkthrough
walkwayed	walkway
walkways	walkway
wallabies	wallaby
walled	wall
wallets	wallet
wallflowers	wallflower
walling	wall
walloped	wallop
walloping	wallop
wallops	wallop
wallowed	wallow
wallowing	wallow
wallows	wallow
wallpapered	wallpaper
wallpapering	wallpaper
wallpapers	wallpaper
walls	wall
walnuts	walnut
waltzed	waltz
waltzes	waltz
waltzing	waltz
wandered	wander
wanderers	wanderer
wandering	wander
wanderings	wandering
wanders	wander
wands	wand
waned	wane
wanes	wane
wangled	wangle
wangles	wangle
wangling	wangle
waning	wane
wankers	wanker
wannabes	wannabe
wanned	wan
wanning	wan
wans	wan
wanted	want
wanting	want
wantoned	wanton
wantoning	wanton
wantons	wanton
wants	want
warbled	warble
warblers	warbler
warbles	warble
warbling	warble
warblings	warbling
warded	ward
wardening	warden
wardens	warden
warders	warder
warding	ward
wardrobes	wardrobe
wardrooms	wardroom
wards	ward
wared	ware
warehoused	warehouse
warehouses	warehouse
warehousing	warehouse
wares	ware
warheads	warhead
warhorses	warhorse
warier	wary
waring	ware
warlocks	warlock
warlords	warlord
warmed	warm
warmer	warm
warmest	warm
warming	warm
warmongering	warmonger
warmongers	warmonger
warms	warm
warned	warn
warning	warn
warnings	warning
warns	warn
warped	warp
warping	warp
warplanes	warplane
warps	warp
warranted	warrant
warranties	warranty
warranting	warrant
warrants	warrant
warred	war
warring	war
warrings	warring
warriors	warrior
wars	war
warships	warship
warted	wart
warthogs	warthog
warties	warty
warts	wart
was	be
washbasins	washbasin
washed	wash
washermen	washerman
washers	washer
washerwomen	washerwoman
washes	wash
washing	wash
washings	washing
washingtonians	washingtonian
washrooms	washroom
washstands	washstand
washtubs	washtub
wastages	wastage
wasted	waste
wastelands	wasteland
wasters	waster
wastes	waste
wasting	waste
wastrels	wastrel
watchdogs	watchdog
watched	watch
watchers	watcher
watches	watch
watchfulnesses	watchfulness
watching	watch
watchmakers	watchmaker
watchmen	watchman
watchtowers	watchtower
watchwords	watchword
water-clocks	water-clock
waterbirds	waterbird
watercourses	watercourse
watered	water
waterfalls	waterfall
waterholes	waterhole
watering	water
waterings	watering
waterlogged	waterlog
waterlogging	waterlog
watermarked	watermark
watermarking	watermark
watermarks	watermark
watermelons	watermelon
watermen	waterman
waterproofed	waterproof
waterproofing	waterproof
waterproofs	waterproof
waters	water
watersheds	watershed
watersides	waterside
waterspouts	waterspout
waterways	waterway
waterwheels	waterwheel
wattages	wattage
watter	wat
wattled	wattle
wattles	wattle
wattling	wattle
watts	watt
waved	wave
waveforms	waveform
wavefronts	wavefront
wavefunctions	wavefunction
waveguides	waveguide
wavelengths	wavelength
wavelets	wavelet
wavered	waver
wavering	waver
waverings	wavering
wavers	waver
waves	wave
wavier	wavy
waving	wave
wavings	waving
waxed	wax
waxes	wax
waxing	wax
waxings	waxing
waxwings	waxwing
waxworks	waxwork
wayfarers	wayfarer
waylaid	waylay
waylaying	waylay
waylays	waylay
waypoints	waypoint
ways	way
waysides	wayside
weakened	weaken
weakening	weaken
weakens	weaken
weaker	weak
weakest	weak
weaklings	weakling
weaknesses	weakness
wealed	weal
weals	weal
wealthier	wealthy
wealthiest	wealthy
weaned	wean
weaning	wean
weans	wean
weapons	weapon
wearers	wearer
wearied	weary
wearier	weary
wearies	weary
weariest	weary
wearinesses	weariness
wearing	wear
wearings	wearing
wears	wear
wearying	weary
weaselled	weasel
weasels	weasel
weathered	weather
weathering	weather
weathermen	weatherman
weatherproofed	weatherproof
weatherproofing	weatherproof
weatherproofs	weatherproof
weathers	weather
weathervanes	weathervane
weaverbirds	weaverbird
weavers	weaver
weaves	weave
weaving	weave
weavings	weaving
webbed	web
webbing	web
weberians	weberian
webs	web
wedding	wed
weddings	wedding
wedged	wedge
wedges	wedge
wedging	wedge
wedlocks	wedlock
wednesdays	wednesday
weds	wed
weed	wee
weeded	weed
weedier	weedy
weedies	weedy
weediest	weedy
weeding	weed
weeds	weed
weeing	wee
weekdays	weekday
weekended	weekend
weekenders	weekender
weekending	weekend
weekends	weekend
weeklies	weekly
weeknights	weeknight
weeks	week
weepers	weeper
weepies	weepy
weeping	weep
weepings	weeping
weeps	weep
weer	wee
wees	wee
weest	wee
weevils	weevil
wefts	weft
weighed	weigh
weighing	weigh
weighings	weighing
weighs	weigh
weighted	weight
weightier	weighty
weightiest	weighty
weighting	weight
weightings	weighting
weights	weight
weirdos	weirdo
welcomed	welcome
welcomes	welcome
welcoming	welcome
welded	weld
welders	welder
welding	weld
welds	weld
welled	well
wellheads	wellhead
welling	well
wells	well
wellsprings	wellspring
welshed	welsh
welshes	welsh
welshing	welsh
welted	welt
weltered	welter
weltering	welter
welters	welter
welterweights	welterweight
welting	welt
welts	welt
wenched	wench
wenches	wench
wenching	wench
wended	wend
wending	wend
wends	wend
wened	wen
wens	wen
went	go
wept	weep
werewolves	werewolf
wesleyans	wesleyan
westerlies	westerly
westerners	westerner
westernized	westernize
westernizers	westernizer
westernizes	westernize
westernizing	westernize
westerns	western
westphalians	westphalian
wetlands	wetland
wets	wet
wetsuits	wetsuit
wetter	wet
wettest	wet
wetting	wet
wettings	wetting
whacked	whack
whacking	whack
whackings	whacking
whackos	whacko
whacks	whack
whalebones	whalebone
whaled	whale
whalers	whaler
whales	whale
whaling	whale
whammed	wham
whammies	whammy
whamming	wham
whams	wham
whaped	whap
whaping	whap
whaps	whap
wharfed	wharf
wharfing	wharf
wharfs	wharf
wharves	wharf
whatnots	whatnot
whatnotted	whatnot
wheatfields	wheatfield
wheats	wheat
wheedled	wheedle
wheedles	wheedle
wheedling	wheedle
wheelbarrowed	wheelbarrow
wheelbarrowing	wheelbarrow
wheelbarrows	wheelbarrow
wheelchairs	wheelchair
wheeled	wheel
wheeling	wheel
wheelings	wheeling
wheels	wheel
wheelsets	wheelset
wheelwrights	wheelwright
wheezed	wheeze
wheezes	wheeze
wheezier	wheezy
wheezing	wheeze
whelks	whelk
whelmed	whelm
whelming	whelm
whelms	whelm
whelped	whelp
whelping	whelp
whelps	whelp
wherefores	wherefore
whets	whet
whetstones	whetstone
whetted	whet
whetting	whet
wheys	whey
whiffed	whiff
whiffing	whiff
whiffs	whiff
whigs	whig
whimpered	whimper
whimpering	whimper
whimperings	whimpering
whimpers	whimper
whims	whim
whimsies	whimsy
whined	whine
whiners	whiner
whines	whine
whining	whine
whinings	whining
whinnied	whinny
whinnies	whinny
whinnying	whinny
whiplashed	whiplash
whiplashes	whiplash
whipped	whip
whippers	whipper
whippersnappers	whippersnapper
whippets	whippet
whippier	whippy
whipping	whip
whippings	whipping
whips	whip
whipsawed	whipsaw
whipsawing	whipsaw
whipsaws	whipsaw
whirled	whirl
whirligigs	whirligig
whirling	whirl
whirlings	whirling
whirlpooled	whirlpool
whirlpools	whirlpool
whirls	whirl
whirlwinds	whirlwind
whirred	whir
whirring	whir
whirrings	whirring
whirrs	whirr
whirs	whir
whisked	whisk
whiskers	whisker
whiskeys	whiskey
whiskies	whisky
whisking	whisk
whisks	whisk
whispered	whisper
whisperers	whisperer
whispering	whisper
whisperings	whispering
whispers	whisper
whistled	whistle
whistlers	whistler
whistles	whistle
whistling	whistle
whiteboards	whiteboard
whitecaps	whitecap
whited	whit
whiteflies	whitefly
whitened	whiten
whitening	whiten
whitens	whiten
whiter	white
whites	white
whitewashed	whitewash
whitewashes	whitewash
whitewashing	whitewash
whiteys	whitey
whiting	white
whitings	whiting
whits	whit
whittled	whittle
whittles	whittle
whittling	whittle
whizzed	whiz
whizzes	whiz
whizzing	whiz
whodunits	whodunit
wholes	whole
wholesaled	wholesale
wholesalers	wholesaler
wholesales	wholesale
wholesaling	wholesale
whooped	whoop
whooper	whoop
whooping	whoop
whoops	whoop
whooshed	whoosh
whooshes	whoosh
whooshing	whoosh
whopped	whop
whoppers	whopper
whopping	whop
whops	whop
whored	whore
whorehouses	whorehouse
whores	whore
whoring	whore
whorled	whorl
whorls	whorl
whupped	whup
wickednesses	wickedness
wickets	wicket
wicks	wick
widened	widen
widening	widen
widenings	widening
widens	widen
wider	wide
widest	wide
widgeons	widgeon
widgets	widget
widowed	widow
widowers	widower
widowing	widow
widows	widow
widths	width
wielded	wield
wielders	wielder
wielding	wield
wields	wield
wieners	wiener
wigging	wig
wiggled	wiggle
wigglers	wiggler
wiggles	wiggle
wiggling	wiggle
wigs	wig
wigwams	wigwam
wildcats	wildcat
wildcatting	wildcat
wilder	wild
wildernesses	wilderness
wildest	wild
wildfires	wildfire
wildflowers	wildflower
wilds	wild
wildwoods	wildwood
wiled	wile
wiles	wile
wilier	wily
wiliest	wily
wiling	wile
willed	will
willing	will
willowing	willow
willows	willow
wills	will
wilted	wilt
wilting	wilt
wilts	wilt
wimping	wimp
wimpled	wimple
wimples	wimple
wimps	wimp
winced	wince
winces	wince
winched	winch
winches	winch
winching	winch
wincing	wince
windbreaks	windbreak
winders	winder
windfalls	windfall
windier	windy
windies	windy
windiest	windy
winding	wind
windings	winding
windlassed	windlass
windlasses	windlass
windmills	windmill
windowpanes	windowpane
windows	window
windowsills	windowsill
windpipes	windpipe
windproofing	windproof
windproofs	windproof
windrows	windrow
winds	wind
windscreens	windscreen
windshields	windshield
windsocks	windsock
windsurfed	windsurf
windsurfers	windsurfer
windsurfing	windsurf
windsurfs	windsurf
windwards	windward
wined	wine
wineglasses	wineglass
winemakers	winemaker
wineries	winery
wines	wine
wineskins	wineskin
winged	wing
wingers	winger
winging	wing
wingmen	wingman
wingnuts	wingnut
wings	wing
wingspans	wingspan
wingtips	wingtip
wining	wine
winked	wink
winking	wink
winkled	winkle
winkles	winkle
winkling	winkle
winks	wink
winners	winner
winning	win
winnings	winning
winnowed	winnow
winnowing	winnow
winnows	winnow
winos	wino
wins	win
wintered	winter
wintering	winter
winterized	winterize
winterizes	winterize
winterizing	winterize
winters	winter
wiped	wipe
wipeouts	wipeout
wipers	wiper
wipes	wipe
wiping	wipe
wired	wire
wirelessed	wireless
wirelesses	wireless
wires	wire
wiretapped	wiretap
wiretapping	wiretap
wiretaps	wiretap
wirier	wiry
wiriest	wiry
wiring	wire
wisdoms	wisdom
wiseacres	wiseacre
wisecracked	wisecrack
wisecracking	wisecrack
wisecracks	wisecrack
wised	wise
wiser	wise
wisest	wise
wishbones	wishbone
wished	wish
wishes	wish
wishing	wish
wisped	wisp
wispiest	wispy
wisping	wisp
wisps	wisp
witchcrafts	witchcraft
witched	witch
witches	witch
witching	witch
withdrawals	withdrawal
withdrawing	withdraw
withdrawn	withdraw
withdraws	withdraw
withdrew	withdraw
withered	wither
withering	wither
witherings	withering
withers	wither
withheld	withhold
withholding	withhold
withholds	withhold
withstanding	withstand
withstands	withstand
withstood	withstand
witnessed	witness
witnesses	witness
witnessing	witness
witnessings	witnessing
wits	wit
witticisms	witticism
wittier	witty
wittiest	witty
wives	wife
wizards	wizard
wizened	wizen
wizzed	wiz
wizzing	wiz
wobbled	wobble
wobbles	wobble
wobblies	wobbly
wobbling	wobble
wobblings	wobbling
woes	woe
wogs	wog
woke	wake
woken	wake
wokking	wok
woks	wok
wolds	wold
wolfed	wolf
wolfhounds	wolfhound
wolfing	wolf
wolfs	wolf
wolves	wolf
wombats	wombat
wombed	womb
wombs	womb
women	woman
won	win
wondered	wonder
wondering	wonder
wonderings	wondering
wonderlands	wonderland
wonderments	wonderment
wonders	wonder
wontons	wonton
woodcarvers	woodcarver
woodcarvings	woodcarving
woodchucks	woodchuck
woodcrafts	woodcraft
woodcuts	woodcut
woodcutters	woodcutter
woodcutting	woodcut
woodlands	woodland
woodpeckers	woodpecker
woodpiles	woodpile
woods	wood
woodsmen	woodsman
woodwinds	woodwind
woodworkers	woodworker
woodworks	woodwork
woodyer	woody
wooed	woo
woofer	woof
woofers	woofer
woofs	woof
wooing	woo
woolier	wooly
woolies	wooly
woollens	woollen
woollier	woolly
woollies	woolly
wools	wool
woos	woo
wops	wop
worded	word
wordier	wordy
wording	word
wordings	wording
words	word
wordsmiths	wordsmith
wore	wear
workaholics	workaholic
workbenches	workbench
workboats	workboat
workbooks	workbook
workdays	workday
worked	work
workers	worker
workforces	workforce
workgrouping	workgroup
workgroups	workgroup
workhorses	workhorse
workhouses	workhouse
working	work
workingmen	workingman
workings	working
workloads	workload
workmates	workmate
workmen	workman
workouts	workout
workpieces	workpiece
workplaces	workplace
workrooms	workroom
works	work
worksheets	worksheet
workshops	workshop
worksites	worksite
workspaces	workspace
workstations	workstation
worktables	worktable
worldlier	worldly
worlds	world
worldviews	worldview
wormed	worm
wormholes	wormhole
worming	worm
worms	worm
worn	wear
worried	worry
worriers	worrier
worries	worry
worrying	worry
worse	bad
worsened	worsen
worsening	worsen
worsens	worsen
worshipped	worship
worshippers	worshipper
worshipping	worship
worships	worship
worst	bad
worsted	worst
worsteds	worsted
worsts	worst
worthier	worthy
worthies	worthy
worthiest	worthy
worts	wort
wots	wot
wound	wind
wounded	wound
wounding	wound
woundings	wounding
wounds	wound
wove	weave
woven	weave
wovens	woven
wowed	wow
wowing	wow
wows	wow
wracked	wrack
wracking	wrack
wracks	wrack
wraiths	wraith
wrangled	wrangle
wranglers	wrangler
wrangles	wrangle
wrangling	wrangle
wranglings	wrangling
wrapped	wrap
wrappers	wrapper
wrapping	wrap
wrappings	wrapping
wraps	wrap
wraths	wrath
wreaked	wreak
wreaking	wreak
wreaks	wreak
wreathed	wreathe
wreathes	wreathe
wreathing	wreathe
wreaths	wreath
wrecked	wreck
wreckers	wrecker
wrecking	wreck
wrecks	wreck
wrenched	wrench
wrenches	wrench
wrenching	wrench
wrens	wren
wrested	wrest
wresting	wrest
wrestled	wrestle
wrestlers	wrestler
wrestles	wrestle
wrestling	wrestle
wrestlings	wrestling
wrests	wrest
wretches	wretch
wriest	wry
wriggled	wriggle
wriggles	wriggle
wriggling	wriggle
wrigglings	wriggling
wrights	wright
wringers	wringer
wringing	wring
wrings	wring
wrinkled	wrinkle
wrinkles	wrinkle
wrinklies	wrinkly
wrinkling	wrinkle
wristbands	wristband
wrists	wrist
wristwatches	wristwatch
writers	writer
writes	write
writhed	writhe
writhes	writhe
writhing	writhe
writhings	writhing
writing	write
writings	writing
writs	writ
written	write
wrongdoers	wrongdoer
wrongdoings	wrongdoing
wronged	wrong
wronging	wrong
wrongs	wrong
wrote	write
wrung	wring
x-rayed	x-ray
x-raying	x-ray
x-rays	x-ray
xenophobics	xenophobic
xerophytes	xerophyte
xeroxed	xerox
xeroxes	xerox
xylophones	xylophone
yachted	yacht
yachting	yacht
yachts	yacht
yachtsmen	yachtsman
yahoos	yahoo
yakking	yak
yaks	yak
yammered	yammer
yammering	yammer
yammers	yammer
yamming	yam
yams	yam
yangs	yang
yanked	yank
yanking	yank
yanks	yank
yapped	yap
yapping	yap
yaps	yap
yardages	yardage
yardarms	yardarm
yardmen	yardman
yards	yard
yardsticks	yardstick
yarmulkes	yarmulke
yarned	yarn
yarning	yarn
yarns	yarn
yarrows	yarrow
yawed	yaw
yawing	yaw
yawled	yawl
yawling	yawl
yawls	yawl
yawned	yawn
yawning	yawn
yawns	yawn
yaws	yaw
yearbooks	yearbook
yearlings	yearling
yearned	yearn
yearning	yearn
yearnings	yearning
yearns	yearn
years	year
yeas	yea
yeasts	yeast
yelled	yell
yelling	yell
yellowed	yellow
yellower	yellow
yellowing	yellow
yellows	yellow
yells	yell
yelped	yelp
yelping	yelp
yelps	yelp
yemenis	yemeni
yens	yen
yeomen	yeoman
yers	yer
yews	yew
yielded	yield
yielders	yielder
yielding	yield
yields	yield
yins	yin
yipped	yip
yipping	yip
yips	yip
yodelled	yodel
yodelling	yodel
yodels	yodel
yoghurts	yoghurt
yogis	yogi
yogurts	yogurt
yoked	yoke
yokels	yokel
yokes	yoke
yoking	yoke
yolked	yolk
yolks	yolk
yorubas	yoruba
younger	young
youngest	young
youngsters	youngster
youths	youth
yowled	yowl
yowling	yowl
yowls	yowl
yuccas	yucca
yugoslavians	yugoslavian
yugoslavs	yugoslav
yummiest	yummy
yuppies	yuppy
yups	yup
yurts	yurt
zagged	zag
zagging	zag
zags	zag
zambians	zambian
zanier	zany
zaniest	zany
zapped	zap
zapping	zap
zaps	zap
zarzuelas	zarzuela
zealots	zealot
zebras	zebra
zeolites	zeolite
zephyrs	zephyr
zeppelins	zeppelin
zeroed	zero
zeroes	zero
zeroing	zero
zeros	zero
zested	zest
zesting	zest
zests	zest
zigged	zig
ziggurats	ziggurat
zigs	zig
zigzagged	zigzag
zigzagging	zigzag
zigzags	zigzag
zillions	zillion
zimbabweans	zimbabwean
zinced	zinc
zincing	zinc
zincs	zinc
zinging	zing
zings	zing
zinnias	zinnia
zionists	zionist
zipped	zip
zippered	zipper
zippers	zipper
zippier	zippy
zipping	zip
zips	zip
zircons	zircon
zits	zit
zodiacs	zodiac
zoetropes	zoetrope
zonals	zonal
zoned	zone
zones	zone
zoning	zone
zonked	zonk
zoologists	zoologist
zoomed	zoom
zooming	zoom
zooms	zoom
zoos	zoo
zoroastrians	zoroastrian
zulus	zulu
zygotes	zygote
